Accession,Clade,Year,Host
LT598537,Arctic A,1977,Vulpes lagopus
AY352488,Arctic A,1988,Vulpes lagopus
KU198460,Arctic A,1989,Alopex lagopus
KU198462,Arctic A,1990,Alopex lagopus
KX036361,Arctic A,1990,Arctic fox
MN233948,Arctic A,1990,arctic fox
MN233949,Arctic A,1990,arctic fox
KU198464,Arctic A,1991,Alopex lagopus
MN233950,Arctic A,1992,arctic fox
KU198466,Arctic A,1993,Alopex lagopus
MN233952,Arctic A,1993,arctic fox
MN233953,Arctic A,1993,arctic fox
MN233955,Arctic A,1993,arctic fox
MN233956,Arctic A,1993,arctic fox
MN234016,Arctic A,1993,arctic fox
MN233958,Arctic A,1994,arctic fox
MG458313,Arctic A,1996,arctic fox
MN234017,Arctic A,1996,arctic fox
KU198467,Arctic A,1997,Alopex lagopus
MN233960,Arctic A,1998,arctic fox
MN233974,Arctic A,1999,arctic fox
MN233975,Arctic A,1999,arctic fox
MN234018,Arctic A,1999,arctic fox
LT909550,Arctic A,2000,Vulpes lagopus
KX036362,Arctic A,2001,Arctic fox
MN233963,Arctic A,2001,arctic fox
KX036364,Arctic A,2002,Arctic fox
KX036365,Arctic A,2002,Arctic fox
KX036366,Arctic A,2002,Arctic fox
MN233977,Arctic A,2002,arctic fox
MN234023,Arctic A,2002,arctic fox
MN233978,Arctic A,2004,arctic fox
MN233982,Arctic A,2006,arctic fox
JN258588,Arctic A,2007,arctic fox
MN233900,Arctic A,2007,arctic fox
MN233967,Arctic A,2007,arctic fox
MN233985,Arctic A,2007,arctic fox
JN258592,Arctic A,2008,arctic fox
MN233968,Arctic A,2008,arctic fox
MN233969,Arctic A,2008,arctic fox
MN233988,Arctic A,2008,arctic fox
KU198472,Arctic A,2012,Alopex lagopus
MN233885,Arctic A,2012,arctic fox
MN233886,Arctic A,2012,arctic fox
MN233892,Arctic A,2012,arctic fox
MN233896,Arctic A,2012,arctic fox
MN233991,Arctic A,2012,arctic fox
MN233992,Arctic A,2012,arctic fox
MN234043,Arctic A,2012,arctic fox
MN234046,Arctic A,2012,arctic fox
KU198476,Arctic A,2013,Alopex lagopus
KU198477,Arctic A,2013,Alopex lagopus
KU198478,Arctic A,2013,Alopex lagopus
LT598538,Arctic A,2013,Vulpes lagopus
LT598539,Arctic A,2013,Vulpes lagopus
LT598541,Arctic A,2013,Vulpes lagopus
MN233973,Arctic A,2013,arctic fox
LT598540,Arctic A,2014,Vulpes lagopus
LT598543,Arctic A,2014,Vulpes lagopus
MN233998,Arctic A,2014,arctic fox
MN234000,Arctic A,2015,arctic fox
MN234002,Arctic A,2015,arctic fox
MN234004,Arctic A,2015,arctic fox
KX954123,Arctic A,2016,Vulpes lagopus
MN234008,Arctic A,2017,arctic fox
MN234055,Arctic A,2017,arctic fox
MN384717,Arctic A,2017,Vulpes lagopus
AY352501,Arctic A,-,Vulpes lagopus
JX987747,Arctic A,-,Arctic fox
EU086182,Asian SEA2a,1994,Canis familiaris
EU086183,Asian SEA2a,1994,Canis familiaris
GU358653,Asian SEA2a,1994,Canis familiaris
KX148264,Asian SEA2a,1994,Canis familiaris
DQ866106,Asian SEA2a,2003,Canis familiaris
DQ866108,Asian SEA2a,2003,Canis familiaris
DQ866109,Asian SEA2a,2003,Canis familiaris
DQ866116,Asian SEA2a,2003,Canis familiaris
JN974870,Asian SEA2a,2003,Canis familiaris
JN974871,Asian SEA2a,2003,Canis familiaris
JN974872,Asian SEA2a,2003,Canis familiaris
DQ866105,Asian SEA2a,2004,Canis familiaris
DQ866110,Asian SEA2a,2004,Canis familiaris
DQ866112,Asian SEA2a,2004,Canis familiaris
HM486355,Asian SEA2a,2004,Canis familiaris
HM486356,Asian SEA2a,2004,Canis familiaris
JN974873,Asian SEA2a,2004,Canis familiaris
DQ866119,Asian SEA2a,2005,Canis familiaris
HM486368,Asian SEA2a,2005,Canis familiaris
JN974824,Asian SEA2a,2005,Canis familiaris
JN974838,Asian SEA2a,2005,Canis familiaris
KT894558,Asian SEA2a,2005,Canis familiaris
GQ472477,Asian SEA2a,2006,Canis familiaris
HM486369,Asian SEA2a,2006,Canis familiaris
JN974828,Asian SEA2a,2006,Canis familiaris
JN974842,Asian SEA2a,2006,Canis familiaris
EU828653,Asian SEA2a,2007,Canis familiaris
FJ866829,Asian SEA2a,2007,Canis familiaris
FJ866830,Asian SEA2a,2007,Canis familiaris
FJ866831,Asian SEA2a,2007,Canis familiaris
GQ472468,Asian SEA2a,2007,Canis familiaris
GQ472470,Asian SEA2a,2007,Canis familiaris
GQ472473,Asian SEA2a,2007,Canis familiaris
HM486379,Asian SEA2a,2007,Canis familiaris
HM486381,Asian SEA2a,2007,Canis familiaris
FJ561726,Asian SEA2a,2008,Canis familiaris
FJ561727,Asian SEA2a,2008,Canis familiaris
FJ561728,Asian SEA2a,2008,Canis familiaris
HM486374,Asian SEA2a,2008,Canis familiaris
JN974823,Asian SEA2a,2008,Canis familiaris
JN974829,Asian SEA2a,2008,Canis familiaris
JN974845,Asian SEA2a,2008,Canis familiaris
JQ970480,Asian SEA2a,2008,Canis familiaris
KT221107,Asian SEA2a,2009,Canis familiaris
KT894572,Asian SEA2a,2010,Canis familiaris
MG201879,Asian SEA2a,2010,Canis familiaris
MG201880,Asian SEA2a,2010,Canis familiaris
KT894573,Asian SEA2a,2011,Canis familiaris
MG201919,Asian SEA2a,2011,Canis familiaris
MG201884,Asian SEA2a,2012,Canis familiaris
MG201921,Asian SEA2a,2012,Canis familiaris
KT894577,Asian SEA2a,2013,Canis familiaris
KT894578,Asian SEA2a,2013,Canis familiaris
KY451767,Asian SEA2a,2015,Canis familiaris
MN784132,Asian SEA2a,2016,Canis familiaris
DQ666289,Asian SEA2a,,Canis familiaris
DQ666290,Asian SEA2a,,Canis familiaris
JF819605,Asian SEA2a,,Canis familiaris
JF819615,Asian SEA2a,,Canis familiaris
FJ719755,Asian SEA2b,2008,ferret badger
FJ719753,Asian SEA2b,2008,ferret badger
FJ719751,Asian SEA2b,2008,ferret badger
FJ712196,Asian SEA2b,2008,Chinese ferret badger
FJ712195,Asian SEA2b,2008,Chinese ferret badger
JN974877,Asian SEA2b,2008,ferret badger
HQ118114,Asian SEA2b,2008,ferret badger
GU647092,Asian SEA2b,2008,Melogale moschata (Chinese ferret badger)
FJ598135,Asian SEA2b,2008,Melogale moschata (Chinese Ferret badger)
KP319191,Asian SEA2b,2009,Chinese ferret badger
KP319188,Asian SEA2b,2009,Chinese ferret badger
KP319187,Asian SEA2b,2009,Chinese ferret badger
KP319186,Asian SEA2b,2009,Chinese ferret badger
KP319185,Asian SEA2b,2009,Chinese ferret badger
KF726852,Asian SEA2b,2009,Melogale moschata (ferret badger)
KP319195,Asian SEA2b,2011,Chinese ferret badger
KP319194,Asian SEA2b,2011,Chinese ferret badger
KP319193,Asian SEA2b,2011,Chinese ferret badger
KP319199,Asian SEA2b,2012,Chinese ferret badger
JQ950448,Asian SEA2b,2012,ferret badger
JQ950446,Asian SEA2b,2012,Melogale
KP319207,Asian SEA2b,2013,Chinese ferret badger
KP319206,Asian SEA2b,2013,Chinese ferret badger
KP319205,Asian SEA2b,2013,Chinese ferret badger
KP319204,Asian SEA2b,2013,Chinese ferret badger
KP319203,Asian SEA2b,2013,Chinese ferret badger
KP319201,Asian SEA2b,2013,Chinese ferret badger
MT068615,Asian SEA2b,2017,ferret badger
MT068612,Asian SEA2b,2017,ferret badger
KP202393,Bats DR,1988,Desmodus rotundus
KF864234,Bats DR,1994,Desmodus rotundus
KF864322,Bats DR,2006,Desmodus rotundus
MW579824,Bats DR,2006,Desmodus rotundus
MW579833,Bats DR,2007,Desmodus rotundus
KF864397,Bats DR,2008,Desmodus rotundus
KT023101,Bats DR,2010,Desmodus rotundus
KF656696,Bats DR,2012,Desmodus rotundus
KM594040,Bats DR,2013,Desmodus rotundus
KM594041,Bats DR,2013,Desmodus rotundus
KM594042,Bats DR,2013,Desmodus rotundus
MW579820,Bats DR,2013,Desmodus rotundus
MW579786,Bats DR,2014,Desmodus rotundus
MT891038,Bats DR,2016,Desmodus rotundus
MW249020,Bats DR,2016,Desmodus rotundus
MN968374,Bats DR,2018,Desmodus rotundus
MN968375,Bats DR,2018,Desmodus rotundus
MN968377,Bats DR,2018,Desmodus rotundus
MN968386,Bats DR,2018,Desmodus rotundus
PQ379836,Bats DR,2021,Desmodus rotundus
PQ379834,Bats DR,2022,Desmodus rotundus
PQ671599,Bats DR,2022,Desmodus rotundus
PQ671601,Bats DR,2022,Desmodus rotundus
PQ379829,Bats DR,2023,Desmodus rotundus
PQ379831,Bats DR,2023,Desmodus rotundus
PQ379832,Bats DR,2023,Desmodus rotundus
PQ379849,Bats DR,2023,Desmodus rotundus
PQ510120,Bats DR,2024,Desmodus rotundus
PQ603086,Bats DR,2024,Desmodus rotundus
AB519642,Bats DR,,Desmodus rotundus
AF070449,Bats DR,,Desmodus rotundus
AF351847,Bats DR,,Desmodus rotundus
AF351852,Bats DR,,Desmodus rotundus
AY854587,Bats DR,,Desmodus rotundus
AY854592,Bats DR,,Desmodus rotundus
AY854594,Bats DR,,Desmodus rotundus
AY877433,Bats DR,,Desmodus rotundus
AY877434,Bats DR,,Desmodus rotundus
AY877435,Bats DR,,Desmodus rotundus
GU592648,Bats DR,,Desmodus rotundus
GU644657,Bats EF-E2,2003,Eptesicus fuscus
GU644658,Bats EF-E2,2003,Eptesicus fuscus
GU644659,Bats EF-E2,2003,Eptesicus fuscus
GU644660,Bats EF-E2,2003,Eptesicus fuscus
GU644661,Bats EF-E2,2003,Eptesicus fuscus
GU644662,Bats EF-E2,2003,Eptesicus fuscus
GU644663,Bats EF-E2,2003,Eptesicus fuscus
GU644664,Bats EF-E2,2003,Eptesicus fuscus
GU644684,Bats EF-E2,2003,Eptesicus fuscus
GU644652,Bats EF-E2,2004,Eptesicus fuscus
GU644676,Bats EF-E2,2004,Eptesicus fuscus
GU644677,Bats EF-E2,2004,Eptesicus fuscus
GU644689,Bats EF-E2,2004,Eptesicus fuscus
GU644690,Bats EF-E2,2004,Eptesicus fuscus
GU644654,Bats EF-E2,2005,Eptesicus fuscus
GU644655,Bats EF-E2,2005,Eptesicus fuscus
GU644656,Bats EF-E2,2005,Eptesicus fuscus
GU644665,Bats EF-E2,2005,Eptesicus fuscus
GU644666,Bats EF-E2,2005,Eptesicus fuscus
GU644667,Bats EF-E2,2005,Eptesicus fuscus
GU644668,Bats EF-E2,2005,Eptesicus fuscus
GU644669,Bats EF-E2,2005,Eptesicus fuscus
GU644670,Bats EF-E2,2005,Eptesicus fuscus
GU644671,Bats EF-E2,2005,Eptesicus fuscus
GU644695,Bats EF-E2,2005,Eptesicus fuscus
AF351828,Bats EF-E2,,Eptesicus fuscus
AF351831,Bats EF-E2,,Eptesicus fuscus
AF351832,Bats EF-E2,,Eptesicus fuscus
AF351833,Bats EF-E2,,Eptesicus fuscus
AF351855,Bats EF-E2,,Eptesicus fuscus
AF351861,Bats EF-E2,,Eptesicus fuscus
AF351862,Bats EF-E2,,Eptesicus fuscus
AY039227,Bats EF-E2,,Eptesicus fuscus
AY039228,Bats EF-E2,,Eptesicus fuscus
AY039229,Bats EF-E2,,Eptesicus fuscus
GU644719,Bats LC,1998,Lasiurus cinereus
GU644717,Bats LC,2004,Lasiurus cinereus
GU644718,Bats LC,2004,Lasiurus cinereus
GU644720,Bats LC,2004,Lasiurus cinereus
JQ685947,Bats LC,2004,Lasiurus cinereus
GU644712,Bats LC,2005,Lasiurus cinereus
GU644713,Bats LC,2005,Lasiurus cinereus
GU644714,Bats LC,2005,Lasiurus cinereus
GU644715,Bats LC,2005,Lasiurus cinereus
GU644716,Bats LC,2005,Lasiurus cinereus
GU644721,Bats LC,2005,Lasiurus cinereus
AF351845,Bats LC,,Lasiurus cinereus
AF351846,Bats LC,,Lasiurus cinereus
AF351858,Bats LC,,Lasiurus cinereus
AF394883,Bats LC,,Lasiurus cinereus
AF394884,Bats LC,,Lasiurus cinereus
GU644765,Bats TB1,2002,Tadarida brasiliensis
GU644766,Bats TB1,2003,Tadarida brasiliensis
GU644767,Bats TB1,2003,Tadarida brasiliensis
GU644768,Bats TB1,2003,Tadarida brasiliensis
GU644769,Bats TB1,2003,Tadarida brasiliensis
GU644770,Bats TB1,2003,Tadarida brasiliensis
GU644771,Bats TB1,2003,Tadarida brasiliensis
GU644772,Bats TB1,2003,Tadarida brasiliensis
GU644773,Bats TB1,2003,Tadarida brasiliensis
GU644774,Bats TB1,2003,Tadarida brasiliensis
GU644784,Bats TB1,2003,Tadarida brasiliensis
GU644785,Bats TB1,2003,Tadarida brasiliensis
GU644786,Bats TB1,2003,Tadarida brasiliensis
GU644787,Bats TB1,2003,Tadarida brasiliensis
JQ685905,Bats TB1,2003,Tadarida brasiliensis
GU644775,Bats TB1,2004,Tadarida brasiliensis
GU644776,Bats TB1,2004,Tadarida brasiliensis
GU644777,Bats TB1,2004,Tadarida brasiliensis
GU644778,Bats TB1,2004,Tadarida brasiliensis
GU644779,Bats TB1,2004,Tadarida brasiliensis
GU644780,Bats TB1,2004,Tadarida brasiliensis
GU644781,Bats TB1,2004,Tadarida brasiliensis
GU644782,Bats TB1,2004,Tadarida brasiliensis
GU644788,Bats TB1,2004,Tadarida brasiliensis
GU644760,Bats TB1,2005,Tadarida brasiliensis
GU644761,Bats TB1,2005,Tadarida brasiliensis
GU644762,Bats TB1,2005,Tadarida brasiliensis
GU644763,Bats TB1,2005,Tadarida brasiliensis
GU644764,Bats TB1,2005,Tadarida brasiliensis
AF351849,Bats TB1,,Tadarida brasiliensis
AF394876,Bats TB1,,Tadarida brasiliensis
KX148203,Cosmopolitan AF1b,1986,Canis familiaris
KT336433,Cosmopolitan AF1b,1991,Canis familiaris
KT336434,Cosmopolitan AF1b,1992,Canis familiaris
KX148204,Cosmopolitan AF1b,1992,Canis familiaris
KX148208,Cosmopolitan AF1b,1992,Canis familiaris
KT336435,Cosmopolitan AF1b,1993,Canis familiaris
KY563717,Cosmopolitan AF1b,1994,Canis familiaris
EU853582,Cosmopolitan AF1b,1995,Canis familiaris
HM179506,Cosmopolitan AF1b,1996,Canis familiaris
KX148206,Cosmopolitan AF1b,1996,Canis familiaris
AB284509,Cosmopolitan AF1b,2000,Canis lupus familiaris
AB284511,Cosmopolitan AF1b,2000,Canis lupus familiaris
EU853590,Cosmopolitan AF1b,2000,Canis familiaris
EU853586,Cosmopolitan AF1b,2003,Canis familiaris
KR906741,Cosmopolitan AF1b,2003,Canis familiaris
AB284514,Cosmopolitan AF1b,2004,Canis lupus familiaris
EU853584,Cosmopolitan AF1b,2004,Canis familiaris
HM179505,Cosmopolitan AF1b,2004,Canis familiaris
KR906739,Cosmopolitan AF1b,2004,Canis familiaris
AB284512,Cosmopolitan AF1b,2005,Canis lupus familiaris
AB284513,Cosmopolitan AF1b,2005,Canis lupus familiaris
EU853587,Cosmopolitan AF1b,2006,Canis familiaris
HM179504,Cosmopolitan AF1b,2006,Canis familiaris
KR534219,Cosmopolitan AF1b,2007,Canis familiaris
OP375407,Cosmopolitan AF1b,2007,Canis familiaris
KR534217,Cosmopolitan AF1b,2008,Canis familiaris
KR534218,Cosmopolitan AF1b,2008,Canis familiaris
KR906735,Cosmopolitan AF1b,2008,Canis familiaris
KR906736,Cosmopolitan AF1b,2008,Canis familiaris
KR906742,Cosmopolitan AF1b,2009,Canis familiaris
OP375406,Cosmopolitan AF1b,2009,Canis familiaris
KF155002,Cosmopolitan AF1b,2010,Canis familiaris
KR534228,Cosmopolitan AF1b,2010,Canis familiaris
KR534229,Cosmopolitan AF1b,2010,Canis familiaris
KR534230,Cosmopolitan AF1b,2010,Canis familiaris
KR906744,Cosmopolitan AF1b,2010,Canis familiaris
KR906745,Cosmopolitan AF1b,2010,Canis familiaris
KR906746,Cosmopolitan AF1b,2010,Canis familiaris
KR906747,Cosmopolitan AF1b,2010,Canis familiaris
KR906748,Cosmopolitan AF1b,2010,Canis familiaris
KR906749,Cosmopolitan AF1b,2010,Canis familiaris
KR906757,Cosmopolitan AF1b,2010,Canis familiaris
KR906759,Cosmopolitan AF1b,2010,Canis familiaris
KR906762,Cosmopolitan AF1b,2010,Canis familiaris
KR906763,Cosmopolitan AF1b,2010,Canis familiaris
KR906765,Cosmopolitan AF1b,2010,Canis familiaris
KR906766,Cosmopolitan AF1b,2010,Canis familiaris
KY210224,Cosmopolitan AF1b,2010,Canis familiaris
KR534233,Cosmopolitan AF1b,2011,Canis familiaris
KR534238,Cosmopolitan AF1b,2011,Canis familiaris
KR534244,Cosmopolitan AF1b,2011,Canis familiaris
KR534250,Cosmopolitan AF1b,2011,Canis familiaris
KR534251,Cosmopolitan AF1b,2011,Canis familiaris
KR534252,Cosmopolitan AF1b,2011,Canis familiaris
KR534253,Cosmopolitan AF1b,2011,Canis familiaris
KR906751,Cosmopolitan AF1b,2011,Canis familiaris
KR906756,Cosmopolitan AF1b,2011,Canis familiaris
KR906767,Cosmopolitan AF1b,2011,Canis familiaris
KR906770,Cosmopolitan AF1b,2011,Canis familiaris
KR906773,Cosmopolitan AF1b,2011,Canis familiaris
KR906780,Cosmopolitan AF1b,2011,Canis familiaris
KY210243,Cosmopolitan AF1b,2011,Canis familiaris
KY210279,Cosmopolitan AF1b,2011,Canis familiaris
LC029890,Cosmopolitan AF1b,2011,Canis familiaris
KR906784,Cosmopolitan AF1b,2012,Canis familiaris
KR906790,Cosmopolitan AF1b,2012,Canis familiaris
KR906792,Cosmopolitan AF1b,2012,Canis familiaris
KT336432,Cosmopolitan AF1b,2012,Canis familiaris
KT336436,Cosmopolitan AF1b,2012,Canis familiaris
KT336437,Cosmopolitan AF1b,2012,Canis familiaris
KY210247,Cosmopolitan AF1b,2012,Canis familiaris
KY210249,Cosmopolitan AF1b,2012,Canis familiaris
KY210287,Cosmopolitan AF1b,2012,Canis familiaris
KY210304,Cosmopolitan AF1b,2012,Canis familiaris
KY210253,Cosmopolitan AF1b,2013,Canis familiaris
KY210263,Cosmopolitan AF1b,2013,Canis familiaris
KY210264,Cosmopolitan AF1b,2013,Canis familiaris
MN726804,Cosmopolitan AF1b,2015,Canis familiaris
MT454631,Cosmopolitan AF1b,2015,Canis familiaris
MT454635,Cosmopolitan AF1b,2015,Canis familiaris
OP375414,Cosmopolitan AF1b,2015,Canis familiaris
OP375415,Cosmopolitan AF1b,2015,Canis familiaris
OR045949,Cosmopolitan AF1b,2015,Canis familiaris
MN726826,Cosmopolitan AF1b,2016,Canis familiaris
MT454637,Cosmopolitan AF1b,2016,Canis familiaris
MT454641,Cosmopolitan AF1b,2016,Canis familiaris
OP375410,Cosmopolitan AF1b,2016,Canis familiaris
OP375413,Cosmopolitan AF1b,2016,Canis familiaris
OP375418,Cosmopolitan AF1b,2016,Canis familiaris
OP375421,Cosmopolitan AF1b,2016,Canis familiaris
OR045939,Cosmopolitan AF1b,2016,Canis familiaris
MN726827,Cosmopolitan AF1b,2017,Canis familiaris
MT454643,Cosmopolitan AF1b,2017,Canis familiaris
MT454644,Cosmopolitan AF1b,2017,Canis familiaris
MT454645,Cosmopolitan AF1b,2017,Canis familiaris
OK317992,Cosmopolitan AF1b,2017,Canis familiaris
OK317995,Cosmopolitan AF1b,2017,Canis familiaris
OK317998,Cosmopolitan AF1b,2017,Canis familiaris
OP375423,Cosmopolitan AF1b,2017,Canis familiaris
OK317993,Cosmopolitan AF1b,2018,Canis familiaris
OK317996,Cosmopolitan AF1b,2018,Canis familiaris
OK317999,Cosmopolitan AF1b,2018,Canis familiaris
OR270973,Cosmopolitan AF1b,2021,Canis familiaris
OR270979,Cosmopolitan AF1b,2022,Canis familiaris
OR270997,Cosmopolitan AF1b,2022,Canis familiaris
OR270998,Cosmopolitan AF1b,2022,Canis familiaris
OR270999,Cosmopolitan AF1b,2022,Canis familiaris
OR271001,Cosmopolitan AF1b,2022,Canis familiaris
OR271003,Cosmopolitan AF1b,2022,Canis familiaris
PV855388,Cosmopolitan AF1b,2022,Canis familiaris
PV855390,Cosmopolitan AF1b,2022,Canis familiaris
PV855392,Cosmopolitan AF1b,2022,Canis familiaris
PV855393,Cosmopolitan AF1b,2022,Canis familiaris
PV855394,Cosmopolitan AF1b,2022,Canis familiaris
PV855397,Cosmopolitan AF1b,2022,Canis familiaris
PV855415,Cosmopolitan AF1b,2022,Canis familiaris
AY854544,Cosmopolitan AM2a,2000,mongoose
AY854567,Cosmopolitan AM2a,2000,mongoose
AY854576,Cosmopolitan AM2a,2000,mongoose
AY854505,Cosmopolitan AM2a,2001,mongoose
AY854525,Cosmopolitan AM2a,2001,mongoose
AY854573,Cosmopolitan AM2a,2001,mongoose
AY854531,Cosmopolitan AM2a,2002,mongoose
AY854546,Cosmopolitan AM2a,2002,mongoose
AY854558,Cosmopolitan AM2a,2002,mongoose
JQ685938,RAC-SK SCSK,2009,Mephitis mephitis
JQ685968,RAC-SK SCSK,2009,Mephitis mephitis
MW055084,RAC-SK SCSK,2017,skunk
MW055085,RAC-SK SCSK,2017,skunk
MW055086,RAC-SK SCSK,2017,skunk
MW055087,RAC-SK SCSK,2017,skunk
EU345002,RAC-SK SCSK,,skunk
EU345003,RAC-SK SCSK,,skunk
EU345004,RAC-SK SCSK,,skunk