"","codons","hamming"
"1","TTT","0.888888888888889"
"2","TTC","0.888888888888889"
"3","TTA","0.777777777777778"
"4","TTG","0.777777777777778"
"5","CTT","0.666666666666667"
"6","CTC","0.666666666666667"
"7","CTA","0.555555555555556"
"8","CTG","0.555555555555556"
"9","ATT","0.777777777777778"
"10","ATC","0.777777777777778"
"11","ATA","0.777777777777778"
"12","GTT","0.666666666666667"
"13","GTC","0.666666666666667"
"14","GTA","0.666666666666667"
"15","GTG","0.666666666666667"
"16","TCT","0.666666666666667"
"17","TCC","0.666666666666667"
"18","TCA","0.666666666666667"
"19","TCG","0.666666666666667"
"20","AGT","0.888888888888889"
"21","AGC","0.888888888888889"
"22","CCT","0.666666666666667"
"23","CCC","0.666666666666667"
"24","CCA","0.666666666666667"
"25","CCG","0.666666666666667"
"26","ACT","0.666666666666667"
"27","ACC","0.666666666666667"
"28","ACA","0.666666666666667"
"29","ACG","0.666666666666667"
"30","GCT","0.666666666666667"
"31","GCC","0.666666666666667"
"32","GCA","0.666666666666667"
"33","GCG","0.666666666666667"
"34","TAT","0.888888888888889"
"35","TAC","0.888888888888889"
"36","CAT","0.888888888888889"
"37","CAC","0.888888888888889"
"38","CAA","0.888888888888889"
"39","CAG","0.888888888888889"
"40","AAT","0.888888888888889"
"41","AAC","0.888888888888889"
"42","AAA","0.888888888888889"
"43","AAG","0.888888888888889"
"44","GAT","0.888888888888889"
"45","GAC","0.888888888888889"
"46","GAA","0.888888888888889"
"47","GAG","0.888888888888889"
"48","TGT","0.888888888888889"
"49","TGC","0.888888888888889"
"50","CGT","0.666666666666667"
"51","CGC","0.666666666666667"
"52","CGA","0.555555555555556"
"53","CGG","0.555555555555556"
"54","AGA","0.777777777777778"
"55","AGG","0.777777777777778"
"56","GGT","0.666666666666667"
"57","GGC","0.666666666666667"
"58","GGA","0.666666666666667"
"59","GGG","0.666666666666667"
"60","ATG","1"
"61","TGG","1"
