"","Accession","Hamming","Miyata"
"2","DQ666289","6.62","11.3488888888889"
"3","DQ666290","6.63111111111111","11.3271777777778"
"4","DQ866105","6.63111111111111","11.3630888888889"
"5","DQ866106","6.62222222222222","11.3455333333333"
"6","DQ866108","6.62","11.3323111111111"
"7","DQ866109","6.61777777777778","11.3355555555556"
"8","DQ866110","6.62","11.3270444444444"
"9","DQ866112","6.62444444444444","11.3403777777778"
"10","DQ866116","6.62222222222222","11.3406222222222"
"11","DQ866119","6.62222222222222","11.3356"
"12","EU086182","6.61777777777778","11.3100666666667"
"13","EU086183","6.61333333333333","11.3101111111111"
"14","EU159386","6.61777777777778","11.3100666666667"
"15","EU828653","6.61777777777778","11.3214666666667"
"16","FJ561726","6.62444444444444","11.3373555555556"
"17","FJ561727","6.61333333333333","11.3336"
"18","FJ561728","6.62444444444444","11.3499333333333"
"19","FJ866829","6.62666666666667","11.3523777777778"
"20","FJ866830","6.63333333333333","11.3472222222222"
"21","FJ866831","6.61777777777778","11.3482222222222"
"22","GQ472468","6.62","11.3430222222222"
"23","GQ472470","6.62666666666667","11.3370444444444"
"24","GQ472473","6.62222222222222","11.3377777777778"
"25","GQ472477","6.62444444444444","11.3253777777778"
"26","GU358653","6.61333333333333","11.3189111111111"
"27","HM486355","6.61333333333333","11.2839333333333"
"28","HM486356","6.61333333333333","11.2974666666667"
"29","HM486357","6.61333333333333","11.2839333333333"
"30","HM486358","6.61333333333333","11.2839333333333"
"31","HM486359","6.61333333333333","11.2839333333333"
"32","HM486361","6.61333333333333","11.2839333333333"
"33","HM486362","6.61333333333333","11.2839333333333"
"34","HM486364","6.61333333333333","11.2839333333333"
"35","HM486365","6.61333333333333","11.2839333333333"
"36","HM486366","6.61333333333333","11.2839333333333"
"37","HM486367","6.61333333333333","11.2839333333333"
"38","HM486368","6.62444444444444","11.3322666666667"
"39","HM486369","6.61333333333333","11.2809555555556"
"40","HM486370","6.61333333333333","11.2839333333333"
"41","HM486371","6.61333333333333","11.2839333333333"
"42","HM486372","6.61333333333333","11.2839333333333"
"43","HM486373","6.61333333333333","11.2839333333333"
"44","HM486374","6.61333333333333","11.3033111111111"
"45","HM486375","6.61333333333333","11.3033111111111"
"46","HM486379","6.60888888888889","11.276"
"47","HM486380","6.60888888888889","11.276"
"48","HM486381","6.61555555555556","11.3540222222222"
"49","JF819605","6.59111111111111","11.2829111111111"
"50","JF819615","6.61111111111111","11.2766888888889"
"51","JF819622","6.61333333333333","11.2839333333333"
"52","JN974823","6.62666666666667","11.3515111111111"
"53","JN974824","6.62","11.3289555555556"
"54","JN974828","6.62222222222222","11.3366888888889"
"55","JN974829","6.62222222222222","11.3339555555556"
"56","JN974838","6.62","11.3442444444444"
"57","JN974842","6.62666666666667","11.3586666666667"
"58","JN974845","6.62888888888889","11.3476888888889"
"59","JN974854","6.61333333333333","11.2839333333333"
"60","JN974870","6.62444444444444","11.2871111111111"
"61","JN974871","6.62","11.2968222222222"
"62","JN974872","6.61777777777778","11.2961333333333"
"63","JN974873","6.60666666666667","11.2637777777778"
"64","JQ970480","6.62888888888889","11.3471777777778"
"65","KT221107","6.62222222222222","11.3241777777778"
"66","KT894558","6.61777777777778","11.3233777777778"
"67","KT894572","6.62","11.341"
"68","KT894573","6.62222222222222","11.3462"
"69","KT894577","6.61111111111111","11.3208666666667"
"70","KT894578","6.61111111111111","11.3208666666667"
"71","KX148264","6.61555555555556","11.3144888888889"
"72","KY451767","6.62","11.3613777777778"
"73","MG201879","6.61333333333333","11.3377555555556"
"74","MG201880","6.61333333333333","11.3277333333333"
"75","MG201884","6.62222222222222","11.3366888888889"
"76","MG201919","6.62444444444444","11.3480888888889"
"77","MG201921","6.62444444444444","11.329"
"78","AY352488","6.59555555555556","11.3134222222222"
"79","AY352501","6.6","11.3175333333333"
"80","KX954123","6.59555555555556","11.3122444444444"
"81","LT598537","6.59777777777778","11.3148666666667"
"82","LT598538","6.59777777777778","11.3039777777778"
"83","LT598539","6.59777777777778","11.3054444444444"
"84","LT598540","6.59777777777778","11.3037111111111"
"85","LT598541","6.59777777777778","11.3060888888889"
"86","LT598542","6.59777777777778","11.3037111111111"
"87","LT598543","6.59555555555556","11.2975333333333"
"88","LT909550","6.59555555555556","11.3134222222222"
"89","MN384717","6.59555555555556","11.3301333333333"
"90","FJ598135","6.62","11.3125111111111"
"91","FJ712195","6.61111111111111","11.2986444444444"
"92","FJ712196","6.61555555555556","11.2987555555556"
"93","GU647092","6.62","11.3365333333333"
"94","KF726852","6.61555555555556","11.3129777777778"
"95","KP319184","6.61555555555556","11.3129777777778"
"96","KP319185","6.62222222222222","11.3409777777778"
"97","KP319186","6.62444444444444","11.3567555555556"
"98","KP319187","6.62444444444444","11.3456888888889"
"99","KP319188","6.62444444444444","11.3567555555556"
"100","KP319189","6.62444444444444","11.3456888888889"
"101","KP319190","6.62","11.3365333333333"
"102","KP319191","6.61777777777778","11.3251333333333"
"103","KP319192","6.62","11.3365333333333"
"104","KP319193","6.61555555555556","11.3115333333333"
"105","KP319194","6.61333333333333","11.3262222222222"
"106","KP319195","6.61777777777778","11.3288"
"107","KP319196","6.61333333333333","11.3134222222222"
"108","KP319197","6.61333333333333","11.3134222222222"
"109","KP319198","6.61333333333333","11.3134222222222"
"110","KP319199","6.62222222222222","11.3494444444444"
"111","KP319200","6.61333333333333","11.3134222222222"
"112","KP319201","6.62222222222222","11.3494444444444"
"113","KP319202","6.61333333333333","11.3134222222222"
"114","KP319203","6.61777777777778","11.3173333333333"
"115","KP319204","6.61777777777778","11.3209111111111"
"116","KP319205","6.60222222222222","11.3154222222222"
"117","KP319206","6.62222222222222","11.3408666666667"
"118","KP319207","6.62222222222222","11.3408666666667"
"119","KP319208","6.61333333333333","11.3134222222222"
"120","KP319209","6.61333333333333","11.3134222222222"
"121","KP319210","6.61333333333333","11.3134222222222"
"122","KP319211","6.61333333333333","11.3134222222222"
"123","KP319212","6.61777777777778","11.3209111111111"
"124","KP319213","6.61333333333333","11.3134222222222"
"125","AB519642","6.60666666666667","11.2331111111111"
"126","AF070449","6.61111111111111","11.2585555555556"
"127","AF351847","6.61111111111111","11.2268666666667"
"128","AF351852","6.60888888888889","11.2441555555556"
"129","AY854587","6.61111111111111","11.2438"
"130","AY854592","6.62222222222222","11.2793777777778"
"131","AY854594","6.62222222222222","11.2706444444444"
"132","AY877433","6.60888888888889","11.2134"
"133","AY877434","6.61333333333333","11.2748666666667"
"134","AY877435","6.62","11.2924222222222"
"135","GU592648","6.60888888888889","11.2273555555556"
"136","KF656696","6.62444444444444","11.2826666666667"
"137","KF656697","6.62444444444444","11.2826666666667"
"138","KF864234","6.61333333333333","11.2725333333333"
"139","KF864322","6.61111111111111","11.2596222222222"
"140","KF864397","6.61555555555556","11.2741111111111"
"141","KM594040","6.61333333333333","11.2628222222222"
"142","KM594041","6.61777777777778","11.2442444444444"
"143","KM594042","6.61333333333333","11.2628222222222"
"144","KP202393","6.62222222222222","11.2652222222222"
"145","KT023101","6.62222222222222","11.2610222222222"
"146","KU523255","6.62222222222222","11.2610222222222"
"147","MN968374","6.62888888888889","11.2815555555556"
"148","MN968375","6.62666666666667","11.2859777777778"
"149","MN968376","6.62666666666667","11.2859777777778"
"150","MN968377","6.62222222222222","11.2735777777778"
"151","MN968378","6.62222222222222","11.2735777777778"
"152","MN968379","6.62222222222222","11.2735777777778"
"153","MN968380","6.62222222222222","11.2735777777778"
"154","MN968381","6.62222222222222","11.2735777777778"
"155","MN968382","6.62222222222222","11.2735777777778"
"156","MN968383","6.62222222222222","11.2735777777778"
"157","MN968384","6.62222222222222","11.2735777777778"
"158","MN968385","6.62222222222222","11.2735777777778"
"159","MN968386","6.62222222222222","11.2735777777778"
"160","MN968387","6.62666666666667","11.2859777777778"
"161","MT891038","6.61555555555556","11.2507111111111"
"162","MW249020","6.61333333333333","11.2733333333333"
"163","MW249021","6.61555555555556","11.2507111111111"
"164","AB284509","6.59333333333333","11.2490666666667"
"165","AB284510","6.59333333333333","11.2490666666667"
"166","AB284511","6.59333333333333","11.2534222222222"
"167","AB284512","6.59333333333333","11.2490666666667"
"168","AB284513","6.59777777777778","11.2576"
"169","AB284514","6.59333333333333","11.2408"
"170","AB285215","6.59333333333333","11.2490666666667"
"171","EU853582","6.60444444444444","11.3124444444444"
"172","EU853584","6.60222222222222","11.2667111111111"
"173","EU853585","6.60222222222222","11.2667111111111"
"174","EU853586","6.6","11.2569777777778"
"175","EU853587","6.59777777777778","11.2653555555555"
"176","EU853588","6.59777777777778","11.2653555555555"
"177","EU853589","6.59777777777778","11.2653555555555"
"178","EU853590","6.6","11.2592222222222"
"179","HM179504","6.58666666666667","11.2450222222222"
"180","HM179505","6.59555555555556","11.2818888888889"
"181","HM179506","6.6","11.2638444444444"
"182","KF155002","6.60666666666667","11.3109333333333"
"183","KR534217","6.61111111111111","11.3160444444444"
"184","KR534218","6.61111111111111","11.3128"
"185","KR534219","6.60444444444444","11.2888888888889"
"186","KR534220","6.61111111111111","11.3128"
"187","KR534228","6.60444444444444","11.2886888888889"
"188","KR534229","6.60444444444444","11.3044"
"189","KR534230","6.60222222222222","11.2859111111111"
"190","KR534231","6.60444444444444","11.2886888888889"
"191","KR534233","6.60222222222222","11.3032"
"192","KR534238","6.60444444444444","11.2886888888889"
"193","KR534244","6.60444444444444","11.3011555555556"
"194","KR534247","6.60444444444444","11.3011555555556"
"195","KR534249","6.60444444444444","11.3011555555556"
"196","KR534250","6.60444444444444","11.3011555555556"
"197","KR534251","6.60444444444444","11.2888888888889"
"198","KR534252","6.60666666666667","11.3115555555556"
"199","KR534253","6.60444444444444","11.3011555555556"
"200","KR906734","6.60444444444444","11.2888888888889"
"201","KR906735","6.60666666666667","11.2979333333333"
"202","KR906736","6.60666666666667","11.2984"
"203","KR906739","6.59777777777778","11.2765333333333"
"204","KR906741","6.60444444444444","11.3019111111111"
"205","KR906742","6.60666666666667","11.3096888888889"
"206","KR906743","6.60444444444444","11.2886888888889"
"207","KR906744","6.59777777777778","11.2765333333333"
"208","KR906745","6.60444444444444","11.2915333333333"
"209","KR906746","6.59555555555556","11.2663111111111"
"210","KR906747","6.59555555555556","11.2663111111111"
"211","KR906748","6.59333333333333","11.2743111111111"
"212","KR906749","6.60444444444444","11.2892666666667"
"213","KR906750","6.60666666666667","11.3096888888889"
"214","KR906751","6.59777777777778","11.2597111111111"
"215","KR906752","6.59333333333333","11.2743111111111"
"216","KR906754","6.60666666666667","11.3096888888889"
"217","KR906755","6.60444444444444","11.3011555555556"
"218","KR906756","6.60444444444444","11.3032666666667"
"219","KR906757","6.60222222222222","11.2596444444444"
"220","KR906759","6.60666666666667","11.2942888888889"
"221","KR906760","6.60222222222222","11.3032"
"222","KR906762","6.60444444444444","11.2969777777778"
"223","KR906763","6.60888888888889","11.2965111111111"
"224","KR906765","6.60666666666667","11.2996888888889"
"225","KR906766","6.60666666666667","11.2984"
"226","KR906767","6.60444444444444","11.3014"
"227","KR906768","6.60666666666667","11.3096888888889"
"228","KR906770","6.60444444444444","11.2814888888889"
"229","KR906771","6.60444444444444","11.3011555555556"
"230","KR906772","6.60222222222222","11.3032"
"231","KR906773","6.60444444444444","11.3011555555556"
"232","KR906774","6.60444444444444","11.2888888888889"
"233","KR906776","6.60444444444444","11.2814888888889"
"234","KR906780","6.60444444444444","11.3011555555556"
"235","KR906782","6.60444444444444","11.3011555555556"
"236","KR906784","6.60444444444444","11.2814888888889"
"237","KR906789","6.60444444444444","11.2814888888889"
"238","KR906790","6.60222222222222","11.3169111111111"
"239","KR906792","6.60222222222222","11.3055777777778"
"240","KT336432","6.6","11.2789777777778"
"241","KT336433","6.59111111111111","11.2615777777778"
"242","KT336434","6.59111111111111","11.2681777777778"
"243","KT336435","6.58666666666667","11.2350444444444"
"244","KT336436","6.59555555555556","11.2659111111111"
"245","KT336437","6.58222222222222","11.2167333333333"
"246","KX148203","6.59111111111111","11.2682"
"247","KX148204","6.59777777777778","11.2967777777778"
"248","KX148205","6.60444444444444","11.3124444444444"
"249","KX148206","6.60444444444444","11.2911333333333"
"250","KX148208","6.60666666666667","11.2835333333333"
"251","KY210222","6.61111111111111","11.3160444444444"
"252","KY210223","6.60444444444444","11.2888888888889"
"253","KY210224","6.60444444444444","11.3011555555556"
"254","KY210226","6.60444444444444","11.3011555555556"
"255","KY210227","6.60444444444444","11.2814888888889"
"256","KY210229","6.60444444444444","11.3011555555556"
"257","KY210231","6.60444444444444","11.3011555555556"
"258","KY210232","6.60444444444444","11.3011555555556"
"259","KY210234","6.60444444444444","11.3011555555556"
"260","KY210235","6.60444444444444","11.3011555555556"
"261","KY210238","6.60444444444444","11.3011555555556"
"262","KY210239","6.60444444444444","11.3011555555556"
"263","KY210243","6.60666666666667","11.3056"
"264","KY210244","6.60444444444444","11.3011555555556"
"265","KY210245","6.60222222222222","11.3169111111111"
"266","KY210247","6.60666666666667","11.3108888888889"
"267","KY210248","6.60444444444444","11.3011555555556"
"268","KY210249","6.60444444444444","11.3011555555556"
"269","KY210250","6.60444444444444","11.3011555555556"
"270","KY210251","6.60444444444444","11.3011555555556"
"271","KY210252","6.60222222222222","11.3169111111111"
"272","KY210253","6.60222222222222","11.2668444444444"
"273","KY210254","6.60222222222222","11.2668444444444"
"274","KY210255","6.60222222222222","11.2668444444444"
"275","KY210256","6.60222222222222","11.2668444444444"
"276","KY210257","6.60444444444444","11.2814888888889"
"277","KY210258","6.60444444444444","11.3011555555556"
"278","KY210260","6.60444444444444","11.3011555555556"
"279","KY210263","6.60444444444444","11.3124888888889"
"280","KY210264","6.60444444444444","11.2809777777778"
"281","KY210265","6.60444444444444","11.3011555555556"
"282","KY210266","6.60222222222222","11.2668444444444"
"283","KY210267","6.60444444444444","11.3032666666667"
"284","KY210269","6.60444444444444","11.2814888888889"
"285","KY210270","6.60444444444444","11.2814888888889"
"286","KY210271","6.60444444444444","11.3011555555556"
"287","KY210272","6.60444444444444","11.3011555555556"
"288","KY210273","6.60444444444444","11.3011555555556"
"289","KY210278","6.60444444444444","11.3011555555556"
"290","KY210279","6.60222222222222","11.2806666666667"
"291","KY210280","6.60444444444444","11.2888888888889"
"292","KY210281","6.60444444444444","11.2888888888889"
"293","KY210282","6.60444444444444","11.2888888888889"
"294","KY210286","6.60444444444444","11.3011555555556"
"295","KY210287","6.60444444444444","11.3011555555556"
"296","KY210288","6.60444444444444","11.3011555555556"
"297","KY210289","6.60444444444444","11.3011555555556"
"298","KY210290","6.60444444444444","11.3011555555556"
"299","KY210292","6.60444444444444","11.3011555555556"
"300","KY210293","6.60444444444444","11.3011555555556"
"301","KY210294","6.60444444444444","11.2814888888889"
"302","KY210295","6.60444444444444","11.3011555555556"
"303","KY210296","6.60444444444444","11.3011555555556"
"304","KY210299","6.60444444444444","11.3011555555556"
"305","KY210300","6.60444444444444","11.3011555555556"
"306","KY210303","6.60444444444444","11.3011555555556"
"307","KY210304","6.60444444444444","11.2814888888889"
"308","KY210307","6.60444444444444","11.3011555555556"
"309","KY210311","6.60444444444444","11.3124888888889"
"310","KY563717","6.58666666666667","11.2549777777778"
"311","LC029890","6.60444444444444","11.2891555555556"
"312","MN726804","6.60666666666667","11.2974888888889"
"313","MN726826","6.60444444444444","11.2894222222222"
"314","MN726827","6.60444444444444","11.2853333333333"
"315","MT454631","6.6","11.2789777777778"
"316","MT454634","6.6","11.2789777777778"
"317","MT454635","6.6","11.2784666666667"
"318","MT454636","6.6","11.2789777777778"
"319","MT454637","6.6","11.2789777777778"
"320","MT454639","6.6","11.2789777777778"
"321","MT454641","6.6","11.2789777777778"
"322","MT454643","6.6","11.2828222222222"
"323","MT454644","6.59333333333333","11.2605777777778"
"324","MT454645","6.6","11.2828222222222"
"325","AF351828","6.61333333333333","11.2543555555556"
"326","AF351831","6.61333333333333","11.2875333333333"
"327","AF351832","6.61777777777778","11.2555777777778"
"328","AF351833","6.61111111111111","11.2680444444444"
"329","AF351855","6.61333333333333","11.256"
"330","AF351861","6.61555555555556","11.2477333333333"
"331","AF351862","6.61111111111111","11.2556666666667"
"332","AY039227","6.62","11.2933555555556"
"333","AY039228","6.61111111111111","11.2684"
"334","AY039229","6.61333333333333","11.2646444444444"
"335","GU644652","6.61555555555556","11.2731111111111"
"336","GU644654","6.61111111111111","11.2714888888889"
"337","GU644655","6.61111111111111","11.2684"
"338","GU644656","6.61111111111111","11.2684"
"339","GU644657","6.60888888888889","11.2532666666667"
"340","GU644658","6.60888888888889","11.2532666666667"
"341","GU644659","6.61555555555556","11.2643555555556"
"342","GU644660","6.61555555555556","11.2683333333333"
"343","GU644661","6.61555555555556","11.2594666666667"
"344","GU644662","6.61555555555556","11.2683333333333"
"345","GU644663","6.61555555555556","11.2896222222222"
"346","GU644664","6.62","11.2802222222222"
"347","GU644665","6.61777777777778","11.2676222222222"
"348","GU644666","6.61777777777778","11.2739333333333"
"349","GU644667","6.61333333333333","11.2601777777778"
"350","GU644668","6.61555555555556","11.2600666666667"
"351","GU644669","6.61333333333333","11.2569333333333"
"352","GU644670","6.61111111111111","11.2512222222222"
"353","GU644671","6.61111111111111","11.2547555555556"
"354","GU644676","6.60888888888889","11.2472"
"355","GU644677","6.61333333333333","11.2609333333333"
"356","GU644684","6.61333333333333","11.2689555555556"
"357","GU644689","6.61333333333333","11.2639777777778"
"358","GU644690","6.61333333333333","11.2639777777778"
"359","GU644695","6.61333333333333","11.2639777777778"
"360","JQ685925","6.61333333333333","11.2639777777778"
"361","AY352487","6.59555555555556","11.3089111111111"
"362","EF611828","6.59555555555556","11.3068"
"363","EF611830","6.59777777777778","11.3248222222222"
"364","EF611851","6.59555555555556","11.2923111111111"
"365","L20675","6.6","11.3221111111111"
"366","AF351845","6.62444444444444","11.2625111111111"
"367","AF351846","6.62","11.2777333333333"
"368","AF351858","6.61777777777778","11.2724"
"369","AF394883","6.62444444444444","11.2688"
"370","AF394884","6.62888888888889","11.2766888888889"
"371","GU644712","6.62888888888889","11.2762222222222"
"372","GU644713","6.62888888888889","11.2785777777778"
"373","GU644714","6.62888888888889","11.2767333333333"
"374","GU644715","6.62888888888889","11.2762222222222"
"375","GU644716","6.62888888888889","11.2751333333333"
"376","GU644717","6.63111111111111","11.2718"
"377","GU644718","6.62888888888889","11.2679555555556"
"378","GU644719","6.62888888888889","11.2766888888889"
"379","GU644720","6.62888888888889","11.2766888888889"
"380","GU644721","6.62666666666667","11.2704222222222"
"381","JQ685947","6.62888888888889","11.2762222222222"
"382","AF351834","6.63777777777778","11.3178666666667"
"383","AF351840","6.63777777777778","11.3327333333333"
"384","AF351842","6.64222222222222","11.3742"
"385","AF394880","6.63777777777778","11.3248222222222"
"386","JQ685895","6.64222222222222","11.3348666666667"
"387","AY854505","6.58666666666667","11.2411555555556"
"388","AY854525","6.58666666666667","11.2391111111111"
"389","AY854531","6.58","11.2495333333333"
"390","AY854544","6.58","11.2306444444444"
"391","AY854546","6.58","11.2308444444444"
"392","AY854558","6.59333333333333","11.2872222222222"
"393","AY854567","6.58444444444444","11.2489777777778"
"394","AY854573","6.58888888888889","11.2533555555555"
"395","AY854576","6.57555555555556","11.2157555555556"
"396","EU345002","6.61777777777778","11.3092666666667"
"397","EU345003","6.63333333333333","11.3005555555556"
"398","EU345004","6.62","11.2915777777778"
"399","JQ685938","6.63777777777778","11.2903333333333"
"400","JQ685968","6.63333333333333","11.2669111111111"
"401","MW055084","6.62222222222222","11.2872666666667"
"402","MW055085","6.62","11.2956222222222"
"403","MW055086","6.63333333333333","11.2891333333333"
"404","MW055087","6.64","11.2904888888889"
"405","AF351849","6.63333333333333","11.3085555555556"
"406","AF394876","6.62888888888889","11.3146666666667"
"407","GU644760","6.63333333333333","11.2883777777778"
"408","GU644761","6.62666666666667","11.2972888888889"
"409","GU644762","6.62666666666667","11.2817111111111"
"410","GU644763","6.62888888888889","11.2759777777778"
"411","GU644764","6.63111111111111","11.2921777777778"
"412","GU644765","6.63111111111111","11.3009333333333"
"413","GU644766","6.62888888888889","11.2959777777778"
"414","GU644767","6.63333333333333","11.2740444444444"
"415","GU644768","6.63111111111111","11.3004222222222"
"416","GU644769","6.63111111111111","11.2882666666667"
"417","GU644770","6.63111111111111","11.3145777777778"
"418","GU644771","6.62888888888889","11.3050444444444"
"419","GU644772","6.63333333333333","11.3263111111111"
"420","GU644773","6.63333333333333","11.2725555555556"
"421","GU644774","6.63111111111111","11.3004222222222"
"422","GU644775","6.63777777777778","11.2969333333333"
"423","GU644776","6.63111111111111","11.3009333333333"
"424","GU644777","6.63111111111111","11.3004222222222"
"425","GU644778","6.63333333333333","11.3060222222222"
"426","GU644779","6.62888888888889","11.2948222222222"
"427","GU644780","6.63111111111111","11.3006222222222"
"428","GU644781","6.62888888888889","11.3090222222222"
"429","GU644782","6.62666666666667","11.2977555555556"
"430","GU644783","6.62666666666667","11.2977555555556"
"431","GU644784","6.63333333333333","11.3008222222222"
"432","GU644785","6.63111111111111","11.2971333333333"
"433","GU644786","6.62666666666667","11.2966666666667"
"434","GU644787","6.62444444444444","11.2662222222222"
"435","GU644788","6.63111111111111","11.2812888888889"
"436","JQ685905","6.62888888888889","11.3048444444444"
