"","codons","hamming","miyata"
"1","TTT","8","10.1"
"2","TTC","8","10.1"
"3","TTA","7","25.35"
"4","TTG","7","17.35"
"5","CTT","6","9.59"
"6","CTC","6","9.59"
"7","CTA","5","9.07"
"8","CTG","5","9.34"
"9","ATT","7","10.35"
"10","ATC","7","10.35"
"11","ATA","7","8.89"
"12","GTT","6","11.2"
"13","GTC","6","11.2"
"14","GTA","6","10.25"
"15","GTG","6","10.02"
"16","TCT","6","10.58"
"17","TCC","6","10.58"
"18","TCA","6","25"
"19","TCG","6","19.38"
"20","AGT","8","16.06"
"21","AGC","8","16.06"
"22","CCT","6","9.24"
"23","CCC","6","9.24"
"24","CCA","6","9.01"
"25","CCG","6","9.01"
"26","ACT","6","7.09"
"27","ACC","6","7.09"
"28","ACA","6","8.93"
"29","ACG","6","8.65"
"30","GCT","6","6.6"
"31","GCC","6","6.6"
"32","GCA","6","6.69"
"33","GCG","6","6.69"
"34","TAT","8","35.83"
"35","TAC","8","35.83"
"36","CAT","8","11.48"
"37","CAC","8","11.48"
"38","CAA","8","18.29"
"39","CAG","8","18.29"
"40","AAT","8","15.12"
"41","AAC","8","15.12"
"42","AAA","8","21.22"
"43","AAG","8","21.01"
"44","GAT","8","16.26"
"45","GAC","8","16.26"
"46","GAA","8","21.99"
"47","GAG","8","21.99"
"48","TGT","8","26.92"
"49","TGC","8","26.92"
"50","CGT","6","15.72"
"51","CGC","6","15.72"
"52","CGA","5","20.23"
"53","CGG","5","12.95"
"54","AGA","7","23.98"
"55","AGG","7","16.5"
"56","GGT","6","12.69"
"57","GGC","6","12.69"
"58","GGA","6","23.61"
"59","GGG","6","18.74"
"60","ATG","9","9.09"
"61","TGG","9","43.36"
