"","PC1","PC2","PC3","PC4","PC5","PC6","PC7","PC8","PC9","PC10","PC11","PC12","PC13","PC14","PC15","PC16","PC17","PC18","PC19","PC20","PC21","PC22","PC23","PC24","PC25","PC26","PC27","PC28","PC29","PC30","PC31","PC32","PC33","PC34","PC35","PC36","PC37","PC38","PC39","PC40","PC41","PC42","PC43","PC44","PC45","PC46","PC47","PC48","PC49","PC50","PC51","PC52","PC53","PC54","PC55","PC56","PC57","PC58","PC59"
"F_TTT",-0.123879829204107,0.149697851158732,-0.153858379487461,0.111906554435228,-0.0905846103227717,0.00287372174488721,-0.126364275096971,0.161229687312078,0.164464643679494,-0.0121949294485764,0.0230045889177204,-0.214357217149873,0.100893321402438,-0.117642400736117,0.0781350194518422,-0.153359033333477,0.132709996832428,-0.0943623900315521,0.0523412295319128,-0.0642997014375977,-0.0433470742369877,0.00579391045313572,0.125517486754003,-0.104885009894403,-0.0563449545395803,-0.126444442236184,0.288627970747584,0.170426448464204,-0.0167056143577344,-0.140779069243851,0.00589112593682306,0.0168316313431069,0.0325935807682227,0.131115135310711,-0.0556981939834264,-0.0993280597560251,0.0353422882217103,0.0248755248642791,0.0565414929645346,0.00368434105362705,0.00638470833305234,0.000423226435257657,0.0214297816688183,0.072259872087139,-0.0844935245255143,-0.0594195824110625,-0.0187986148277176,-0.00842373691640237,-0.003051949284987,-0.0313839813245453,0.181627647693516,0.0190501957483114,0.0510660835275135,0.169860287374225,0.201171275207339,0.0102170552644136,-0.488270909240969,-0.293941111657777,-0.224184310454905
"F_TTC",0.123125553123306,-0.153224297084442,0.152598867073486,-0.112154422542777,0.0859728023042435,-0.00253249063692657,0.123922425648147,-0.163166808079317,-0.162261241743523,0.00649847471463787,-0.0156059801418516,0.21487192851504,-0.0932259913391832,0.120835387046177,-0.0777535980809833,0.160048311197979,-0.130667041793645,0.0899605682470681,-0.0541224722083926,0.0586569141942349,0.0431116932956539,-0.00273891522466686,-0.106950191651379,0.117499642679527,0.0790433090019029,0.114911031000016,-0.263495206590112,-0.164587326139599,0.00418253669153417,0.147164306960666,0.000558154867213595,-0.0206598180909226,-0.0474987752787318,-0.119552370209072,0.0258254555470352,0.106887307165864,-0.0442607760614565,-0.0132572316757843,-0.0463975414781533,-0.0162801455942814,0.00201519612577731,-0.0393300469739431,0.0148641126615632,-0.0893417124573049,-0.0606214809662326,-0.0761688949053546,-0.0312987564503968,-0.0385763098552584,0.0275556814703741,0.0284342386863162,0.153111029742512,-0.0164672905345399,0.0458912992207031,0.152238777019713,0.192719107599569,0.00431160332052366,-0.501568370001371,-0.318131040361694,-0.237208248003249
"L_TTA",-0.0812072095928995,0.223675775357217,0.0268636373130664,0.0538884866821271,0.0974720373374915,0.00911424582355337,-0.0427465423044762,-0.0459344202592085,-0.218361793226959,0.259317249044947,0.125585862725681,-0.173207467170204,-0.0684158030473643,-0.080243412985198,-0.0787080728280797,0.0148364369893886,0.00531997410649622,-0.0396212754957871,-0.0345590210263032,0.106652521379665,-0.105446840241779,0.209389861782272,0.0207233220630158,-0.0992855900081357,0.064478199784789,-0.119461351869669,-0.181693323850836,0.0369867744909309,-0.334202543821096,0.065660263936236,0.31057197143477,-0.0462428755988292,0.241846981048153,-0.0574022372283592,0.0315016228865352,-0.0242142054608758,-0.319531381498245,0.179001318438851,-0.00572976280075237,-0.0642613436469911,0.0154481780801241,0.0147746254146486,-0.106468409323056,0.0753559498213816,0.0115809185194962,0.0802968353404046,-0.0640703150613557,-0.0496790510275514,0.0777019178920491,-0.0827980010197043,-0.320947631971631,0.0678218469381846,-0.00108981412176404,-0.0597207912389583,-0.0343603454549505,0.0896012099611105,-0.00511332680386076,-0.127118376982186,-0.139337462586108
"L_TTG",-0.112921852355446,-0.022503806599376,-0.191626140739988,0.0121692108844149,-0.226610458548746,-0.175009460664875,0.0578486509477441,0.077841785874323,0.193795438099493,-0.0169753635993699,-0.154209821241179,0.0695645121962185,0.267757722783135,0.0645512667698834,0.0214789821756801,-0.124206763579828,-0.103572576690533,0.175790433078343,0.0539096704162489,-0.19214532847492,0.0171262492481949,-0.20095420621081,-0.127528230704723,0.0361508190006711,0.0221276941786816,0.220630833255804,-0.114274883935226,0.10347904023952,0.192566685500501,0.0300863505265851,0.0484927712485609,-0.0828772863665188,-0.0659491260150748,0.000436735260839292,-0.102827182794142,0.325188692919199,-0.179891189365472,0.177513765280978,0.114002670075547,0.0278636499004919,0.147537905596497,0.00938879147193134,-0.0397911589435811,0.0180032190853826,-0.0285336916010075,0.038238581640782,-0.159868225077983,-0.0483903925638429,0.0851919673059015,-0.118207765050566,-0.331969078256281,0.0334514047556183,-0.0189780835975427,-0.0944812702912447,-0.0141488132935562,0.0825413881479682,0.0156788993403908,-0.128188974850254,-0.150476616287287
"L_CTT",0.0230615204603901,0.263142984505227,-0.0511886405492894,0.0208460623236892,-0.055489503191287,-0.00939520466057113,0.0260265834535868,0.123969534241408,0.108611306016954,-0.0578176432959022,0.016355229545366,0.0885635828297124,-0.0579256785979485,0.0439917464592454,-0.0737991399627003,-0.118623995841282,0.0259044724551399,-0.0646066569407774,0.015261866386891,0.0848265728245953,0.016357306654064,0.0187375885675584,-0.0374390878688473,0.106216152690101,0.113846817666004,0.139390549484151,0.0722000148621403,-0.0212237168605944,0.032463546343682,0.106209324416309,-0.0576604466260349,0.132283742900303,0.154000174359773,-0.157111637887708,0.25750495078544,-0.0567233778508038,0.160032042989241,-0.420785794608097,-0.340342654551194,0.224167003141266,0.266151980066904,0.0936559895355195,-0.22913582648121,-0.00462102061130871,0.176167460946468,0.0270940111357075,0.106839908778337,0.10549304642969,0.136093934544619,-0.0863504422353993,-0.179969371456194,0.036513160983183,-0.022875318678052,-0.02611841517476,0.0135579302063603,0.0357583257955211,-0.00812052219945109,-0.117785732540233,-0.11693906985189
"L_CTC",-0.100035335419288,0.0488579765231131,-0.0145167407717164,0.13632336275465,-0.20055775980228,0.221830203605317,0.00539806917607326,-0.330879431764668,-0.30076928626446,0.0870526985245434,-0.193563187401696,-0.149532448071935,0.0766103663665475,-0.0358311658379656,0.217287113860697,0.288736314494911,0.0458546341753667,0.184804441665234,0.112414266039681,-0.0132069491706928,0.0936919444475777,-0.278812794172811,-0.100625628801597,-0.169215588506597,-0.350247990415663,0.00518897597584684,0.139406472114747,-0.0378977633191043,-0.200639045711651,0.0905665279145175,-0.173948765820759,0.134443159687515,-0.0269741067913205,0.0468187084073219,0.0373622718153477,0.073842377570508,0.0374237506390748,-0.123893945378821,-0.0993876119086352,0.0422911697938873,0.0662122579435263,0.0213403313818598,-0.018940791626584,0.0382817008085951,0.0103815425924643,0.0344115418056301,0.0202767180319583,-0.0104908556939778,0.0182766954727811,-0.0518784379671161,-0.0780704910302438,-0.00770834230604608,0.00731603275235836,-0.00597837716928423,-0.0113999129369587,0.00973300487580109,-0.00558375208680632,-0.0447254078037577,-0.0370922382823985
"L_CTA",0.113564704453579,-0.15562094044031,0.202046841703126,-0.0377621105975826,0.090520987109097,0.0337302649221365,-0.0106951394144385,-0.00067937581962868,0.0813989541857055,-0.130582611109714,0.0609880761538816,0.0941498842840789,-0.0787750239326116,0.0954038775587618,0.0457242685458016,-0.0210935712466631,0.093970386232964,-0.0122960074226926,-0.0833473294084699,-0.140465520390803,-0.0787880941036091,-0.13269896842744,-0.0589095366699758,0.0930587593858003,-0.0163486238852436,-0.19786600776557,0.0925183226780958,-0.146735033807799,-0.107471618063489,-0.127781589176101,-0.148947687906086,-0.0904886438480171,-0.121999189271396,0.103007575627361,-0.120516436880028,-0.324441600420216,0.166427470943223,-0.0483844072671495,0.0125917840961327,-0.051267181571964,-0.140331861487643,0.0710880864901912,0.130336405139623,0.0775557176085898,0.0551197692752024,-0.0867951993195195,-0.0256747675646413,-0.217933162876644,0.0368247147344175,-0.138497965385929,-0.474455446852004,0.124678413025505,0.0340014766936897,-0.126370731472217,-0.0719939011836481,0.067395934350352,0.0221988490022026,-0.209200520951762,-0.202083657694968
"L_CTG",0.0789857822243757,-0.156591590410859,-0.13005444057048,-0.210666095478128,0.13325312855996,0.0622507611204771,0.0698374803936246,0.0197264719602461,-0.130921958409013,-0.0232146920428614,0.0585959598638137,-0.150490478565874,-0.089883483651759,-0.110520654606074,0.0464690916016775,0.208038187372433,-0.0354729493762737,-0.134831622070169,0.0202923123706822,0.251175095186528,0.188205405253599,0.305064031957593,0.255539588202191,-0.0541566570417039,-0.0786312639276534,0.0263938797580651,0.220885892171369,0.0748726975298776,0.402813867696834,0.0962805771138869,-0.0274929227917191,0.0967008741007715,-0.171575635452559,0.0934109670708133,0.116258824498844,0.198940038980278,0.0608410971851691,0.0495005266862565,0.041936016323501,-0.123670676966634,0.122702630012162,-0.0147194050353529,0.0780186253225851,0.0584994810171027,0.0604644995671198,-0.0167656653147618,-0.0520529058765182,-0.0112217814600587,-0.00138099124432227,-0.0909822240551966,-0.248785585062756,0.0420409095164052,-0.0139718313735212,-0.0674187945148039,-0.00585634946624763,0.033975652703927,0.0184032257168186,-0.107796935224546,-0.11462830954186
"I_ATT",0.0863056706954133,0.0628862344772361,0.0138125487077503,-0.253547575401539,-0.0994020046635445,-0.0916893527007032,0.146909024732214,-0.26058191145477,0.409985819017344,0.159505116967687,0.0395260677837191,-0.295134531417419,0.0806007422788979,0.203892045390705,-0.145985761898522,0.135418375855555,-0.0522275734426056,-0.0205426352567138,0.071686570148641,0.049466774892371,-9.23545637847162e-05,-0.0207605464970244,-0.049790394831631,0.106533911171027,0.00216222672956397,-0.115755848787838,0.0451160630628129,-0.132772121334927,0.0369671055294643,0.160727249339147,-0.170380296330477,0.10655479172757,0.390665682947945,0.144652072654363,0.000206124277531486,-0.0347909451218119,-0.0240926581082672,0.0652222569603924,0.117597117587667,-0.0604632340078888,-0.0847245330095391,0.124472484521219,0.0859188741155739,-0.138842892950823,-0.0307310063019397,0.0229123339867212,0.0804322618602716,0.179058516655874,-0.0961498250461689,-0.117351612656822,0.0285320540700367,0.0326430518866692,-0.0202606526168651,-0.0426062270066178,0.00966828799297943,-0.0448359979364095,0.0290527321668021,-0.0242559337913288,-0.0610058238401147
"I_ATC",-0.0620328036420919,-0.135230786946815,-0.10300945499366,0.00954955988201653,0.167619166057769,-0.00829927639419899,-0.102937177897552,0.395548655041228,-0.317074320585429,-0.19441500542107,0.0331250796109632,0.177854776987768,-0.0094917983734106,-0.0170138599643039,0.217840677656799,-0.0229322915887459,-0.0312443394173215,-0.0169916815286633,-0.00549892755600825,0.00533556846630536,-0.0598092814274482,-0.156843198255683,-0.0822595165821037,-0.0145075355532606,-0.0647550491247337,0.0143095917399039,0.0269229086164577,0.0890403862445156,0.023011508896048,0.36984017241949,-0.131357486773918,0.00843365077520035,0.42815464083895,0.0709378150944961,-0.0256617637904902,-0.0460389510125244,-0.0422481029026737,0.0526783835681245,0.149632706681922,-0.0434957200687894,-0.0832921423949131,0.205755231380497,0.0595070104309254,-0.144780735001577,-0.0112507757928518,-0.0109295998033434,0.0617617736719797,0.161555165566212,-0.0770091817596224,-0.0924973160689666,0.0194788410653716,0.0367040938534226,-0.0215181750889813,-0.0328902803342748,-0.00145173785914395,-0.0338860282782798,0.0261068370614934,-0.0367891374397829,-0.0592148699582951
"I_ATA",-0.00418726454264153,-0.119734625003953,0.122624326323054,0.161895500654265,-0.102212650454505,0.0417492591152362,0.404927215373871,0.0153961698011678,0.0642472577147874,0.000974319312566439,-0.0830569685616891,0.078917027932418,-0.0858944202685941,-0.0926737254685785,-0.233581608077968,-0.0368034971229211,0.386031884278556,-0.218624647771475,-0.00622002745052178,-0.299622317778907,0.223896559675184,-0.00807973784898161,0.242681855739974,-0.31819669874971,-0.0120878662723831,0.142572063837,-0.0252469865579946,0.0253670193269094,-0.0548509588971496,0.174003681545349,-0.0167745272780939,-0.0440727440902627,0.0717174826975235,-0.212829927701627,0.0080460333124629,0.0364008355670174,0.00892084721072952,0.11514309816549,-0.0850605070527859,-0.0425903461862966,-0.111213505997112,0.114112419685534,0.069779590881582,0.0104910176369755,-0.00333569723906976,-0.0529860109902036,0.0293205262013982,0.0517574921303983,-0.0570820220448662,-0.0769237960565637,0.0039838852763058,0.0272356733134913,-0.0148847476185591,-0.0296630474482668,0.00876181783671156,-0.0197440776962789,0.0202084982985248,-0.0167040147454278,-0.038809154353075
"V_GTT",-0.0542682458087531,0.0960677339854455,-0.0303475565217465,0.0866245598860117,-0.2176728369453,-0.138344036579535,-0.293148462956395,-0.112638287148434,0.116776275941827,-0.330037809863132,-0.145318070511338,0.186697084736479,-0.39332972961461,-0.1565690534809,-0.360952261362129,0.273308118327233,0.0378487304046121,-0.0138278749560151,-0.168119296642485,0.148278540629374,-0.040454384546673,-0.0779646407008124,-0.0837900524202342,-0.082123702002588,-0.0616930092515109,-0.0566987527341757,0.0685022593699634,0.0653812605177222,-0.00671425621887406,0.0231569301430041,0.135567724899264,-0.102632377307932,-0.0432365155503222,0.169135524669577,-0.0239937265188547,0.0587387927339969,-0.0914811456654436,0.0141454863199619,0.0772874092766938,0.0436380448462674,-0.0182373037506301,-0.0935810867353653,0.0452542084155086,-0.0757726558408474,0.0662583969974612,-0.0051758506688648,0.0648534474374662,0.15944875873249,-0.0488903063272313,-0.121987933071981,-0.0219204039092048,0.0204531155498565,-0.069475957449027,-0.0137474011488783,0.038542301752364,-0.0342554115493347,0.0302535405433722,-0.0248577402057336,-0.0585439361899499
"V_GTC",0.153322629829272,-0.0518634614935796,0.226020605135917,-0.0485051738910539,0.0864904561399894,0.0580347514803383,-0.000764932751402381,0.0049519004542716,-0.0631896941305913,0.081059019704415,0.055049161240019,0.105424322788133,0.219908343911881,0.0828929292561807,0.14863696127417,-0.0806768467580062,0.100720956523219,-0.0673190722383059,0.0342315839431693,-0.128089815869174,-0.0137881474544417,-0.0367057484592583,0.0468381225309081,-0.00894883452278182,-0.000443734151809878,-0.15406210938256,0.0795015641427292,-0.0206866025707461,-0.127674607677143,-0.113676776880758,0.257531296926184,0.00170601350675077,-0.0787828426219379,0.0100470037337152,0.04186625027876,0.201968810664464,0.0342212734248244,-0.0640042113028328,0.171036506210667,0.125669634425485,0.168168999224663,-0.35945458626268,0.11150077050858,-0.168818863203976,0.183178688680999,0.0580573761144611,0.12683611254266,0.399613975117209,-0.0810032912869163,-0.241658805845003,0.0436018732367553,0.0531265101951907,-0.143021510471992,-0.0724657517657252,0.0650640653856192,-0.0719828017737337,0.0685186930374205,-0.0619920668125606,-0.123358423586614
"V_GTA",0.138022398960849,0.136916602442792,-0.135416601571833,0.0776285806306982,0.0669215190454865,-0.0815839466178893,0.128442208405365,-0.0352744780508889,0.0197218141104716,0.216859413394592,0.0407847328178447,0.0473465922921541,-0.263774861790272,-0.0059495984696554,0.153797473741861,-0.194481516001229,-0.274966360343255,0.120076231470645,-0.079303069234135,0.0249707095612335,0.142154448627388,-0.017936248908624,-0.270534158680614,-0.410198727908242,0.200549064550181,-0.0260341336457749,-0.0368759134776414,0.149409814470008,0.0680357747970471,-0.0425670139215233,-0.145064345614226,0.18573002958591,-0.199502914320686,0.0207568373609377,-0.16295565017486,-0.100918671551661,0.0180752433376314,0.0709955597759992,-0.0829164465840726,-0.126274196355907,-0.135100336180138,-0.023225154325957,0.0149560651714257,0.0170910590260612,0.0519527809674037,-0.000112112600103215,0.200443159392659,0.179296339900098,0.0124245845771689,-0.179744220793224,0.0196035765604817,0.0317811530936872,-0.0420156621883348,-0.00634459585825586,0.0253736104210127,-0.017174334785728,0.0250338645300728,-0.0298569073102611,-0.0588537306167801
"V_GTG",-0.194620062755749,-0.0896962458369961,-0.0750899699982188,0.199870869639019,-0.0430389678878906,0.0966536772668652,-0.0836292547803958,0.0403338810003355,-0.048669630914569,-0.0291195501080239,-0.0712825829029986,-0.203674932476721,0.135006625136007,-0.053718265710819,-0.059548707104473,0.0565404842525413,-0.0549199611673991,0.0585632847904874,0.134168306884635,0.0420147109032639,-0.128574098937348,0.133369276664392,0.114715241155618,0.274873188343363,-0.112380646510336,0.210208300554769,-0.266534234982991,-0.0774661183755495,0.128527994152664,-0.0894231651823819,-0.0669430885545277,-0.112883341198716,-0.141648944241842,-0.1257831676244,0.0211782113650987,-0.21582358160723,0.0248770893487276,0.0951329735987732,-0.142927431611711,-0.0982076154425543,-0.310479418125047,-0.0516390627678241,-0.0079928952284544,0.0335659740552122,0.110060685243248,-0.00159868368445874,0.253783863539441,0.282664233007334,0.0333143033670245,-0.287044427404911,0.0180565226170511,0.0561871477834623,-0.0311921121831852,0.00980432178016511,0.0286540176951544,-0.0405247564278349,0.052731721930085,-0.0681029476312323,-0.0944689542133941
"S_TCT",-0.149521144121297,0.154232189975216,-0.0620752010432266,0.0286856680354756,0.206369328163228,-0.0440343373459504,-0.0911482780579212,0.0553806935171886,0.126034779578402,0.178603412745232,-0.206831990212045,0.0318981676683539,-0.108851633330498,-0.013605030440955,0.154151856244104,0.108531743044646,-0.0918475505058443,-0.210579446490653,-0.257144515881664,-0.086060520429055,0.130518976060648,-0.118656183343439,0.285974990205443,0.138005868674788,0.0601043382454001,0.146832672954762,-0.0140421932069107,-0.0604578527784804,-0.173183684550538,-0.0164662041099626,-0.115661951614552,0.0299186503961213,-0.0836497817950039,0.0764387058511856,0.0384359519771217,0.147641143846966,0.0817307343675759,-0.0863616359209217,0.0484324894826086,-0.0669606999987569,-0.195307151781239,-0.119654465013868,-0.121023632974226,-0.252430417523519,-0.232103446579766,0.252004668792858,0.043249076914574,-0.0226934080331101,-0.000907469422977977,0.089055668672528,0.0407364343605899,0.065579407687227,0.0827661726571683,-0.198970121295551,-0.112882486360077,0.121202427167478,0.0326151008044226,-0.0699397371170888,-0.144611317702789
"S_TCC",0.0802541401789335,0.140538368296835,0.074683750897103,0.00704561696738197,-0.211819025921087,0.251122676425471,0.103540753253303,0.0284030146140075,-0.167757700807058,-0.28553114876007,0.265700559080911,-0.0974211970572951,0.090913232284903,0.0385828115123817,-0.18190566625225,-0.191357527341495,0.154984665749234,0.0226862190330238,0.139648417067591,0.0802957980594176,0.0213555457407178,0.124271553117011,-0.209299551810142,0.0507839869949697,0.0807098953675674,-0.0581978699005545,0.00294961237022874,0.101681282551585,0.0131347219555301,0.106436773794436,-0.098742034174842,-0.0403183154794498,-0.148278065539963,0.140028925909633,-0.116913076819073,0.149201403130399,-0.0465982772672261,-0.102548565997703,-0.0833357046597821,-0.126887018913545,-0.133755811672158,-0.110237408954077,-0.0400078400160506,-0.224403704912829,-0.296075400008789,0.236580501925095,0.0558228971412928,-0.00835405607430514,-0.0040898731010567,0.0794912519067568,0.0432451882244559,0.059133843884188,0.0959967271289915,-0.160001095036212,-0.112107902095707,0.0753975464924143,0.0323521772903907,-0.0371201789114471,-0.119746439903363
"S_TCA",-0.0820462687101699,-0.195937302168342,-0.000232970812153046,0.0242680055788715,-0.114670865402501,-0.129864800392949,-0.297908410802048,-0.125078663267976,-0.0755788408337254,-0.006575407284241,0.0910169861688488,0.105797402583927,0.213376672912224,0.212327579053386,-0.103731074301315,0.0495904200532533,-0.0626627879661108,0.0616280753463086,-0.137185340584341,-0.0846171115707346,0.140337658745954,0.154736001666203,-0.0158513158291668,-0.295832765361113,-0.120126933844858,-0.0464433641289165,0.0231855918358197,0.00971890132588169,0.20654929755885,-0.147192901942302,0.146745717359775,0.166100437140438,0.116174322867679,-0.243880500152675,0.119137759791461,-0.281092996097971,0.145821935231908,0.116343607103332,-0.0231035212509106,0.0690086391332498,0.0593197796054809,0.0483919704342657,-0.0302945476323493,-0.203095894661204,-0.178862779228719,0.18455147235988,0.0669573890814548,-0.0160737242068942,0.00545066160480299,0.0905811302865628,0.0216399190825398,0.0402372957754182,0.0778225476866962,-0.15660593032717,-0.0817294978404171,0.0864553898864234,0.00114285704421874,-0.051018069791427,-0.110790520135123
"S_TCG",0.133196611492794,-0.115171276219621,0.0959707175118553,-0.116865360429128,0.119722115561628,0.0975510900690955,0.212520045350187,-0.02477230510406,0.139751457929364,0.0179311873699622,-0.229458543980295,-0.021619989832163,-0.15533414811906,-0.436562305262265,0.0320090694027977,-0.0899232980068056,0.00961882699239044,0.157611732788138,0.259179098771415,0.224993415471521,-0.296222910980628,-0.189565545452557,-0.035536120387892,-0.0525309380867576,-0.0921116047041662,0.0690784476468094,-0.0298163176852692,0.1459129299267,0.0993391431898131,-0.173718849002008,0.164170067025723,0.0440242606077077,0.116728477280238,-0.171186359330894,0.0784009593631207,-0.122294067436163,0.0806713920692213,0.0111662109453127,0.0938888853129382,0.0687405395537668,0.0231783764004278,-0.0112887237328214,-0.0100166814276516,-0.187557855510814,-0.140299386620401,0.128169451836787,0.00526894243010136,-0.0423714210470379,-0.0261061855877949,0.045024916878002,0.0194205536303451,0.0479416664023556,0.072221941171576,-0.122006251881553,-0.068138731903182,0.0708416249305816,0.00861576039478145,-0.0484912600080409,-0.0961132821167393
"S_AGT",-0.0534768835006094,0.124099251156719,0.127142718256755,-0.00611100304123834,0.0523194453742317,-0.358438332962855,-0.105702413007515,-0.0840944940598713,0.0124255680369396,-0.0239772294525363,-0.20341006774487,-0.0265973339016626,-0.0555647399656493,-0.0768118697115829,0.281386632187192,-0.0310835464365391,0.257497885931807,-0.200340967486169,0.156659947413151,-0.0793015994772337,0.115189510256353,0.268880571449439,-0.409938580275094,0.120271315640767,-0.109779128790264,-0.0996045733822239,-0.13598052924493,0.116089424222007,0.0781353138178729,0.039287688414653,-0.0971620704187066,0.0144812845287824,0.0247924067016578,-0.0963881358789144,0.233618540975415,0.0761700434534885,0.0398262914599113,0.0487000222128543,-0.0681213733751348,0.0239009826575153,-0.120461392205513,-0.159494662271695,0.0669406425712695,0.0226101096602212,-0.101228590181032,-0.143829319791635,-0.0425440819359175,-0.0764168097892954,-0.140777622389485,0.0147066066379633,-0.0400295228697273,0.0551671554816113,0.0622169615253668,0.0123373034587782,0.034589787116487,-0.0710766642239597,0.0485737182035348,0.033525966964917,-0.0782644840190969
"S_AGC",-0.0260652402984292,0.114450297667543,-0.195319722311348,-0.12567986995641,-0.162910754662342,-0.0564203374215871,0.131582908121802,0.0820516194570837,-0.118917487313757,0.166091958512345,0.271889406865341,0.231152107383337,-0.0170804822864419,-0.0362410795651862,-0.231338402945451,-0.0679172060142655,-0.186719329944739,0.166400443766322,-0.0298536739513382,-0.0579875791120681,-0.122449990508779,-0.0619681752588862,0.11273178450963,0.0843481709222121,-0.193549587721007,-0.0451350035122571,0.0951167091568004,0.119886549403888,-0.171249416442333,-0.116990176547749,-0.176617293193819,-0.00400413097291765,-0.0252016535471635,-0.0940935856526298,0.444051758368175,0.0841530303305299,0.0828034868535895,0.0495233245293218,0.0377428853033898,-0.0279869050853143,-0.154423655005322,-0.123982072755434,0.123485721418084,0.017949454736285,-0.10197021271369,-0.186901875758488,-0.0358867385379333,-0.0443001379488275,-0.230681408528966,-0.0162664035446948,-0.0561727967224308,0.0501176976574247,0.0345728293355199,0.00973979887308506,0.0612174881559416,-0.0646727176101949,0.0605440240439863,0.0328855602470984,-0.0730136321090459
"P_CCT",-0.139641233076114,-0.117793473375542,-0.143561769472739,-0.118926241803693,-0.0470710533502182,-0.150031822161902,-0.0447112567266211,-0.258517642456158,0.102907853201775,-0.0681158024106064,0.128061071165976,0.119674998100988,0.0496200850609072,0.0183084189039974,0.181937552828046,-0.154282729000391,0.115916882710216,0.0664374030923627,-0.094096641245747,0.287755362172252,-0.0787216746093761,0.0166576595985283,0.129901903281158,-0.0691580954901964,-0.0375444050044688,-0.0190740972352893,-0.0135548474990065,0.0435492511982433,-0.115991736150673,0.0956161750269482,0.0210512499406891,-0.109376639872458,0.0735842857741693,-0.238226504237169,-0.223660432673111,0.128643181079888,0.0630425189013838,-0.247332263075374,-0.0765448723630817,-0.146683263747721,-0.111412502128157,-0.0372132528267094,0.0722767056744096,0.231757617600878,0.125318673909391,-0.0774491689278643,-0.210553390379659,0.129242679317013,-0.0445043854610901,-0.0731346897036134,0.189108850189608,0.0655784914512255,0.180257525308943,-0.141616943396803,-0.192413976359978,0.163310863607872,0.0218449673519297,-0.00241236055023332,-0.123751344995206
"P_CCC",0.206411527565261,0.0274447285749318,-0.0499682418556306,-0.0823067927843548,0.0630625515124603,0.0116010580980276,-0.103298073872953,0.28336288488356,-0.068859293222482,0.0919629345185064,-0.100976338040543,-0.119247340619892,0.0147960336844073,-0.169424155275775,-0.281580198050261,0.22866005630521,-0.222167259673333,-0.0100424680435852,0.151576806549098,-0.332157687715586,0.15140231368633,0.0554447816558479,-0.255734891568667,0.0317186152236724,-0.0444523586376772,0.0113029498291924,0.136105863261041,-0.13031127795098,-0.0368405681874305,-0.0752732467930584,0.135959180473493,-0.0102766382555166,0.104178432548931,-0.135681732332391,-0.181315676381759,0.0817738370881538,0.0927384005652016,-0.193728048275055,-0.0291897034078121,-0.11840336747441,-0.0485078783496004,-0.0191928745616597,0.0459422011227595,0.230650970779987,0.0343644859026424,-0.0228477171145978,-0.130727882981785,0.0565354976351574,-0.0324934580509827,-0.0399214020797787,0.162809562103416,0.0562498630501173,0.13567747243379,-0.105236071626806,-0.149254691612363,0.112354504998028,0.0224447887289929,-0.0063206978048126,-0.093252708611203
"P_CCA",0.195151426394031,-0.0457429958163238,0.0134340072375601,-0.0251895965583373,-0.215003270066955,-0.16652726488568,0.00197687293646527,0.0916843870477727,-0.188461920408883,-0.179424190357009,-0.181385128579081,-0.223665494440064,-0.0645540160533327,-0.0489618402370337,0.06924841110537,-0.101007282536562,0.0472704126403487,0.101555978394503,-0.123057498861619,-0.0593882680673908,-0.162583420194808,0.0737701873677646,0.137782726786787,-0.106344945439887,0.207424999636388,-0.012307700873368,-0.125300344798757,-0.291718326944896,-0.0829457148494961,-0.14484436996055,-0.237269116146339,0.11644680733075,-0.0216814007178221,0.169408762483359,0.232499419370201,0.0321755592449171,-0.109432452832258,0.183711945708174,-0.0065773780234361,0.0786319351307298,0.179072057117,0.0551581037457162,0.00240884807979645,0.0219430606570054,0.133213600687397,-0.105725010620251,-0.0470098413235457,0.0631360701695549,-0.0279134340835503,0.0208877054494476,0.204850172374389,0.0731712413029841,0.132031673280099,-0.15047903472815,-0.201607469159969,0.130604426423186,0.0188320479337065,-0.0293416038074348,-0.122083370972265
"P_CCG",-0.160301667742113,0.0981967774079346,0.0669352342047289,0.203623007604229,0.132304835853666,0.191637162426213,0.123202157600885,-0.0570071188861683,0.0717106774540906,0.159850638027564,0.136300864225368,0.18903777367277,-0.0315508949976373,0.116335704971017,-0.0347496766147807,0.116508035805355,-0.0138529391008868,-0.120864944847967,0.0919755390970908,0.0052128734840497,0.0618722920509934,-0.0672952142574631,-0.109064252748584,0.168312640459995,-0.0865627735808162,-0.00289374164090515,-0.0200687640079174,0.228909954632004,0.140166433683952,0.00829648185568754,0.0520949867966412,-0.0119892390490369,-0.0975796232900185,0.244933779568162,0.06198290994394,-0.133691697393423,-0.100982113938723,0.201660211351349,-0.0367364451829746,0.164416912017855,0.149935719408035,0.126376415383779,0.0281460027283414,0.0107052477924455,0.235232632218592,-0.169004647160366,-0.0811747425743266,0.0327538550115799,-0.0723567312177905,0.066776880567053,0.255304921544854,0.072861365560705,0.209323945254512,-0.184394574948681,-0.244476703189448,0.170168645576932,0.033498747274805,-0.0296204347293741,-0.163934396887416
"T_ACT",0.104079457991567,0.114766064892566,-0.14014995619339,-0.252652375500688,-0.057532888658523,0.117326610748178,-0.0365957812955138,0.0024587557781535,0.00817023517402568,-0.178592729505433,-0.150893573654867,0.0221925417060986,-0.103111958943738,0.300175085086316,0.0865636128646757,0.0102043543557859,-0.0748563150599884,-0.216475163903825,0.209379960979562,-0.124157493807488,-0.0952939040832084,0.045469230618956,0.115749422523046,-0.0779835750178675,-0.148828119637514,0.0397646835465649,-0.0902535612220371,0.142158107002528,-0.079238398445425,-0.0951156481630807,0.0467876743988633,0.177087235847593,-0.175648366820043,-0.166958246079784,-0.00605555515006955,-0.147211320869835,-0.398695584035993,-0.196002367465791,0.0772076999796748,-0.0325909451155936,-0.123981095423559,0.162285581831171,0.0791379040288504,-0.0620771427072196,0.0771944976789779,-0.0374726732931253,-0.109584882263684,0.0344102155482282,0.00571598661034975,0.151112440925624,0.0262659462613353,-0.136503708815521,-0.124917606862441,-0.0806976162519396,0.0791902990117043,-0.0798620568917734,0.0920043902047546,-0.0451103462444028,-0.150212825200311
"T_ACC",-0.0981147623193355,-0.113434097058199,0.108828964475122,0.316133458863231,0.0279182552990925,-0.0726749134723143,0.0295067445768306,0.0931090404563432,0.0688691751317221,0.170646771342126,0.145046510299314,-0.104340033592612,0.121926216449474,-0.22823585922578,-0.0316602018710729,0.0322156633621434,0.0677982428153333,0.0980281309579817,-0.188267250355443,0.136100768831074,0.072641773388058,-0.0371064403209911,-0.157950167215084,-0.0264990111899012,0.0684181302068061,-0.0632900115935167,0.100512532611812,-0.182843626409385,0.145292377846213,-0.0653237025656008,-0.0947686962998763,-0.00970163156246388,-0.0647410913105873,-0.0970501477885184,0.149924423665548,0.0117971224921354,-0.312254451332481,-0.317284299782107,0.143229265217766,-0.0558997385685824,-0.121684242806424,0.108085785010622,0.138669808810197,-0.16932270000115,0.0923252947293536,-0.0740319817136337,-0.174425781275147,0.0504899908496128,0.0854933130746914,0.18883614214,0.00517061047062757,-0.174446874521156,-0.117339544989644,-0.0887374425582135,0.0777129168885577,-0.0981186164988339,0.0980370925916528,-0.0508893205468089,-0.160748777544141
"T_ACA",-0.237143368796566,-0.00576072150379245,0.120301001710812,0.0140232425999132,0.054662962076221,0.024859173082366,0.00570491347045594,-0.0422919791603654,-0.0437219599411857,-0.13300188940835,-0.0410855350103356,-0.0848772620267529,0.053982104554691,0.0488776035479606,-0.137554892899975,-0.108832597432542,-0.117543284025693,-0.0511059612431101,0.0863248286991838,0.0782770313540089,-0.0514125585897928,-0.0205512073473676,-0.0728779211434006,-0.101888293674542,0.135987046665091,0.108406759824571,-0.0829913209002403,0.0097782131951451,-0.135946632843091,0.0399332105825308,0.158741034822524,0.257451612541295,0.0162604451522404,0.186983097679184,0.0777999465512808,0.144631737120794,0.492157912411861,0.115439174254088,0.103470343578832,0.00854823412152788,-0.198533575978585,0.0724513979884628,0.0209994919166425,0.158484726694825,0.134486583383678,-0.0180447069977357,-0.1735264802668,-0.0106467759398846,0.116296407276249,0.166964069801542,0.0357579526037698,-0.174637998262018,-0.1365548790519,-0.11587549438634,0.136809609203577,-0.155325823084465,0.139256007172463,-0.0767948353015499,-0.201873246702127
"T_ACG",0.181843630347014,0.0278680233392893,-0.211220504437266,-0.0837456676689735,-0.0848319232260272,-0.00280178660011123,0.00957838878608785,-0.00867219135213453,-0.0324313160668522,0.110387631549135,-0.00615781760815452,0.0633035355207428,-0.0296081214901556,-0.125436858229588,0.0686909779434239,0.01486516325883,0.0520776188567023,0.0466287749747111,-0.0427516882820926,-0.0492890293483415,0.0199817041843702,0.0433072676895811,0.051428371572418,0.102433702407473,-0.076223612022519,-0.0590960699465452,0.0666669162189057,-0.0307898011937354,0.0143660588225329,0.09194654169011,-0.0909324446751154,-0.228033582980933,0.129956731736115,0.0267860513306195,-0.215044021664356,-0.163337955893926,0.07887080180455,0.271565596958081,-0.374123254126933,0.0833117784745263,0.0483813810107939,-0.267364224689266,0.0200988434458559,-0.140499622381315,0.0855732957333048,0.0203033860655121,-0.179604122077876,0.0130149209933557,0.155187928988723,0.215614252627631,0.0664478669035994,-0.264626545077271,-0.227841959202785,-0.159926432590141,0.124867076389703,-0.0901690409101929,0.136344090298983,-0.0505786133359599,-0.203061497574605
"A_GCT",0.0500395921645157,0.186623656872771,-0.127157209672426,-0.141766916573569,0.11477382625531,0.151085942398748,0.0850235430302523,-0.0575681528443995,0.0860053781457296,-0.182375373507112,-0.0065531001485247,0.0801130767766428,0.267828561181996,-0.145599740865731,0.0885925971200341,0.101223547942991,0.0687193878628921,-0.0660921457819874,-0.275696189913419,0.0746266049900347,-0.031024497610761,-0.0465793635769697,-0.192871546889693,0.0260058263316025,0.0446084066272716,-0.00578614099578931,0.128513986888201,-0.168884879115464,-0.0406540077899177,0.0489014118757943,0.0785894871260115,-0.0647655450776765,-0.133013801433877,-0.205131157571617,0.0794722553586671,-0.00411411454862665,-0.0615244070248604,0.217110672903957,0.0607892079036668,-0.0247717553186807,0.061049180430525,0.182524500856728,-0.0976928643046963,0.313914463793536,-0.122481107415593,-0.00140541295765918,0.351621466915266,-0.0663361509618043,-0.149597734450819,0.0550712908488284,0.129782707346449,-0.0150409363910704,-0.147592475685242,-0.131266370601692,0.0716834882929737,-0.0216296356506333,0.102251349993345,-0.055706237342017,-0.13562247333356
"A_GCC",-0.0089584450500196,-0.172965559083112,0.129798205217243,0.0505662023491107,-0.0747564402273658,-0.0575676439227818,-0.260367799261725,-0.0062292322975463,-0.0104657180311821,0.1731066808994,0.129251140890794,-0.1449771265011,-0.427590314060206,0.198807304871574,0.0119698670076366,-0.289608737293566,0.00557957433250551,0.0241977767123671,0.27629103889989,0.0359956632035443,0.119826552463416,-0.146020804909038,0.0127362309747147,0.0981047809120237,-0.0758074382136955,0.118565510520815,0.223874068033175,-0.157258611738562,-0.00735048018766597,0.0911330196488769,0.0112906278905742,-0.209519522354785,-0.058658026470732,-0.143790966504432,0.0677680126677771,0.0978422231282884,-0.0480927187639743,0.111415289595891,0.108784922938082,-0.0398886161818702,0.111520445218343,0.0721688418508203,-0.118472612715081,0.145715004142181,-0.061007252076666,0.0475087680277556,0.181736027788319,-0.0632590764609253,-0.0343826300428372,0.0456411491212978,0.111077536851463,-0.0368145153916366,-0.100294802897287,-0.12579991435308,0.0580888905123853,0.00977264585463465,0.0778328570791852,-0.0467135413723373,-0.109662641145398
"A_GCA",0.0566542343364943,-0.191472085873851,0.0463153753341327,0.259014196877651,-0.0106737756822079,-0.127666011713241,0.169288878375379,-0.0541243104676275,0.00600323644427327,-0.00676214486413743,-0.0166152518879751,-0.0322450803834356,-0.0558050215716807,-0.025157763132928,-0.0231213464443754,0.0163561226157162,-0.207581076647072,-0.00382937420407094,-0.116149651891946,-0.162439803704447,-0.181427166576597,0.205870764964789,0.12392988486007,0.0739273442079772,-0.212205041302019,-0.294282585767747,-0.230176135458715,0.243163216903055,0.0362167867976902,0.00820977861918099,-0.0987255061564045,-0.0134022951727579,0.081258012091003,0.104653694505667,-0.151412885696779,0.135915705182297,0.0431320760790126,-0.25778310356342,0.0465503363203928,0.0667044127713757,0.186119189701003,0.0886664861977034,-0.14845545961196,0.197844610768698,-0.13441637397397,0.0525497354159202,0.217140791085206,-0.0820099276573661,-0.0787383525332961,0.0388973111942928,0.0738341141252729,-0.0850013536744666,-0.119028993919461,-0.123178092261125,0.0981226433417752,-0.0255279394625047,0.10078255478921,-0.0593260883008953,-0.129757225925318
"A_GCG",-0.136534077431267,0.0601671691717666,0.0488321167638136,-0.281748031572541,0.0619250625352579,-0.142904579744669,-0.0931568132868465,0.0959165981420804,-0.0922136224807878,0.17158942774974,-0.0195342366436506,0.183934069565799,0.0778964003773501,-0.000971693016118694,-0.0621358128170032,0.241277522293813,0.348895302565201,0.334316555276695,0.270859556447267,0.0320163873184556,0.154270544738469,-0.00680955792946208,0.143046557526803,-0.0875117606715379,0.278087746334628,-0.00481986691126907,-0.133733896556198,0.137595548593412,0.0207083022574174,-0.198771475442377,-0.104537633560441,-0.0991853143161469,0.0179553187248781,0.207196751774034,-0.0464386640889685,-0.0444727621007109,-0.0237874771277731,-0.148381112036653,-0.0014723412367823,-0.00718192907735703,-0.00517359308647688,0.124566455970068,-0.0562292161576554,0.11979769448741,-0.0588730308549446,0.00851890764877494,0.164457874107192,-0.0293049595365835,-0.0332369936295284,-0.00503578024451479,0.0625021754648168,-0.0537600590514636,-0.110747958864685,-0.073788234213368,0.0593553805049213,-0.00739112324928573,0.073948115308473,-0.0473050317253312,-0.0857816342846223
"Y_TAT",0.0406743974792728,-0.132284987590591,-0.231843885557938,-0.0696520346435835,0.0509147956000363,0.177136180942471,-0.0335246565689166,0.0196836660759075,-0.0201428863682134,0.00688967842825259,-0.0396878047203112,-0.237839862219892,-0.070530593699535,0.104387435067466,-0.0729702408138699,-0.0399792470028234,0.140662243630756,-0.0211625726125179,-0.18581520678472,0.00534862386847121,0.15975365655118,-0.194062182616862,-0.109315261789555,0.0274900496230173,0.0385330017706932,-0.0991111947900428,-0.235062146111422,0.193278312492892,0.0149805977194774,-0.0762341251453608,0.0183802759471034,-0.137126854464317,0.0441727981298825,-0.0383825735894733,0.160708459568178,-0.0120674816890658,0.094388371377614,-0.0696347042135648,0.0770192237995435,-0.0306688649485601,0.0383467604343709,-0.0608301553515325,-0.0488540889730906,0.0280446990308731,0.0606399101026208,-0.0247252585033939,0.0165326629222294,-0.0150710927819772,0.00271772217128919,-0.0417757825612136,-0.0687812741285217,-0.0861771234755748,-0.16287513467731,-0.139640007761951,-0.271660823814007,-0.22134530293396,-0.361046350710636,0.372261431431935,-0.17542592745431
"Y_TAC",-0.0412969942062417,0.131222953772761,0.23190372712544,0.071131168549651,-0.0505124837092401,-0.178185341486534,0.0284563719312817,-0.0194496188079691,0.022988065727784,0.00406906451908372,0.0401106948945661,0.241811837793235,0.0717859614749425,-0.115419863032727,0.0751463292229321,0.0339171652398796,-0.143195353010172,0.0241064643946137,0.19007134917551,-0.0189122241999651,-0.164565525113661,0.194462016779634,0.114725988724645,-0.0120513947317409,-0.0412169419310671,0.113913728823705,0.224500467731928,-0.164156217238818,-0.00786899652141085,0.0804334727127895,-0.0153969718843603,0.113552211933804,-0.055928497280808,0.0462497496434678,-0.114514434534125,-0.00367231841135453,-0.0727549942761657,0.0491115469681899,-0.0504826501795995,-0.0163341200606483,-0.0444716259273124,0.0780048979924883,-0.0205449091229604,0.015706669199167,-0.0154390056620095,0.0795167808354836,0.0356916156529693,-0.0401117529508942,-0.0273643454591723,-0.0870468421114596,-0.0695161647589854,-0.107747655055056,-0.147047342683623,-0.147635400849292,-0.28583423778549,-0.241317808485373,-0.354388709642854,0.37465955680047,-0.179478807345819
"H_CAT",-0.208436350239159,-0.121645468192693,-0.0120493744994757,-0.0840389025301534,0.137186788559702,-0.109013558580243,0.0464345269438323,0.106136401336363,0.0253193966105642,-0.00152001633512427,-0.0549360090107176,-0.187833418430839,-0.0043278457615656,0.11317864164213,-0.101178544434928,0.117079168843413,-0.00724011098377606,0.056868439021489,0.0115874249575033,-0.0569110747921062,-0.218693661912936,-0.0217239855125019,-0.0487839227864906,-0.08587489276572,0.167751315185408,-0.113660753115746,0.152649567544745,0.111444555651872,-0.0784221081011556,0.225310516406702,-0.0616402905073576,-0.0458266615174699,-0.199364104996531,-0.171515634852182,-0.00841441771407926,0.00449257863273949,-0.0149455571332615,0.0335946195806791,-0.0965556869214123,0.178183283666108,0.0336375700638451,-0.109443346382265,0.0673404646929259,-0.0688467671174377,0.0932078810551866,0.167367505228649,0.118141835594171,-0.0592521165987147,-0.207911727360392,-0.00432885935438278,-0.0393756588087568,-0.397312681801275,0.193364715520937,0.294159786262026,-0.250560283223222,-0.00454150001502893,0.0889224823746176,-0.0907544871978769,-0.129037675428698
"H_CAC",0.200050474197047,0.140404129076274,0.00407316137437813,0.0607592520159909,-0.133486443347572,0.121420234683683,-0.0802702336811121,-0.0751058707741153,-0.00247017234268324,-0.00272513557077525,0.0622203535552713,0.177835861857139,0.0070835758069496,-0.11603989219263,0.0722180671008166,-0.150236522293483,0.0266790823385127,-0.0759594881854283,-0.0164747559259862,0.0415232392059945,0.212574010488658,0.0124165614405139,0.0484366947072175,0.0383526849697115,-0.128017440320721,0.11586631784622,-0.177431198285792,-0.116352231516924,0.105255632855312,-0.205313302236914,-0.00345868296005051,0.021375989052831,0.234282275345238,0.103841435395773,-0.00805044169092832,0.0405295795368107,0.0248638854336087,-0.00700190865624214,0.172934843590394,-0.121050020410645,-0.0483572888660235,0.00492865940221436,0.000747692065243669,0.0701623666597791,0.188159690097216,0.180968890749615,0.103094822102381,-0.0948282193228763,-0.200875129769505,-0.0179942496381372,-0.0780888357555981,-0.441185438140305,0.171196503651401,0.294325191243291,-0.17578780811023,0.0172737855510312,0.0727155992456709,-0.117506711414068,-0.116685991245637
"Q_CAA",0.204431624101713,0.131593822454804,0.00098762164957458,0.0268470764352438,0.174993729089469,-0.043374061542646,-0.0971062296734558,0.0124765862985143,0.0854776946811582,0.0515041096297892,0.163701572009115,-0.00133485853008224,-0.023179724722949,0.0810500365349654,0.00121479286626485,0.100227314918414,0.189790526714246,0.0558836751675846,0.00396834802519146,-0.107801673429475,-0.262651852804302,-0.0655221807661559,0.0288507663144421,-0.171441937958135,-0.214020869508589,0.0592334909269026,-0.0874249542924091,-0.0652297324961735,0.120061242074827,0.0815444886531814,0.0112091044392872,-0.0344477915843119,-0.0751710919250917,0.0534381755313073,0.0512397938673875,0.10986320193903,0.0984462223156303,0.0243392068175036,0.0669490572716453,-0.0444507387266353,-0.0349788072359022,0.0037019274015599,-0.122989103548541,0.079539068817902,-0.257939706354714,-0.262644133080812,0.0715251048030848,0.337543438412065,0.37028530493423,0.212390700147143,-0.108006457341922,-0.119722114440709,0.11434919533362,0.166684542336259,-0.170699841230612,0.0487719744504655,0.0309008460846293,0.0282058761224836,-0.0821453582074899
"Q_CAG",-0.16746015472059,-0.145556267532403,0.0387018814048312,-0.080092732095629,-0.19721578950231,0.00320355966509232,0.15472664761966,-0.0735716528669517,-0.100967342942008,-0.0524611303273445,-0.192186184211305,0.0821162401208892,-0.0023555694804039,-0.102742517184957,0.0449906773984693,-0.0831995201141395,-0.208278089459153,-0.0881908403530458,0.0392665751922442,0.0741174530350414,0.291054866161227,0.088807171369647,0.00155354234306749,0.222826116743374,0.169733483429746,-0.150009953427487,0.167030287990162,0.0989363248521904,-0.197753216760223,-0.141327468586214,0.0337757568801196,-0.0859160106198609,0.0438353162041806,-0.0371445251729081,-0.0251129861033424,-0.0721588612366372,-0.0132849128141723,0.0386074452300976,0.0629348482844949,0.00924183591921916,0.0669161387555696,0.120626898436974,0.0645539482020604,0.00106778030457216,-0.223369040996057,-0.210242285076619,0.142634103916952,0.335478570369933,0.245599207067408,0.1657359439499,-0.131605278381842,-0.10569080570867,0.0516106530045915,0.152792658013633,-0.160378442155734,0.061451975737969,0.0195794531849002,0.0206907574418233,-0.0615456434851244
"N_AAT",-0.122750340516697,-0.0262691739721585,-0.202753582090705,0.115027205791164,0.12608261295163,0.1969060681818,-0.0805937099302273,-0.113848040302304,0.126088998698154,-0.137990057384316,0.098613724638512,-0.067992868856504,-0.122175905839014,-0.0722635013816897,0.0799488027522602,-0.0466171150839962,0.00610289460538258,0.261850784861563,0.0690511570826277,-0.178843122264861,0.103705871093793,0.0972207971213304,0.102909876952284,0.0343426549300946,0.152567432101278,0.113395217763903,-0.0653441492806555,-0.184290133712214,-0.0256173945662798,0.09209355304798,0.210835883737958,0.229218466503083,0.0868811819378324,0.053949156539132,-0.118171450997901,-0.0320408406657137,-0.0445192085683696,-0.100828940583698,-0.0462120621099768,0.0524734442899525,0.141965403520728,-0.155278632478814,0.127272928684081,-0.130878291183299,-0.202659701120006,-0.402034505329533,0.092470459745045,-0.0956088593533964,-0.260851030749468,0.0189451307969237,-0.0829564204605264,0.00690657738670239,0.0557735234407117,-0.0123837983328229,0.0174203222000401,-0.0871124129391434,0.10278110085703,0.0600556788410875,-0.13715194978638
"N_AAC",0.142569547644397,0.0729617022836741,0.193412213096897,0.0692683152786825,-0.0647263660734549,-0.0741083881441092,-0.0708972992570481,0.113526290313067,-0.149748042352618,0.118489451837688,-0.108530649836719,-0.115748198508145,0.190956362159291,0.155722856634137,-0.113459571290016,0.0293429731274628,-0.0853481150627786,-0.298720031311174,-0.0660470513496979,0.368514364359491,-0.0668281572481301,-0.185079915825904,0.0397622309423194,-0.126109868340855,0.0234782693064833,0.207158270223152,0.00686797510846135,0.0865479087794783,0.0321252293147627,-0.154625345116808,-0.0647924915984588,-0.0822557223577315,0.0644067466149636,-0.0491602363683379,-0.265393111228491,0.041193521247688,0.0212056495547798,-0.0153317140839175,-0.124991304641643,0.05705868894251,0.0648929689653619,-0.0492955458259488,0.00894578264139749,-0.0815235854878738,-0.153508970120963,-0.385611172696691,0.0620547760315144,-0.111408765541434,-0.220038014280053,-0.0256693712897543,-0.0615457735267055,0.00110065383605057,0.0447786909913468,-0.0174739902244343,0.0278050225201866,-0.09049699514793,0.0908702259325461,0.0448686348023052,-0.118760305058964
"K_AAA",-0.0862156704044953,0.0324669406170072,0.233860815433364,-0.0760440491036592,0.116692874278424,0.194037050048051,-0.15244862853184,-0.169043415381952,0.0535559480520809,-0.130120918536307,0.0909498933391352,-0.0471743658364688,0.0219162399062215,-0.128756405956914,0.0131271966380258,-0.0317784852808572,-0.219571452173047,-0.0378874254424569,0.0105175956625095,-0.146341492027379,0.0203003494531935,-0.0263860139895044,0.049880284139095,-0.167644948705344,0.106157380048835,0.0601383048879664,-0.038356430708561,0.064731859144329,0.113666483569223,-0.030354431905326,-0.258858549301291,-0.19695131015898,0.0914275626071901,-0.0283386272647149,0.0717579816436959,-0.0173573337146825,-0.0613873697416416,-0.00716138953506858,-0.053555791065964,0.108938659525095,0.00632698571740768,-0.0520299754531438,-0.108873253342521,0.10212365706769,-0.0783827515177735,0.0503848396225146,-0.269468595184997,0.128597248574099,-0.188585882343339,0.0589155622642103,0.000462090077699165,0.208169753173199,-0.378794971782597,0.301801185794348,-0.116669302010413,0.139853899344128,0.0729268799357324,0.0229839076296098,-0.15610218231936
"K_AAG",0.100299309540964,-0.0907990609832149,-0.204241031689673,0.131968758005017,-0.0872952117907419,-0.136007858718955,0.186072033522087,0.170425326473838,-0.0545079699932942,0.123865308717108,-0.060163902108527,0.036060679505813,-0.0688730259477978,0.172212513236685,0.0106320661403928,0.0238470783269784,0.199982484390589,0.0357466750782478,-0.023797916917547,0.204103972483046,0.0312503474731255,0.00239053058111338,-0.0545725807614006,0.143555677050108,-0.10009524630268,-0.0288720433575002,0.00156987967727483,-0.165903642683457,-0.0291045894434878,-0.0164615745372677,0.234789628070367,0.205877940659903,-0.110842293988433,0.104477684893746,-0.0799664781644542,-0.0819001502302044,0.0603296104827185,-0.0102255230913969,-0.0263182060262143,0.149658227458677,-0.094202991458798,0.0867156442780515,-0.027406137848459,0.07943990283569,-0.190545940629194,0.151049917089479,-0.187291393638731,0.0761652420026121,-0.209473971792498,0.0163527032343693,0.0204566757804218,0.173958802900019,-0.316892549314423,0.315750520806276,-0.142807717562055,0.124990085398091,0.0749139154417986,0.0368605986044843,-0.157667935374835
"D_GAT",-0.0507113961176368,-0.146541938472762,0.00189216588197854,-0.180102945903319,-0.25948428843468,0.19405708874922,-0.156002576260725,-0.0505081922871061,-0.0315927844325599,0.285902833906104,0.101013154219228,0.0513923408814228,-0.0957180484308974,-0.134522363288722,0.086532488715796,0.0194592382961967,0.0877580135201691,-0.219991697237637,-0.186520620234883,-0.134023383167851,-0.257708775097038,0.081041023099878,-0.139797046944447,0.0450462295087737,0.139518858359757,0.21680067386285,-0.0347048934242854,0.0618689402451442,0.0375325874054053,0.0326405272157659,0.0141503597814064,0.0598060191728089,-0.0214754632982836,0.0891373108825587,0.0105799448710253,0.009308787596692,0.017791459117994,-0.0870002627319475,-0.0149885512090742,0.121024866400513,0.0775905676118848,0.137875344090442,0.301663514360482,0.0521637486115031,-0.206430581402378,0.0800642556161445,-0.0199660369076718,-0.10254866858269,0.216365481056891,-0.28568746001551,0.127011364774954,-0.0332855404839983,0.0253514685528845,0.0867977644012399,0.0361243726529373,-0.0403399256459972,0.115724511076062,0.091563507222547,-0.105653301739954
"D_GAC",0.0286062729929073,0.195597012521541,0.0593142140688502,0.129452253056264,0.291266562857517,-0.0833835759546857,0.0407672746923242,0.0113907593526315,0.00657287416562659,-0.243377570448493,0.00930268135838363,-0.0443930854409539,-0.0174761137892979,0.117727471581744,-0.0511483562866905,-0.0242013943971366,-0.0572359774583323,0.111395355699457,0.0356090936120282,0.0944276657801341,0.179841746903283,-0.159388697889386,0.143718916425311,0.0502096733324237,-0.0865300753942455,-0.15303265842933,-0.0285908563362948,-0.0150396532906133,0.0140143790499197,-0.152064649243898,-0.0287483783393301,0.0284481387026243,0.0788603633666493,-0.105859206145893,0.0622610624357464,0.108864878724908,-0.0801353736864958,0.0993237693117677,-0.180787422290334,0.0340525795272252,0.0989069169279967,0.0674133257895413,0.376132068193154,0.0665983546369935,-0.205612185442962,0.145948332604187,-0.0846422828851392,-0.116584219857889,0.302048488573877,-0.318608641812838,0.158341179215474,-0.06575803100055,0.0280050760837247,0.0834785138394654,0.0284007813095651,-0.0481747445010894,0.120754975973936,0.109737917491436,-0.131022401634135
"E_GAA",-0.10288842371007,0.00177118264860056,0.171343885234962,-0.0746995446475522,-0.157025604047457,0.240311864984289,0.107011603973899,0.28412022134139,0.211444934654878,-0.0139331458003098,-0.11036714513288,0.0502475314274885,-0.0741679581996477,0.156196623876427,0.170374039021985,0.1098604724691,-0.0554780365446565,0.195702890433429,-0.0980799391250919,0.0961019953477162,0.0676310624875525,0.240038362649719,-0.0464049725020816,-0.144044807720637,-0.118076039687821,-0.0953995812813164,0.0207702549012405,-0.0591209957062981,-0.0632894130047418,-0.00267548075341478,0.0418065959667337,-0.16265073523574,0.0124042731717887,-0.0203131695048835,0.0554022659712313,-0.0064751390487143,0.053583761757075,0.0299506063114271,0.0837609750738637,-0.111746700140323,0.00962822235941683,-0.023798870919691,-0.384357178063251,-0.123530420027944,-0.0161065549768864,-0.124022603515532,-0.166136463760619,-0.116738983084789,0.090149071326294,-0.245623140791504,0.137719716945292,0.00162130913387273,0.125758575004459,0.10969985091364,0.0391495914391578,-0.160655078062577,0.160304956634587,0.0690065692334398,-0.155644999593218
"E_GAG",0.140817407544445,-0.0689320500074414,-0.147054754203533,0.00671423859508405,0.109556716521411,-0.234742358494048,0.0074867111413112,-0.298300461141206,-0.201072647731773,-0.0464518915290297,0.05720230779747,-0.000233331537981893,0.132045254515527,-0.164395816186528,-0.144085740481248,-0.0716179568957179,0.032471518778997,-0.132526356790137,0.080623129320994,-0.101075651063586,0.0547822523241334,-0.159207004664744,0.0605322489433133,0.118270735585222,0.114766201114504,-0.00600675092745624,0.112033133937544,0.059147718616363,0.00604268076283296,0.112696009296937,0.0052261003704236,0.0858898250738879,-0.109159845854997,0.0372433857973935,0.00161205645672275,-0.212403367533062,-0.0600571911731812,-0.0425565069584927,0.190338800901368,-0.0400864797513238,-0.00989753596003501,-0.0242733344125202,-0.451737931006964,-0.0889761256465529,-0.00143211821626856,-0.0722475952477796,-0.136478595431305,-0.107628133067698,0.121996554828131,-0.256585991492103,0.128901168042439,0.00770017144868465,0.117640008832819,0.127338438853301,0.0427796388417499,-0.125618528932733,0.163620482343515,0.0723017701407497,-0.154346565021091
"C_TGT",-0.0306328049764633,-0.247180610090896,0.116142280008721,-0.10538695397139,0.0142179204953213,0.0430606710054229,-0.0581276133010723,0.0886844095687313,0.0968119876521756,-0.0171205682422072,0.011393634761899,0.0308839653327503,0.0412778515204438,-0.0423161768514537,-0.0247444170835177,-0.0296480513058199,0.0112221713768738,-0.0481073187241355,-0.03055989170198,0.00501657888308035,0.00797466350184932,-0.140029153067332,-0.0249745181182112,0.00871812453301684,-0.0523106527102339,-0.0915198218247625,0.021568696616842,0.00697271690500308,-0.0104739483539316,-0.0326096360917202,0.0311735324859755,0.249248698147903,0.0372580323068593,0.12292721858027,0.0568681035537446,0.0831703096062985,-0.188067293610658,0.0610263607309904,-0.293737796110483,-0.0947933070256779,-0.127644062937427,-0.0800953571118623,-0.158694935087614,0.0758135464943755,0.0655950562961214,0.00754522944549174,0.0989847379878646,0.0424480229256678,-0.0305661302713812,0.0201964408089309,-0.087162919571119,-0.128765964004404,0.115412372941002,0.0333798662575847,0.359504844465352,0.426759308605104,-0.0429158588008007,0.405426324866073,-0.191104070799028
"C_TGC",0.0358800225773553,0.248887044797704,-0.0826328579397399,0.124720454446544,0.00555564725938265,-0.0249460731361365,0.104230600891584,-0.0773021589103714,-0.124399850368686,-0.0193402427847184,-0.0449441056480839,-0.0578555260197424,-0.0399007621354213,0.085045815274494,0.0385698792191707,0.0603720181934316,-0.00143965699231235,0.0544356994556554,0.0357609004069765,-0.0206027721757553,-0.0421866026304301,0.150691647333886,0.00591660923559034,-0.0270427097128965,0.0931379547326457,0.0841246029388609,0.00520783286891083,-0.0531293420338476,0.0213115422132851,0.0516250075690241,-0.0439458945292334,-0.302786879369279,-0.0620498517886862,-0.0970370778156295,-0.0503621695946439,-0.133017997759886,0.234912325891933,-0.0573611297275158,0.345214613372914,0.107683519219224,0.0855520756152091,0.116116302599775,0.138902105180802,-0.098240168437997,0.0290456013115845,0.0683736377419314,-0.0852419282748445,0.0750837920089185,-0.0995570958456858,-0.0173624300302627,-0.0850244067394352,-0.0961804584995548,0.102150186748545,-0.0348787386938658,0.338086584992126,0.36128317188586,-0.0480490226385382,0.345015547263173,-0.145043799137064
"R_CGT",0.225842174608091,-0.0709504959965757,0.0756738482817076,-0.0146623600010646,0.0491411527846581,0.0311781371943572,-0.130013179475099,0.0814019272056776,0.147912171663412,0.0185956066817491,-0.0660786914135837,-0.0197939083286176,0.145164546359817,-0.0508633023859201,-0.118842940606183,-0.0925346364771734,-0.00182207011999592,0.182765179597101,-0.0675184163886072,0.152282322277277,0.221482314130818,0.196975676155247,0.0275583825377808,-0.00347373509730292,-0.155152557452098,0.219187371325192,-0.00503925988392152,0.191192925212886,-0.25164167605467,0.245729677391381,-0.171712739308583,0.109028517864307,-0.0326089703260758,0.0102123478583911,-0.0309948485257266,-0.100210002797518,-0.104247929305445,0.00503321731413549,0.250790658845098,0.384610677850077,-0.130027073568845,-0.18215667195121,0.101123007344736,0.120319640385953,0.0777663901565313,-0.0315529009486978,0.132013378823866,-0.136832990463464,0.190129040839897,0.039762831689235,0.0275825455747996,0.0849680814818531,-0.0266235350895685,0.0115264834961096,-0.0483415600814325,0.101381143860539,-0.0020899362651302,0.0307886743630206,-0.0472338817750292
"R_CGC",-0.219144548318991,0.0670038782963473,-0.0692886706437017,0.00110270186285946,-0.104167723042472,0.0279908174549173,0.240079275878255,0.00845652979119737,-0.146517961892649,-0.0506782286894757,0.057885138781078,0.033031254800847,-0.137127848248007,0.132107399743352,0.0501553443625539,0.122785486582469,0.0127364076839552,-0.120078830995828,0.0445426148331969,-0.0208954570190597,-0.0966817724829345,-0.0730761932521076,-0.00854151231763912,-0.0447074206261762,0.113683474712985,-0.0680852618527052,0.0881645757553924,-0.162025693328878,0.284892442312535,-0.138819738769928,-0.042724077337254,0.0764426092645199,0.259676513395218,-0.114366941900765,-0.094368441692277,0.0243567425758418,-0.0971161226672817,-0.0332172269464678,0.214727905290709,0.22580073670814,-0.206419165543209,-0.421649986716473,-0.0514050172335094,0.167704678563716,0.0681547351530255,-0.0288075647319157,0.172005710892277,-0.180825506977136,0.23464037496371,0.055737448881664,0.0397901762110443,0.097074997622927,-0.0334657526452776,-0.00332163723589776,-0.0482066318623456,0.069498880821985,0.00718846470053353,0.0255266244811549,-0.0533301316670113
"R_CGA",0.145471063633859,0.128797370109553,0.171767659744577,0.0230681286262799,-0.0985731764880846,-0.0722319229997103,0.0419417357569896,-0.0870530837045499,-0.100630109583441,0.0117181938459927,-0.210457218244869,-0.0871465976774894,0.0559512212702613,0.117184567108805,0.0906178957096506,-0.0660670540989359,-0.0599562066276015,0.216617798785911,-0.181158584352135,-0.129897880109822,-0.0578975040070054,-0.043462084967001,0.11483615537356,0.0704670462972322,0.0851345836937892,0.0760129982030695,0.193070170636393,0.221004875516875,0.193758502170172,0.191294692894158,0.357067765334262,-0.146847515967178,0.0798147559418568,0.131059113662074,0.194473386912316,-0.072936907506395,-0.00742061655245106,-0.132061669630038,-0.11136146142638,-0.275176322968423,-0.179231326519605,-0.0149295413097258,0.14317344297727,-0.00485088491418639,0.109616246807687,-0.0730904139571275,0.153807349933709,-0.173223511095136,0.0464954484398847,0.0878741100519524,0.0861564934296731,0.0858650768577749,-0.10250024081236,0.10840908060283,-0.0863992330859033,0.101936339004787,0.0571627884960083,0.00870341767319948,-0.0779268718767063
"R_CGG",-0.0233684766500621,-0.125396864250718,-0.241675710000127,0.0676283150850086,0.000526725185225687,-0.0146405952841588,-0.00413479256710005,0.0292120320021552,0.124608360216522,0.0484404876229768,-0.0992822066485448,0.151855413866152,0.180896455669693,-0.0284754853774556,-0.049709961531881,-0.048408888858758,-0.166094650399793,-0.260780241846656,0.319638774008796,0.128566261999747,-0.00965184356348529,-0.0108780605871973,-0.0294965270057061,-0.305780482559613,-0.00962517751520065,-0.136501335297549,-0.162603946380799,-0.263505397408164,-0.0904247634737569,0.177323501419846,0.0319809310924712,-0.261723045127799,-0.0557755045646781,0.227051542489149,0.22424395451916,-0.0902696994247576,0.00492672407514985,-0.142096373308084,-0.0385498745888912,-0.134396971514381,0.105920716321016,-0.12790914520144,0.153263992462778,-0.0282122123724191,-0.0233200793977454,0.0066597478516547,0.141965078187791,-0.178420207913988,0.101580126155357,0.0267464300907665,0.0502150148660312,0.0803185666165069,-0.0541518146956095,0.0603659941490363,-0.0519992913765906,0.0814227029076247,0.03026480100974,0.0268831249759427,-0.0552080020394972
"R_AGA",0.00143952191089711,-0.146629893870016,-0.194502297857818,0.115175536977692,0.230795452596549,0.0229061564296863,0.014232531894632,-0.13622028772327,0.0115052092682526,-0.0301139309269115,-0.0474278720492256,0.0709912906277303,-0.00633724954119351,0.121842488399774,-0.101220182806761,0.0122258256409813,0.136201513909398,0.0199210205534345,0.019209940060578,-0.0310604361808569,-0.167794005838356,0.247332404507543,-0.183770455835816,0.0142945405551472,-0.0206119311339055,0.21667473327458,0.226501935846832,0.0816734754815098,-0.201060635054226,-0.325114777532125,-0.170230685095084,-0.00767475364651752,0.152533125157975,-0.0161908153827857,-0.0561808494375589,0.243981114783883,0.0101827169956456,0.066555411350098,-0.0158992804593044,-0.220736040155943,0.0832219132453625,0.0932222405705929,-0.0148779494268398,-0.250357836324022,0.19963070546835,-0.031396249479289,0.135448496357728,-0.129878611458239,0.112342723052337,0.043258670765487,0.0361817491023821,0.122547156892222,-0.163911442689756,0.161628731522136,-0.0485332227015262,0.0832332122372187,0.0334612098453561,0.0336547185421744,-0.0866640886834163
"R_AGG",-0.118262695050926,0.171474983038563,0.105226352855299,-0.139837113144055,-0.178996041375281,-0.0876046253548031,-0.0778255314111605,0.127307238958546,0.00836597213798057,0.0265773274786026,0.170643343636201,-0.0739939974140728,-0.0145518337190763,-0.205587202278408,0.00770745378920717,0.0525231650634055,0.00942593169957988,-0.0298246821731176,0.0182119029840718,-0.0212664018221372,0.0591779674495357,-0.135716625118785,0.0823453179549328,0.0877395779739362,-0.0968727997027753,-0.199839561137078,-0.241766279393343,0.00231417641805262,-0.00211816462803375,0.119140157212441,-0.027679879847806,0.195079700111796,-0.154440262177486,-0.243114569545296,-0.202307852387843,0.0483284193864647,0.17258234992789,0.0748221329901502,0.0978094215445773,-0.170138780336534,0.174632775947802,0.0953843351577981,0.0677710593775034,-0.255605792010058,0.23320322775236,-0.105636163852994,0.154215443467272,-0.165706086993453,0.108670763804857,0.0981968477088476,0.0604205888793686,0.174412275800206,-0.17305051082656,0.174579467812726,-0.0746255770069462,0.136317306936681,0.0336559148122748,0.0697210418973262,-0.108920529776134
"G_GGT",0.156452914462961,-0.0134029006055874,0.00694933180503694,0.27949257615785,-0.0886074738702673,0.207682680090518,-0.173253736150375,0.0177088263088145,0.0780066509109893,0.107839750630796,-0.201040140195731,0.184969597952408,0.0327396470127621,0.0962916563860069,-0.0435772128593369,0.105582690674474,0.07895237322875,0.0315115935086742,0.0929618632963931,0.0785200120492275,-0.117378355125252,-0.0174458685040468,0.0925563708335843,0.113544970123575,0.30056077187066,-0.156389340489439,0.0226444919918652,0.114357114077269,0.0377456090170262,0.132733566370803,-0.188063582899504,0.206530356157145,0.0388209860786726,-0.199654456080782,0.0211185895517055,-0.0430201352037292,0.0108015105042925,0.105115687880897,0.101861173723256,-0.296397729480669,0.154928428941109,-0.153066028468389,0.0692740194539251,0.212619574058478,-0.0200645477391034,0.144711758977433,-0.0976328873425522,0.0738493111424555,-0.0184243839428646,0.163155270372957,-0.0655751899812671,0.157560162022132,0.135080890540389,0.0540652612760166,0.0701653556290109,-0.173486546509711,0.0511577243861072,0.0596310422129586,-0.108758092085157
"G_GGC",-0.195921142743657,-0.00510933090096334,0.105493603502688,-0.136060806051156,0.0377335093383856,-0.203773354011027,0.217427828424056,0.0766173214429294,-0.0206902489735849,-0.0959135039670234,0.118612950350791,-0.104486846174767,-0.0464608647858947,0.00968983270760305,-0.013334272204437,0.0141618945022315,0.01388120774335,-0.00735010174632915,-0.136008330562748,-0.0168822104519274,0.0404139774944815,-0.0468110449533051,-0.0953306834456868,-0.0174711049077912,-0.200157271157752,0.352716245098305,-0.0305241643057045,0.00922774986440375,-0.093952016975428,-0.0521648201155239,-0.0177628899713146,0.00437549768542094,0.00965028897486159,0.140413163565516,-0.0411162041377273,-0.297414578371268,-0.0745117370236748,-0.0731474644892391,0.0437537574013411,-0.266850840629571,0.348704069893034,-0.241475374019638,0.0889077916581565,0.152444360712747,0.00448943368719869,0.205265552768653,0.0132820900698599,0.117743837925288,-0.00638468896666541,0.179420012406325,-0.0116361837318739,0.127803406619926,0.126933832123011,0.0650212076247996,0.0845222949209401,-0.186375983738262,0.0469944300063601,0.0565753731800405,-0.106939641925598
"G_GGA",-0.158744426681043,0.0981417355475961,-0.0294781564940174,-0.19143758961784,0.150628485646569,0.11782360696565,-0.0578464704290124,-0.0776851433756182,-0.146254868791053,0.169252522947251,-0.300382680412677,0.0671900382311052,0.00770821148726023,-0.0183952974727809,-0.228818292575898,-0.371574949070096,0.0452736041609504,0.0708619598746498,-0.121053336424956,-0.0291610664288786,-0.0243439221936131,0.0595127901240886,0.0268511115688315,-0.0301582962104137,-0.180847603519404,-0.179555363360705,0.0210694039134378,-0.201273377179426,0.203328913581244,0.0340517073970011,-0.0303211119216628,-0.06597711443318,-0.0401287530049402,0.0742680296610033,-0.155925793671235,0.103972141261241,-0.0559610872549294,-0.0397721038950772,-0.039303029858296,0.162362977413026,-0.0461104850871116,0.155918304628613,0.0315565691739657,-0.0217685087730408,0.106981475219833,0.0656607046193855,0.0587140753822054,0.0531633223635356,-0.017831987384379,0.143151981224095,-0.049685679566561,0.247828144519119,0.221705821405356,0.101603477968664,0.0786602815758025,-0.247135256138924,0.028946839150484,0.0933658979267655,-0.135202185137296
"G_GGG",0.201291906298541,-0.113268061869974,-0.0777298928831863,0.0678114194060107,-0.107791388962552,-0.0873932745095984,0.00224285041280368,-0.00120286556619407,0.0864000506393441,-0.097151548467058,0.265830759074407,-0.0847410899040503,-0.0070754241213027,-0.0576992131305319,0.234682900733975,0.235471865044836,-0.0996165595667693,-0.0233077784220878,0.0998917705101914,-0.0176433606785078,0.0792437894242359,-0.064007554143623,0.0530220772917583,-0.0436946679068815,0.1223982779403,0.0361321104686274,-0.0299278060992181,0.0714797956323884,-0.0974163226815209,-0.0937251534770715,0.13311743737498,-0.1785258132929,0.0162399716390023,0.00264939993654192,0.0202394354835441,0.151916975141526,0.0127485787302838,0.0318006603765613,-0.121345201141608,0.244750309327617,-0.184916808583042,0.187985923014938,0.00403869904720084,-0.0272131260711117,0.146344853309499,0.158946561649372,0.103231649182976,-0.0128013277759695,0.00769481399076198,0.215130165997618,-0.0634282406768746,0.295297010053631,0.266605992452548,0.116971584037747,0.0969156591335948,-0.287723365631832,0.044982437805483,0.0978923839106318,-0.169187008724999
