acc	CpGpos1	CpGpos2	CpGbridge	TpApos1	TpApos2	TpAbridge
DQ666289	0.3043478260869566	0.1044972095368306	0.1257855651346	1.0	0.3085436388016091	0.10163150409335191
DQ666290	0.30434782608695654	0.10183987103027929	0.1271112592863164	1.0	0.31863739470186764	0.10339575472588769
DQ866105	0.30434782608695654	0.10287464603523988	0.13542624024873728	1.0	0.3050513338803611	0.09644961391833247
DQ866106	0.3043478260869565	0.10526315789473684	0.12317411047799501	1.0	0.3186516853932584	0.0965685488813233
DQ866108	0.30434782608695654	0.10571703194622328	0.12582283258958477	1.0	0.31439158757847224	0.10311679314859075
DQ866109	0.3043478260869566	0.10571854033829103	0.12567445931406462	1.0	0.3155012553624736	0.10317835592976905
DQ866110	0.30434782608695654	0.0951301366177658	0.13947056741275174	1.0	0.3050350643763943	0.11459983971078277
DQ866112	0.30434782608695654	0.10572243474014013	0.11739652807584054	1.0	0.33217125504455186	0.10321007376250396
DQ866116	0.3043478260869566	0.09512883252746074	0.13584153945000726	1.0	0.3050243663254381	0.1067864132586598
DQ866119	0.3043478260869566	0.10571952193803237	0.1332276574483571	1.0	0.3186189248085728	0.10352225843761824
EU086182	0.30434782608695654	0.09513472106076773	0.1399505016076644	1.0	0.3186445419035155	0.1046063095132739
EU086183	0.3043478260869566	0.09402457316759019	0.1369071153079244	1.0	0.3321785143769968	0.10400570693101141
EU159386	0.30434782608695654	0.09513472106076773	0.1399505016076644	1.0	0.3186445419035155	0.1046063095132739
EU828653	0.30434782608695654	0.10257756347318897	0.14303707311887942	1.0	0.3051260537776179	0.11166458556871121
FJ561726	0.3043478260869566	0.10139014659460589	0.14242572957691962	1.0	0.3062355152829307	0.11044312067297578
FJ561727	0.27272727272727265	0.1092325462631877	0.14312695293644764	1.0	0.3040785182082049	0.10669671756213736
FJ561728	0.3043478260869566	0.10257075560091448	0.15707362807172257	1.0	0.2822209262573652	0.11358852368350508
FJ866829	0.30434782608695654	0.10922236654441311	0.15654053448535837	1.0	0.2874381219440592	0.1117820517100798
FJ866830	0.27272727272727276	0.10795625369382386	0.1564217128367806	1.0	0.30109029064293735	0.10627409778044535
FJ866831	0.30434782608695654	0.10138995940535792	0.14360422343606755	1.0	0.2960627101446392	0.10964395681789203
GQ472468	0.2916666666666667	0.10572075511296308	0.12491601429650387	1.0	0.3186558516801854	0.10268897723426157
GQ472470	0.30434782608695654	0.10108398408477544	0.12720870635324563	1.0	0.3230559069061473	0.09871014626700206
GQ472473	0.3043478260869565	0.09835044507701078	0.12697325537935086	1.0	0.31865882517398736	0.10314947818474743
GQ472477	0.3181818181818181	0.10571757967009335	0.12703251777212138	1.0	0.3256349897135622	0.10344616215315307
GU358653	0.30434782608695654	0.09513678523980419	0.1450104568509511	1.0	0.31868142838602764	0.104653500956254
HM486355	0.30434782608695654	0.1350695962314816	0.12233933083285174	1.0	0.308466043563721	0.09851513084107463
HM486356	0.30434782608695654	0.13604411244490958	0.12225564470684143	1.0	0.3084562142642191	0.09851208795879361
HM486357	0.30434782608695654	0.1350695962314816	0.12233933083285174	1.0	0.308466043563721	0.09851513084107463
HM486358	0.30434782608695654	0.1350695962314816	0.12233933083285174	1.0	0.308466043563721	0.09851513084107463
HM486359	0.30434782608695654	0.1350695962314816	0.12233933083285174	1.0	0.308466043563721	0.09851513084107463
HM486361	0.30434782608695654	0.1350695962314816	0.12233933083285174	1.0	0.308466043563721	0.09851513084107463
HM486362	0.30434782608695654	0.1350695962314816	0.12233933083285174	1.0	0.308466043563721	0.09851513084107463
HM486364	0.30434782608695654	0.1350695962314816	0.12233933083285174	1.0	0.308466043563721	0.09851513084107463
HM486365	0.30434782608695654	0.1350695962314816	0.12233933083285174	1.0	0.308466043563721	0.09851513084107463
HM486366	0.30434782608695654	0.1350695962314816	0.12233933083285174	1.0	0.308466043563721	0.09851513084107463
HM486367	0.30434782608695654	0.1350695962314816	0.12233933083285174	1.0	0.308466043563721	0.09851513084107463
HM486368	0.30434782608695654	0.10571948586167657	0.12240030469083679	1.0	0.3186076037948995	0.10311657150546713
HM486369	0.3043478260869565	0.13567301457093336	0.12207063911629708	1.0	0.30847811049513285	0.09982596627799743
HM486370	0.30434782608695654	0.1350695962314816	0.12233933083285174	1.0	0.308466043563721	0.09851513084107463
HM486371	0.30434782608695654	0.1350695962314816	0.12233933083285174	1.0	0.308466043563721	0.09851513084107463
HM486372	0.30434782608695654	0.1350695962314816	0.12233933083285174	1.0	0.308466043563721	0.09851513084107463
HM486373	0.30434782608695654	0.1350695962314816	0.12233933083285174	1.0	0.308466043563721	0.09851513084107463
HM486374	0.30434782608695654	0.13505027442223705	0.12232561375701453	1.0	0.31271093400561134	0.09853552025691512
HM486375	0.30434782608695654	0.13505027442223705	0.12232561375701453	1.0	0.31271093400561134	0.09853552025691512
HM486379	0.30434782608695654	0.13506696938936238	0.12234809248209275	1.0	0.3084562142642191	0.09826655653981403
HM486380	0.30434782608695654	0.13506696938936238	0.12234809248209275	1.0	0.3084562142642191	0.09826655653981403
HM486381	0.2916666666666667	0.10181433177603552	0.1393129193721823	1.0	0.30404623123602675	0.11227759414379794
JF819605	0.30434782608695654	0.13410073446643192	0.12250417620506826	1.0	0.3156823211212195	0.09541219837080901
JF819615	0.3043478260869565	0.13408908185701532	0.12240885465991916	1.0	0.31170291433260067	0.0984251752543256
JF819622	0.30434782608695654	0.1350695962314816	0.12233933083285174	1.0	0.308466043563721	0.09851513084107463
JN974823	0.3043478260869565	0.10332804978006405	0.12171652976516864	1.0	0.294974617764561	0.09747091210636141
JN974824	0.3043478260869565	0.09512169863428918	0.14951669743457344	1.0	0.30506016383768264	0.11166720859512287
JN974828	0.30434782608695654	0.10571881408825957	0.12706235848834108	1.0	0.31866299159126765	0.09843574576748804
JN974829	0.30434782608695654	0.09835182419372654	0.12706235848834108	1.0	0.3290490742405177	0.09843574576748804
JN974838	0.30434782608695654	0.10256492841156735	0.14337469459413968	1.0	0.30726594779804495	0.11267242557367019
JN974842	0.3043478260869566	0.10333598156687841	0.12297397729198933	1.0	0.28498424921246057	0.09222675173665144
JN974845	0.30434782608695654	0.10333004838272848	0.12170803379126782	1.0	0.284947797275248	0.09746745228553172
JN974854	0.30434782608695654	0.1350695962314816	0.12233933083285174	1.0	0.308466043563721	0.09851513084107463
JN974870	0.27272727272727276	0.13350517505642776	0.1242396458740676	1.0	0.30848568679336064	0.09833522066478412
JN974871	0.3043478260869565	0.13508411267477133	0.13377447192101022	1.0	0.30851958663782747	0.10079413777810146
JN974872	0.30434782608695654	0.13508621784169883	0.12236186471522541	1.0	0.3084539681584254	0.10697521329140594
JN974873	0.36363636363636365	0.13512783844975393	0.12358045407712648	1.0	0.31556010006750584	0.0987825041291211
JQ970480	0.3043478260869565	0.10332804978006405	0.12171652976516864	1.0	0.27138465851631577	0.09747091210636141
KT221107	0.30434782608695654	0.10456627902472533	0.1308660025607231	1.0	0.2920556579651543	0.08542404810473983
KT894558	0.3043478260869565	0.1069786675430926	0.12180742235966559	1.0	0.2751346362539174	0.10918116799815776
KT894572	0.30434782608695654	0.10777562976265503	0.13487815067154155	1.0	0.2849637227920941	0.11358251635987078
KT894573	0.3043478260869566	0.10030272517797342	0.11701118350690036	1.0	0.2749076567333006	0.09065996923579027
KT894577	0.3043478260869566	0.11744908542158185	0.11800686673092467	1.0	0.31553417241311177	0.09429045051774698
KT894578	0.30434782608695654	0.11744759957663597	0.1180707644592943	1.0	0.31555037626656657	0.0943079727735269
KX148264	0.30434782608695654	0.09513678523980419	0.14939213712260216	1.0	0.31868142838602764	0.104653500956254
KY451767	0.3043478260869565	0.10998254903003256	0.12174982030451417	1.0	0.2949815298675556	0.09704702006242927
MG201879	0.30434782608695654	0.11225581560653904	0.12703384057479666	1.0	0.3186742957570674	0.0984664464083369
MG201880	0.3043478260869565	0.0979268599685076	0.12697325537935086	1.0	0.3154929020522757	0.10103920725013427
MG201884	0.30434782608695654	0.10571881408825957	0.11759930068932498	1.0	0.31866299159126765	0.09843574576748804
MG201919	0.30434782608695654	0.10571887325468335	0.12714079751221424	1.0	0.31867429575706735	0.09846232987584498
MG201921	0.30434782608695654	0.0866573923063241	0.13462393711933823	1.0	0.3064831038798498	0.10043877222728634
FJ598135	0.30434782608695654	0.09400171026420041	0.13231498147238566	1.0	0.2862194053271923	0.11619913656013584
FJ712195	0.30434782608695654	0.07109647714021824	0.14244227552984418	1.0	0.2690749941339102	0.10455504874301752
FJ712196	0.30434782608695654	0.07929016271433018	0.13388138770270247	1.0	0.26977264481799496	0.10698434409191195
GU647092	0.30434782608695654	0.09468476692095797	0.1316149087537935	1.0	0.2935334407735697	0.10084774603202379
KF726852	0.3043478260869565	0.0860218251086504	0.13697722375700522	1.0	0.286530388200494	0.10241635523508642
KP319184	0.3043478260869565	0.0860218251086504	0.13697722375700522	1.0	0.286530388200494	0.10241635523508642
KP319185	0.30434782608695654	0.09468610607484716	0.13177989398101206	1.0	0.2834690857102584	0.10089506632885926
KP319186	0.30434782608695654	0.09359333111248495	0.13642362043832143	1.0	0.27265054309054193	0.10603590286284224
KP319187	0.3043478260869566	0.0872948351323975	0.13177009546158738	1.0	0.2764734937451489	0.1044673496535796
KP319188	0.3043478260869565	0.09359492183222633	0.13649549193416685	1.0	0.2726606131222628	0.10127105576935573
KP319189	0.3043478260869566	0.0872948351323975	0.13177009546158738	1.0	0.2764734937451489	0.1044673496535796
KP319190	0.3043478260869565	0.09468324812115457	0.13153934647656726	1.0	0.29350301271587775	0.10082694364206965
KP319191	0.30434782608695654	0.09468636335342093	0.13159967314820356	1.0	0.2935501737072655	0.10084168957895337
KP319192	0.30434782608695654	0.09468476692095797	0.1316149087537935	1.0	0.2935334407735697	0.10084774603202379
KP319193	0.3043478260869565	0.08664943720783587	0.1311378693469035	1.0	0.2834362502644277	0.1102175173488095
KP319194	0.3043478260869566	0.08665383824711122	0.13558693481824613	1.0	0.2848338719198023	0.10288033244112564
KP319195	0.3043478260869565	0.08665436121055957	0.13691740518863835	1.0	0.2825969178906815	0.10240405406683491
KP319196	0.30434782608695654	0.08665059888893636	0.13659626034969166	1.0	0.28259342511941554	0.10235043189578574
KP319197	0.30434782608695654	0.08665059888893636	0.13659626034969166	1.0	0.28259342511941554	0.10235043189578574
KP319198	0.30434782608695654	0.08665059888893636	0.13659626034969166	1.0	0.28259342511941554	0.10235043189578574
KP319199	0.2916666666666667	0.09360080258911739	0.12987153768015136	1.0	0.2726303829795792	0.11075739470948012
KP319200	0.30434782608695654	0.08665059888893636	0.13659626034969166	1.0	0.28259342511941554	0.10235043189578574
KP319201	0.2916666666666667	0.09359909662832061	0.12057498428148906	1.0	0.27262029288702927	0.11073639212909187
KP319202	0.30434782608695654	0.08665059888893636	0.13659626034969166	1.0	0.28259342511941554	0.10235043189578574
KP319203	0.30434782608695654	0.08565463628762501	0.12761548430883843	1.0	0.28365447502138147	0.1041469963781355
KP319204	0.30434782608695654	0.0856490577711614	0.13134320255935172	1.0	0.2826396549994985	0.1014299385811328
KP319205	0.3043478260869566	0.09722970100357956	0.13192332204071072	1.0	0.28257291394849354	0.10090004784315343
KP319206	0.3043478260869566	0.08728379825909996	0.12227109219762897	1.0	0.2596003510293836	0.10082030439645882
KP319207	0.3043478260869566	0.09468560347439134	0.12228518262183326	1.0	0.2595750262329486	0.10082525013324281
KP319208	0.30434782608695654	0.08665059888893636	0.13659626034969166	1.0	0.28259342511941554	0.10235043189578574
KP319209	0.30434782608695654	0.08665059888893636	0.13659626034969166	1.0	0.28259342511941554	0.10235043189578574
KP319210	0.30434782608695654	0.08665059888893636	0.13659626034969166	1.0	0.28259342511941554	0.10235043189578574
KP319211	0.30434782608695654	0.08665059888893636	0.13659626034969166	1.0	0.28259342511941554	0.10235043189578574
KP319212	0.30434782608695654	0.0856490577711614	0.13134320255935172	1.0	0.2826396549994985	0.1014299385811328
KP319213	0.30434782608695654	0.08665059888893636	0.13659626034969166	1.0	0.28259342511941554	0.10235043189578574
AB519642	0.25	0.08438539189252776	0.11602199347053067	1.0	0.2583253306898795	0.1095586773290999
AF070449	0.25	0.10453544188638929	0.09758639183061725	1.0	0.2581603295179351	0.1017061877422253
AF351847	0.26086956521739124	0.10157337720405786	0.13533793947378672	1.0	0.27688955718538066	0.10675535915647177
AF351852	0.25	0.11013475425403114	0.09920484422431604	1.0	0.26849782743637496	0.11095699924515966
AY854587	0.19999999999999998	0.09684085376446568	0.1341640449434019	1.0	0.2506704772555476	0.10419489250197596
AY854592	0.21739130434782608	0.1120458013430941	0.0876725015146091	1.0	0.24424077285112705	0.10829692292657886
AY854594	0.21739130434782603	0.1006467495705183	0.09213937623355738	1.0	0.24426811399797757	0.10333673390638558
AY877433	0.24	0.11260875045892667	0.10989089816892351	1.0	0.23459317800253882	0.07437422988025633
AY877434	0.25	0.10301318883732387	0.09939298266898773	1.0	0.27881467097720447	0.09980832909984581
AY877435	0.25	0.09192667210496104	0.09699930646710983	1.0	0.2685520034717199	0.10949088622254101
GU592648	0.25	0.07290954980737181	0.10758126696191682	1.0	0.25837379894617213	0.10888388474697257
KF656696	0.21739130434782608	0.07942885467796501	0.08772049139281683	1.0	0.24431349075297223	0.10482059621644016
KF656697	0.21739130434782608	0.07942885467796501	0.08772049139281683	1.0	0.24431349075297223	0.10482059621644016
KF864234	0.25	0.11155321344523933	0.09756318877658023	1.0	0.23749909469959546	0.10194482904669734
KF864322	0.29166666666666674	0.11157823248631177	0.10203988411652418	1.0	0.24782707669384543	0.10645690809211569
KF864397	0.2608695652173913	0.11235417194375862	0.08116124989334067	1.0	0.2509241672283153	0.10704300446028697
KM594040	0.25	0.1133222451252064	0.11941076535300321	1.0	0.2684956429154736	0.10519225484292678
KM594041	0.29166666666666674	0.07011656307744141	0.08077046363549081	1.0	0.22761967974778063	0.0880391626202507
KM594042	0.25	0.11333342250928007	0.11223211429953496	1.0	0.26849346195955304	0.096103182609869
KP202393	0.26086956521739124	0.09194066712852464	0.09678940473558037	1.0	0.2838838960408064	0.11334919772023967
KT023101	0.30434782608695654	0.07011276171475454	0.09720928889330346	1.0	0.2169603752828113	0.11666615856120967
KU523255	0.30434782608695654	0.07011276171475454	0.09720928889330346	1.0	0.2169603752828113	0.11666615856120967
MN968374	0.2173913043478261	0.09366037189631692	0.110649034183912	1.0	0.27889369592089003	0.1064956714540378
MN968375	0.21739130434782608	0.09366506947996223	0.11066985099567742	1.0	0.2789064511146579	0.10656907603350466
MN968376	0.21739130434782608	0.09366506947996223	0.11066985099567742	1.0	0.2789064511146579	0.10656907603350466
MN968377	0.21739130434782605	0.09363090038836079	0.11059998320041062	1.0	0.2788884425630092	0.10655230593178336
MN968378	0.21739130434782605	0.09363090038836079	0.11059998320041062	1.0	0.2788884425630092	0.10655230593178336
MN968379	0.21739130434782605	0.09363090038836079	0.11059998320041062	1.0	0.2788884425630092	0.10655230593178336
MN968380	0.21739130434782605	0.09363090038836079	0.11059998320041062	1.0	0.2788884425630092	0.10655230593178336
MN968381	0.21739130434782605	0.09363090038836079	0.11059998320041062	1.0	0.2788884425630092	0.10655230593178336
MN968382	0.21739130434782605	0.09363090038836079	0.11059998320041062	1.0	0.2788884425630092	0.10655230593178336
MN968383	0.21739130434782605	0.09363090038836079	0.11059998320041062	1.0	0.2788884425630092	0.10655230593178336
MN968384	0.21739130434782605	0.09363090038836079	0.11059998320041062	1.0	0.2788884425630092	0.10655230593178336
MN968385	0.21739130434782605	0.09363090038836079	0.11059998320041062	1.0	0.2788884425630092	0.10655230593178336
MN968386	0.21739130434782605	0.0936355568347897	0.11062079009117963	1.0	0.27890119846793787	0.10444194681255894
MN968387	0.21739130434782608	0.09366506947996223	0.11066985099567742	1.0	0.2789064511146579	0.10656907603350466
MT891038	0.26086956521739124	0.10692312753875187	0.09974294366080488	1.0	0.2582309099742606	0.12669194253147445
MW249020	0.25	0.10301244224698773	0.1041947735065734	1.0	0.28251940224570676	0.10440843980229526
MW249021	0.26086956521739124	0.10692312753875187	0.09974294366080488	1.0	0.2582309099742606	0.12669194253147445
AB284509	0.2727272727272727	0.09547645069807002	0.15828763265252274	1.0	0.2781247497798062	0.07352916161557119
AB284510	0.2727272727272727	0.09547645069807002	0.15828763265252274	1.0	0.2781247497798062	0.07352916161557119
AB284511	0.2727272727272727	0.0954773677232193	0.15034539539590278	1.0	0.2781496712994927	0.07314569234660263
AB284512	0.2727272727272727	0.10289898678260591	0.15810501880383576	1.0	0.2780488293577246	0.07346923960851574
AB284513	0.22727272727272727	0.09546348999473347	0.15817745968026037	1.0	0.2781502011085986	0.08508319107322086
AB284514	0.2727272727272727	0.10289898678260591	0.15810501880383576	1.0	0.2780488293577246	0.07346923960851574
AB285215	0.2727272727272727	0.09547645069807002	0.15828763265252274	1.0	0.2781247497798062	0.07352916161557119
EU853582	0.26086956521739124	0.0852148375170466	0.14156848177049766	1.0	0.2780987473841255	0.07941483260697428
EU853584	0.27272727272727276	0.09303015107870452	0.17879989823338666	1.0	0.2884006591102012	0.0804266768141765
EU853585	0.27272727272727276	0.09303015107870452	0.17879989823338666	1.0	0.2884006591102012	0.0804266768141765
EU853586	0.2727272727272727	0.0809813202482393	0.17880035913113343	1.0	0.2884227551366786	0.08041543757829765
EU853587	0.27272727272727265	0.09264856635931686	0.15950406985236798	1.0	0.28825071019885573	0.08218906312138041
EU853588	0.27272727272727265	0.09264856635931686	0.15950406985236798	1.0	0.28825071019885573	0.08218906312138041
EU853589	0.27272727272727265	0.09264856635931686	0.15950406985236798	1.0	0.28825071019885573	0.08218906312138041
EU853590	0.2857142857142857	0.09264617766711628	0.1595066049748486	1.0	0.2882728827288273	0.08429817083457065
HM179504	0.2727272727272727	0.10350064891131121	0.15088559879840566	1.0	0.29141342364407885	0.08670144381997
HM179505	0.27272727272727276	0.10342556331648368	0.16645224629486702	1.0	0.2774563025711388	0.08028139121183749
HM179506	0.23809523809523808	0.09533941873218986	0.14694035904370698	1.0	0.2709783507858685	0.0811432879248417
KF155002	0.2857142857142857	0.08520579337594093	0.16340093818074547	1.0	0.2577896031928621	0.08870249044331349
KR534217	0.2272727272727272	0.07814289518947488	0.17279814717584582	1.0	0.2780702192478649	0.08284103534708355
KR534218	0.2272727272727273	0.07817013735098266	0.1655572841571628	1.0	0.2883883533935973	0.08285522519810691
KR534219	0.2727272727272727	0.09839416691819104	0.15044566649809774	1.0	0.28512347515620345	0.09128567971229418
KR534220	0.2272727272727273	0.07817013735098266	0.1655572841571628	1.0	0.2883883533935973	0.08285522519810691
KR534228	0.27272727272727265	0.1058954284553266	0.1504600783244476	1.0	0.28507065735154014	0.09624384834731564
KR534229	0.2727272727272727	0.077765788833175	0.1727895919567723	1.0	0.27801986927059386	0.08730410811273855
KR534230	0.2727272727272727	0.11257592811492124	0.160194690032097	1.0	0.2891225110702774	0.09145122344828688
KR534231	0.27272727272727265	0.1058954284553266	0.1504600783244476	1.0	0.28507065735154014	0.09624384834731564
KR534233	0.2727272727272727	0.0778138365624412	0.16555532026625727	1.0	0.28836623771081443	0.08236466628517708
KR534238	0.2727272727272727	0.10590080308775207	0.14604604383838402	1.0	0.2850378223837036	0.09621365099346882
KR534244	0.2727272727272727	0.07778799691993012	0.1750118029674033	1.0	0.2883662377108145	0.08234888224907522
KR534247	0.2727272727272727	0.07778799691993012	0.1750118029674033	1.0	0.2883662377108145	0.08234888224907522
KR534249	0.2727272727272727	0.07778799691993012	0.1750118029674033	1.0	0.2883662377108145	0.08234888224907522
KR534250	0.2727272727272727	0.07778113694625816	0.1766698026132154	1.0	0.28843004912336756	0.08240447157204177
KR534251	0.2727272727272727	0.10591943901148508	0.15044305737079622	1.0	0.28510347016924265	0.09129498606991351
KR534252	0.22727272727272727	0.11808573651884471	0.15501134622644325	1.0	0.295188479290058	0.08758871172191715
KR534253	0.2727272727272727	0.07036086816783868	0.16555956139149972	1.0	0.2883564312906545	0.08231029866578335
KR906734	0.2727272727272727	0.09839416691819104	0.15044566649809774	1.0	0.28512347515620345	0.09128567971229418
KR906735	0.2727272727272727	0.09306413851608247	0.16488281530245286	1.0	0.28823582385255003	0.08784233785584211
KR906736	0.2727272727272727	0.09306182539407785	0.1648849549554055	1.0	0.2882580077226257	0.08783179319393235
KR906739	0.2727272727272727	0.0937429683609303	0.16943173898066974	1.0	0.285274372735014	0.08254608209976654
KR906741	0.2727272727272727	0.07777333308383842	0.16538105724771368	1.0	0.3017933766090879	0.0918436242037035
KR906742	0.27272727272727265	0.08518804027063617	0.16340409982124918	1.0	0.2577672380151893	0.08728542792254311
KR906743	0.27272727272727265	0.1058954284553266	0.1504600783244476	1.0	0.28507065735154014	0.09624384834731564
KR906744	0.2727272727272727	0.09374574004051715	0.16002074933962945	1.0	0.2852416798732171	0.08251850290872154
KR906745	0.2727272727272727	0.0703388087441949	0.16555992368532435	1.0	0.2782243551289742	0.08227763654677729
KR906746	0.2727272727272727	0.11205920069379442	0.1446671593561379	1.0	0.295330162140044	0.0876816370548697
KR906747	0.27272727272727265	0.11205950207116024	0.1491509930410141	1.0	0.2953427235809781	0.08772217638369319
KR906748	0.3181818181818182	0.07735351062355243	0.15955099254455563	1.0	0.30182305201295323	0.08049838226972265
KR906749	0.2727272727272727	0.0852207361553978	0.1653785433827482	1.0	0.30182076330077084	0.08725706399618108
KR906750	0.27272727272727265	0.08518804027063617	0.16340409982124918	1.0	0.2577672380151893	0.08728542792254311
KR906751	0.28571428571428575	0.1120527407688648	0.1492379003111307	1.0	0.2953966939614193	0.08910182757016916
KR906752	0.3181818181818182	0.07735351062355243	0.15955099254455563	1.0	0.30182305201295323	0.08049838226972265
KR906754	0.27272727272727265	0.08518804027063617	0.16340409982124918	1.0	0.2577672380151893	0.08728542792254311
KR906755	0.2727272727272727	0.07778799691993012	0.1750118029674033	1.0	0.2883662377108145	0.08234888224907522
KR906756	0.2727272727272727	0.07776225623770522	0.16573867390056224	1.0	0.2748481336423947	0.08233261108707968
KR906757	0.28571428571428575	0.09374138087614026	0.1492379003111307	1.0	0.2821843790790153	0.08922047241340536
KR906759	0.2727272727272727	0.10590502423771776	0.15037113048807313	1.0	0.28501777451194565	0.10489986411762896
KR906760	0.2727272727272727	0.0778138365624412	0.16555532026625727	1.0	0.28836623771081443	0.08236466628517708
KR906762	0.27272727272727276	0.08518527409664885	0.16714757047073692	1.0	0.26787107616589634	0.08727496975555349
KR906763	0.2727272727272727	0.09305704878249817	0.1665354338804467	1.0	0.28924326763953667	0.08399587674269053
KR906765	0.2727272727272727	0.0930663919086387	0.1648806561565448	1.0	0.28821362799263356	0.08785252923917686
KR906766	0.2727272727272727	0.09305942064976995	0.16497418402709216	1.0	0.28829	0.0878607988486396
KR906767	0.2727272727272727	0.07776944494686726	0.15620402581170176	1.0	0.2883023395320935	0.08727553364899603
KR906768	0.27272727272727265	0.08518804027063617	0.16340409982124918	1.0	0.2577672380151893	0.08728542792254311
KR906770	0.2727272727272727	0.1200529037979083	0.15992620562480578	1.0	0.2890269276000362	0.09136264722217832
KR906771	0.2727272727272727	0.07778799691993012	0.1750118029674033	1.0	0.2883662377108145	0.08234888224907522
KR906772	0.2727272727272727	0.0778138365624412	0.16555532026625727	1.0	0.28836623771081443	0.08236466628517708
KR906773	0.2727272727272727	0.07035651837159161	0.16998843153109866	1.0	0.2883883533935973	0.08233798344496726
KR906774	0.2727272727272727	0.10591943901148508	0.15044305737079622	1.0	0.28510347016924265	0.09129498606991351
KR906776	0.2727272727272727	0.1200529037979083	0.15992620562480578	1.0	0.2890269276000362	0.09136264722217832
KR906780	0.2727272727272727	0.07035651837159161	0.16564928939007284	1.0	0.2883883533935973	0.08233798344496726
KR906782	0.2727272727272727	0.07778799691993012	0.1750118029674033	1.0	0.2883662377108145	0.08234888224907522
KR906784	0.27272727272727265	0.1275199173293427	0.15992468949401306	1.0	0.28900775178210547	0.09137112657372083
KR906789	0.2727272727272727	0.1200529037979083	0.15992620562480578	1.0	0.2890269276000362	0.09136264722217832
KR906790	0.27272727272727265	0.1302540419788409	0.1551779848459819	1.0	0.2887072808320952	0.08768235647467039
KR906792	0.27272727272727265	0.0777747704411292	0.17685841438471003	1.0	0.28849377394636017	0.08246044397267391
KT336432	0.2727272727272727	0.10341495989164894	0.16274960748083875	1.0	0.281136168709954	0.08456326954478892
KT336433	0.27272727272727265	0.09604409361785757	0.1468607097528808	1.0	0.2811298477188096	0.07829290548680645
KT336434	0.2727272727272727	0.11073322390239088	0.17488490402505363	1.0	0.2813490745493523	0.09967127829693104
KT336435	0.2727272727272727	0.09890092657615569	0.15961014857073985	1.0	0.27775089226302097	0.09034809728410946
KT336436	0.2727272727272727	0.10346974731414131	0.16959166612232834	1.0	0.2912932009043927	0.07841902833035476
KT336437	0.2727272727272727	0.09817524072407877	0.15672189270451148	1.0	0.2776869842422775	0.09260727080867473
KX148203	0.2727272727272727	0.11535933380878707	0.15615541562396285	1.0	0.29136153644414853	0.07846927627817539
KX148204	0.2727272727272727	0.10058511295524467	0.12778388111750477	1.0	0.2911741528762805	0.09548165420335275
KX148205	0.26086956521739124	0.0852148375170466	0.14156848177049766	1.0	0.2780987473841255	0.07941483260697428
KX148206	0.2727272727272727	0.09665380323177979	0.15995775248703673	1.0	0.2752384540641298	0.0962034890836796
KX148208	0.3181818181818182	0.10454095339800176	0.14968792820442717	1.0	0.23403260560230918	0.10439936330258877
KY210222	0.2272727272727272	0.07814289518947488	0.17279814717584582	1.0	0.2780702192478649	0.08284103534708355
KY210223	0.2727272727272727	0.10591943901148508	0.15044305737079622	1.0	0.28510347016924265	0.09129498606991351
KY210224	0.27272727272727276	0.0777778921814312	0.17676438622549617	1.0	0.2884619223475397	0.08243240879243885
KY210226	0.2727272727272727	0.07778113694625816	0.1766698026132154	1.0	0.28843004912336756	0.08240447157204177
KY210227	0.2727272727272727	0.1200529037979083	0.15992620562480578	1.0	0.2890269276000362	0.09136264722217832
KY210229	0.2727272727272727	0.07778799691993012	0.1750118029674033	1.0	0.2883662377108145	0.08234888224907522
KY210231	0.2727272727272727	0.07778799691993012	0.1750118029674033	1.0	0.2883662377108145	0.08234888224907522
KY210232	0.2727272727272727	0.07778799691993012	0.1750118029674033	1.0	0.2883662377108145	0.08234888224907522
KY210234	0.2727272727272727	0.07778799691993012	0.1750118029674033	1.0	0.2883662377108145	0.08234888224907522
KY210235	0.2727272727272727	0.07778799691993012	0.1750118029674033	1.0	0.2883662377108145	0.08234888224907522
KY210238	0.2727272727272727	0.07778799691993012	0.1750118029674033	1.0	0.2883662377108145	0.08234888224907522
KY210239	0.2727272727272727	0.07778799691993012	0.1750118029674033	1.0	0.2883662377108145	0.08234888224907522
KY210243	0.2727272727272727	0.07779174259286475	0.1750108828711789	1.0	0.27825026733692443	0.0823594513268379
KY210244	0.27272727272727276	0.0777778921814312	0.17676438622549617	1.0	0.2884619223475397	0.08243240879243885
KY210245	0.27272727272727265	0.1302540419788409	0.1551779848459819	1.0	0.2887072808320952	0.08768235647467039
KY210247	0.2727272727272727	0.08981357935009412	0.1750108828711789	1.0	0.28834411009284333	0.0823594513268379
KY210248	0.27272727272727276	0.0777778921814312	0.17676438622549617	1.0	0.2884619223475397	0.08243240879243885
KY210249	0.27272727272727265	0.07778450507487163	0.17944796853418463	1.0	0.2883981542518128	0.08237663012703463
KY210250	0.2727272727272727	0.07778799691993012	0.1750118029674033	1.0	0.2883662377108145	0.08234888224907522
KY210251	0.2727272727272727	0.07778799691993012	0.1750118029674033	1.0	0.2883662377108145	0.08234888224907522
KY210252	0.27272727272727265	0.1302540419788409	0.1551779848459819	1.0	0.2887072808320952	0.08768235647467039
KY210253	0.27272727272727265	0.11260916840288927	0.15042869741694342	1.0	0.2994342334013325	0.0913379215779434
KY210254	0.27272727272727265	0.11260916840288927	0.15042869741694342	1.0	0.2994342334013325	0.0913379215779434
KY210255	0.27272727272727265	0.11260916840288927	0.15042869741694342	1.0	0.2994342334013325	0.0913379215779434
KY210256	0.27272727272727265	0.11260916840288927	0.15042869741694342	1.0	0.2994342334013325	0.0913379215779434
KY210257	0.2727272727272727	0.1200529037979083	0.15992620562480578	1.0	0.2890269276000362	0.09136264722217832
KY210258	0.2727272727272727	0.07778799691993012	0.1750118029674033	1.0	0.2883662377108145	0.08234888224907522
KY210260	0.2727272727272727	0.07778799691993012	0.1750118029674033	1.0	0.2883662377108145	0.08234888224907522
KY210263	0.2727272727272727	0.13026250416088023	0.15509172667228088	1.0	0.28868563954179716	0.08765344006563891
KY210264	0.27272727272727265	0.11259552302845241	0.15052363254034162	1.0	0.2753678578253391	0.08751954830961635
KY210265	0.27272727272727276	0.0777778921814312	0.17676438622549617	1.0	0.2884619223475397	0.08243240879243885
KY210266	0.27272727272727265	0.11260916840288927	0.15042869741694342	1.0	0.2994342334013325	0.0913379215779434
KY210267	0.2727272727272727	0.07776225623770522	0.16573867390056224	1.0	0.2748481336423947	0.08233261108707968
KY210269	0.2727272727272727	0.1200529037979083	0.15992620562480578	1.0	0.2890269276000362	0.09136264722217832
KY210270	0.2727272727272727	0.1200529037979083	0.15992620562480578	1.0	0.2890269276000362	0.09136264722217832
KY210271	0.2727272727272727	0.07778799691993012	0.1750118029674033	1.0	0.2883662377108145	0.08234888224907522
KY210272	0.2727272727272727	0.07778799691993012	0.1750118029674033	1.0	0.2883662377108145	0.08234888224907522
KY210273	0.27272727272727276	0.0777778921814312	0.17676438622549617	1.0	0.2884619223475397	0.08243240879243885
KY210278	0.2727272727272727	0.07035651837159161	0.16564928939007284	1.0	0.2883883533935973	0.08233798344496726
KY210279	0.28571428571428564	0.12005561608437251	0.16767837709932806	1.0	0.28900775178210547	0.09339585972422469
KY210280	0.2727272727272727	0.10591943901148508	0.15044305737079622	1.0	0.28510347016924265	0.09129498606991351
KY210281	0.2727272727272727	0.10591943901148508	0.15044305737079622	1.0	0.28510347016924265	0.09129498606991351
KY210282	0.2727272727272727	0.10591943901148508	0.15044305737079622	1.0	0.28510347016924265	0.09129498606991351
KY210286	0.2727272727272727	0.07035651837159161	0.16564928939007284	1.0	0.2883883533935973	0.08233798344496726
KY210287	0.27272727272727265	0.07035179126365702	0.16565127389780418	1.0	0.28841045715084573	0.0823267539386426
KY210288	0.27272727272727265	0.07035179126365702	0.16565127389780418	1.0	0.28841045715084573	0.0823267539386426
KY210289	0.2727272727272727	0.07778799691993012	0.1750118029674033	1.0	0.2883662377108145	0.08234888224907522
KY210290	0.2727272727272727	0.07778799691993012	0.1750118029674033	1.0	0.2883662377108145	0.08234888224907522
KY210292	0.2727272727272727	0.07778799691993012	0.1750118029674033	1.0	0.2883662377108145	0.08234888224907522
KY210293	0.2727272727272727	0.07778799691993012	0.1750118029674033	1.0	0.2883662377108145	0.08234888224907522
KY210294	0.2727272727272727	0.1200529037979083	0.15992620562480578	1.0	0.2890269276000362	0.09136264722217832
KY210295	0.27272727272727265	0.07035179126365702	0.16565127389780418	1.0	0.28841045715084573	0.0823267539386426
KY210296	0.27272727272727265	0.07035179126365702	0.16565127389780418	1.0	0.28841045715084573	0.0823267539386426
KY210299	0.2727272727272727	0.07778799691993012	0.1750118029674033	1.0	0.2883662377108145	0.08234888224907522
KY210300	0.2727272727272727	0.07778799691993012	0.1750118029674033	1.0	0.2883662377108145	0.08234888224907522
KY210303	0.27272727272727276	0.0777778921814312	0.17676438622549617	1.0	0.2884619223475397	0.08243240879243885
KY210304	0.2727272727272727	0.12004969927216291	0.16001623032766524	1.0	0.28905881052621	0.08906179770368383
KY210307	0.2727272727272727	0.07778799691993012	0.1750118029674033	1.0	0.2883662377108145	0.08234888224907522
KY210311	0.2727272727272727	0.13026250416088023	0.15509172667228088	1.0	0.28868563954179716	0.08765344006563891
KY563717	0.2727272727272727	0.10990572817790042	0.1655959765120661	1.0	0.2813490745493524	0.0993706605691411
LC029890	0.3181818181818182	0.10405154609293824	0.14955547707855787	1.0	0.2479170260917219	0.09349586415384903
MN726804	0.28571428571428575	0.08518527409664885	0.1634133811999826	1.0	0.2577876478002521	0.09370914018754085
MN726826	0.2727272727272727	0.08518243552733154	0.1727810708896149	1.0	0.2678887522126549	0.08726415558586698
MN726827	0.27272727272727265	0.08516192034703851	0.1822333344287192	1.0	0.2678887522126549	0.08724092198543247
MT454631	0.27272727272727265	0.10341151237107717	0.1628372725407967	1.0	0.2811636304948657	0.0845899385421154
MT454634	0.2727272727272727	0.10341495989164894	0.16274960748083875	1.0	0.281136168709954	0.08456326954478892
MT454635	0.2727272727272727	0.10342232117506049	0.16265219382735654	1.0	0.26742389822807816	0.08686796149914988
MT454636	0.2727272727272727	0.10341495989164894	0.16274960748083875	1.0	0.281136168709954	0.08456326954478892
MT454637	0.27272727272727265	0.10340818698665447	0.16292443686817915	1.0	0.28119107400348886	0.08461670615422501
MT454639	0.2727272727272727	0.10341495989164894	0.16274960748083875	1.0	0.281136168709954	0.08456326954478892
MT454641	0.2727272727272727	0.10341852990876099	0.16266143690368784	1.0	0.2811086886304909	0.08453669694487344
MT454643	0.23809523809523805	0.10709790793601588	0.12745986028607617	1.0	0.2942761767678314	0.09505821886328633
MT454644	0.2727272727272727	0.09376034328804127	0.15854055760734756	1.0	0.2884031633182889	0.09137307513024244
MT454645	0.23809523809523805	0.10710458817437964	0.1273893386134107	1.0	0.29424259134448466	0.09737796334749171
AF351828	0.3043478260869565	0.09945427703218075	0.1359552907808399	1.0	0.22776734681175506	0.09475795144544072
AF351831	0.2608695652173913	0.11642766843126863	0.12816947479056792	1.0	0.26219081272084804	0.09620501862226664
AF351832	0.30434782608695654	0.1067282840623819	0.12444702727435338	1.0	0.2667355853527522	0.0937807977675248
AF351833	0.26086956521739135	0.07402084443598451	0.12766311238729441	1.0	0.2668286755771567	0.10843362513758681
AF351855	0.26086956521739124	0.08247728206465124	0.1455965631858568	1.0	0.2804314028414703	0.11387050764669616
AF351861	0.26086956521739124	0.08123289479757326	0.14607557588484274	1.0	0.2668824451250115	0.10417767905288776
AF351862	0.26086956521739135	0.08214469709159272	0.1276837808755161	1.0	0.24523286130565924	0.1052241978009571
AY039227	0.2608695652173913	0.08986514142978422	0.11873077410006283	1.0	0.27682659966770673	0.10194991617319796
AY039228	0.2608695652173913	0.07487867123849923	0.13609351742084175	1.0	0.26688249279174464	0.10268150302678732
AY039229	0.2608695652173913	0.09405190643305623	0.12940456878630222	1.0	0.2692476902771667	0.10647916173336477
GU644652	0.2608695652173913	0.07436171167016437	0.15387845053164628	1.0	0.2590469477241394	0.11295380191996011
GU644654	0.2608695652173913	0.07488996682070308	0.1266538807136904	1.0	0.266960771417875	0.10251023410744335
GU644655	0.2608695652173913	0.07487867123849923	0.13609351742084175	1.0	0.26688249279174464	0.10268150302678732
GU644656	0.26086956521739135	0.07487245765594178	0.12660525058598607	1.0	0.2668286755771567	0.1004360523581671
GU644657	0.22727272727272727	0.08162678779515538	0.13184012926500194	1.0	0.24247769667477698	0.10136516246271778
GU644658	0.22727272727272727	0.07435830905023504	0.11952797299193987	1.0	0.24248419728284576	0.10107535045612594
GU644659	0.2608695652173913	0.06755914400316022	0.10043196966333064	1.0	0.24529343791223968	0.09570956035698286
GU644660	0.2608695652173913	0.06757821238758478	0.12673034615312712	1.0	0.24526123253936624	0.0960279124309385
GU644661	0.26086956521739135	0.07487517827246232	0.136087968117527	1.0	0.2554314471584632	0.10314261086955788
GU644662	0.2608695652173913	0.08217945902478561	0.1317697130125283	1.0	0.24520351810186133	0.09828195957505961
GU644663	0.2608695652173913	0.06756235639763145	0.12718292004382684	1.0	0.24863979770553302	0.09607404055537912
GU644664	0.2608695652173913	0.07489267255586594	0.13625730041363426	1.0	0.23137006328402157	0.09387398810339696
GU644665	0.2608695652173913	0.0754224586134799	0.11945267766342481	1.0	0.25305597472174685	0.09600259774064557
GU644666	0.2608695652173913	0.06757573605853033	0.12669519147209124	1.0	0.2452328613056592	0.09599261191012487
GU644667	0.2608695652173913	0.08218912652725872	0.13611426396527304	1.0	0.23471434712300165	0.10653769137249301
GU644668	0.2608695652173913	0.07487452058363188	0.140502824977048	1.0	0.245204456402754	0.10104351813653692
GU644669	0.2608695652173913	0.06757621112098473	0.11947418987938334	1.0	0.2452924699965243	0.09586174319477189
GU644670	0.30434782608695654	0.07487965018633481	0.14058094518577297	1.0	0.2452025804340936	0.08530183521479826
GU644671	0.2608695652173913	0.06299449679230303	0.13605630446028613	1.0	0.24532373364968652	0.09927532698734888
GU644676	0.2608695652173913	0.09405480293157105	0.12943134635174328	1.0	0.2692952505571344	0.1031145462881972
GU644677	0.26086956521739135	0.0940466716654472	0.12941213797869539	1.0	0.2796992481203008	0.10328467152544883
GU644684	0.2608695652173913	0.07489086319375425	0.13705708432472666	1.0	0.2669216293328477	0.10227291061674555
GU644689	0.2608695652173913	0.07489086319375425	0.13485187486172998	1.0	0.2669216293328477	0.10312874511037383
GU644690	0.26086956521739124	0.07488907254302296	0.13484895022649432	1.0	0.2668906610533133	0.10316974296437596
GU644695	0.26086956521739124	0.07488907254302296	0.14420584934459582	1.0	0.2668906610533133	0.10316974296437596
JQ685925	0.2608695652173913	0.07489086319375425	0.13485187486172998	1.0	0.2669216293328477	0.10312874511037383
AF351845	0.28	0.06138154166192129	0.0941417606565412	1.0	0.27145806606799233	0.06279946037746416
AF351846	0.28	0.07285691831330604	0.1020693486403739	1.0	0.25774564183835186	0.06974354053078373
AF351858	0.28	0.07203671849144404	0.1032574031321839	1.0	0.2602716451622575	0.0605501509532637
AF394883	0.32000000000000006	0.06576486287201504	0.10386371068801929	1.0	0.26136488993631857	0.06276390883188579
AF394884	0.28	0.06575504411093624	0.10829028792680999	1.0	0.26136488993631857	0.07084736477602283
GU644712	0.28	0.0799994069724418	0.10385771055583248	1.0	0.2612774411044668	0.06280036132529031
GU644713	0.28	0.07910722887135838	0.11357517410610962	1.0	0.26127627115241786	0.0703362914529426
GU644714	0.28	0.06576807807334088	0.11827387623740522	1.0	0.26133881150415866	0.06279941457771174
GU644715	0.2800000000000001	0.07287561747238717	0.10379311877280212	1.0	0.2613058267526916	0.06278843064184904
GU644716	0.28	0.07287627365084737	0.1124627506138329	1.0	0.2612774411044668	0.06308923912211185
GU644717	0.28	0.07287317224116298	0.1037346473400843	1.0	0.26130466640569316	0.0627764129939763
GU644718	0.2800000000000001	0.07287561747238717	0.1128158899223459	1.0	0.2613058267526916	0.06736629046082088
GU644719	0.2800000000000001	0.07288029306015943	0.12330779379741724	1.0	0.26130814507314826	0.07589656252133672
GU644720	0.28	0.07288206194510524	0.11811633897515107	1.0	0.2613376638999158	0.07091114147616408
GU644721	0.28	0.0728925638472899	0.10387017055469924	1.0	0.2613353663429901	0.07342920444966873
JQ685947	0.28	0.07287317224116298	0.09922576327096447	1.0	0.26130466640569316	0.06735368725066188
AY854505	0.34782608695652173	0.07017537464721142	0.1528417065496721	1.0	0.28065411357464715	0.07186479817067136
AY854525	0.34782608695652173	0.06567217638844408	0.15151987912172815	1.0	0.29064642263722923	0.06730002708212358
AY854531	0.33333333333333337	0.07021465284933812	0.12461557994947751	1.0	0.2432604944797391	0.09589852902479841
AY854544	0.375	0.07317325759742327	0.14262296013500766	1.0	0.23418880384211316	0.08031119073426675
AY854546	0.375	0.07318343353295269	0.12649610062582972	1.0	0.23416201285053742	0.08033590901349308
AY854558	0.33333333333333326	0.10177918631376344	0.11774874708029225	1.0	0.2681839980816881	0.07114954502524007
AY854567	0.36363636363636365	0.10748921933921396	0.11490022027430151	1.0	0.2678421326502021	0.05760820984540632
AY854573	0.36363636363636365	0.09259399791668899	0.11483218590604648	1.0	0.2677793686234068	0.06618427252845166
AY854576	0.391304347826087	0.07032881764536295	0.12050433364284976	1.0	0.2578613837634688	0.07065059634817922
EU345002	0.3478260869565217	0.08119539964346956	0.12735688841634202	1.0	0.2368470770729961	0.12707366453710103
EU345003	0.3181818181818182	0.1092489855444086	0.10823450189463729	1.0	0.2678528636472562	0.1321261776023342
EU345004	0.34782608695652173	0.07311930301855987	0.1305098535178987	1.0	0.2702949829053033	0.1311333826967329
JQ685938	0.30434782608695654	0.09956318714288234	0.13789116601259488	1.0	0.2579858960784705	0.11049966337743393
JQ685968	0.30434782608695654	0.09955387496991419	0.14763351748993436	1.0	0.2580503132067164	0.12336584854092883
MW055084	0.3478260869565217	0.08980456022204393	0.12944359561704671	1.0	0.24427728933040593	0.13269987029997488
MW055085	0.34782608695652173	0.08912542141706442	0.12951677395561284	1.0	0.23647641199976144	0.13274577832222045
MW055086	0.2916666666666667	0.10698725234407853	0.1264468272429575	1.0	0.24794265462627396	0.12291168781297054
MW055087	0.3043478260869566	0.1057281686756455	0.12299119179625456	1.0	0.24802456540438897	0.12021354753553544
AF351849	0.20833333333333337	0.08726423704779258	0.09391789945397916	1.0	0.23358171059040553	0.10170383403863886
AF394876	0.20833333333333334	0.08014596410836138	0.11437463511342812	1.0	0.23284081059886913	0.10416897150653937
GU644760	0.21739130434782608	0.08013684267115702	0.09436857100601717	1.0	0.23363304881080632	0.10585879937451327
GU644761	0.20833333333333334	0.08725291290961533	0.09477789504664284	1.0	0.23361873505264574	0.10365434099375631
GU644762	0.20833333333333334	0.07580429315026713	0.10105061860191572	1.0	0.24765542512887398	0.1040882377815582
GU644763	0.21739130434782608	0.08012513761158359	0.09437400194412869	1.0	0.2336500838457239	0.10594649367153273
GU644764	0.20833333333333331	0.07586294261996093	0.10633676953843502	1.0	0.2267237092897986	0.09372287107153192
GU644765	0.20833333333333337	0.0872596257542026	0.08985124969063155	1.0	0.24762891940917342	0.10340525383230877
GU644766	0.20833333333333334	0.08011898376705406	0.08987645548892942	1.0	0.2438226217352582	0.10336634544855025
GU644767	0.21739130434782605	0.08631289735364696	0.09437641371026892	1.0	0.24382262173525815	0.1067690050076955
GU644768	0.20833333333333337	0.0872656201159332	0.08985957440757782	1.0	0.23361309708838462	0.10346423704075824
GU644769	0.25	0.08014066048748797	0.07502068746538278	1.0	0.2335874695295887	0.10460786189318895
GU644770	0.20833333333333337	0.09871589413100287	0.09435821853804652	1.0	0.23361020775938854	0.10363153591720055
GU644771	0.20833333333333334	0.08726222138608072	0.09437158176923406	1.0	0.23364718054837041	0.10366553843609921
GU644772	0.20833333333333331	0.09872234187822332	0.08985075178418983	1.0	0.22339256463953228	0.10359764682928785
GU644773	0.21739130434782605	0.0872995547086495	0.09437641371026892	1.0	0.2336529897889439	0.10580674797670861
GU644774	0.20833333333333337	0.0872656201159332	0.08257014936670094	1.0	0.23361309708838462	0.10346423704075824
GU644775	0.20833333333333337	0.08105910407660082	0.10835343882959303	1.0	0.24133686218994277	0.11642819993398891
GU644776	0.20833333333333334	0.08726339305414915	0.08985967227594022	1.0	0.24764510212329405	0.10335653278493218
GU644777	0.20833333333333334	0.09442095476139561	0.09434735910751606	1.0	0.23360167428174763	0.10357202317834782
GU644778	0.20833333333333334	0.08726781836079636	0.09434735910751606	1.0	0.23360167428174763	0.10357202317834782
GU644779	0.20833333333333337	0.0872656201159332	0.08483359667929723	1.0	0.23361309708838462	0.10346423704075824
GU644780	0.20833333333333334	0.09440297101051413	0.094352805909425	1.0	0.23361873505264574	0.10365434099375631
GU644781	0.20833333333333334	0.09758541025842862	0.09434975556272743	1.0	0.23603498054311897	0.0994786804588988
GU644782	0.20833333333333334	0.08726222138608072	0.0947969450601535	1.0	0.23364718054837041	0.10153245824830402
GU644783	0.20833333333333334	0.08726222138608072	0.0947969450601535	1.0	0.23364718054837041	0.10153245824830402
GU644784	0.20833333333333334	0.08626692198556991	0.09569729549172562	1.0	0.23365008384572386	0.10107001121107667
GU644785	0.20833333333333337	0.08728613314113635	0.09434981460115512	1.0	0.2336045607670381	0.1157941423534604
GU644786	0.20833333333333334	0.09439433637811993	0.09476209733384759	1.0	0.23357883505806062	0.10375073351765306
GU644787	0.2173913043478261	0.07955141609334673	0.08484810059235566	1.0	0.23364156941524888	0.11000132571169031
GU644788	0.21739130434782608	0.08728099534610535	0.09479959298672486	1.0	0.2336500838457239	0.10594649367153273
JQ685905	0.20833333333333334	0.08727723595406163	0.09436612186888683	1.0	0.23363015117001454	0.10358288388808091
AY352488	0.3043478260869565	0.12054774298647636	0.12916448983568746	1.0	0.26529315665275	0.08163006561895787
AY352501	0.30434782608695654	0.10137327942940201	0.10573773301277098	1.0	0.25532625189681335	0.11104312022470031
KX954123	0.3043478260869566	0.09407797836108647	0.129404595460125	1.0	0.25171739962529466	0.0767852735437906
LT598537	0.3043478260869565	0.11324219726034732	0.10583216811437074	1.0	0.2552765647743814	0.11125846015295315
LT598538	0.30434782608695654	0.11324010044019926	0.10362473470596659	1.0	0.2553688425139529	0.11828718264070458
LT598539	0.3043478260869565	0.11914745010602994	0.10361013854677915	1.0	0.2553262518968133	0.11708863038157863
LT598540	0.30434782608695654	0.1132410057255052	0.10088574846201981	1.0	0.2553262518968133	0.11828332545141412
LT598541	0.30434782608695654	0.11323919769642266	0.12860272277938412	1.0	0.24168427010582277	0.11844648603422595
LT598542	0.30434782608695654	0.1132410057255052	0.10088574846201981	1.0	0.2553262518968133	0.11828332545141412
LT598543	0.31818181818181823	0.11324227280876285	0.09661394954506576	1.0	0.25535936283972954	0.10232321408175761
LT909550	0.3043478260869565	0.12054708416982746	0.12909624234634115	1.0	0.2652960343801386	0.08159771264606155
MN384717	0.3043478260869565	0.11407547516391994	0.11937325783248892	1.0	0.25183235109342744	0.10145418140351281
AY352487	0.3043478260869565	0.12054774298647636	0.12916448983568746	1.0	0.26529315665275	0.08163006561895787
EF611828	0.30434782608695654	0.13242635495612895	0.13335966795984958	1.0	0.2652813590171394	0.0815961016907868
EF611830	0.3043478260869565	0.12054908282289481	0.12922065658291987	1.0	0.2652599011152341	0.08163626250113767
EF611851	0.3043478260869565	0.1132407953392593	0.10087648804158013	1.0	0.2553392150897475	0.11823378873628215
L20675	0.3043478260869566	0.10919123458066796	0.13950260373354828	1.0	0.2552224517559329	0.07868324610619762
gannoruwa_outgroup	0.2727272727272727	0.12942433216733004	0.09501400999094993	1.0	0.2512109958422476	0.16508055982450845