"","accessions","clade","cpg","gc","cpg_actual","ZAP_optimal_motifs","ZAP_suboptimal_motifs","ZAP_expected_motifs","tpa","ta","tpa_actual","ratio_expected","host_group"
"1","AY352488","Arctic A",0.564455569461827,0.459719142645972,40,10,7,9.79,0.670556431628745,0.540280857354028,66,1.02145045965271,"Carnivore"
"2","AY352501","Arctic A",0.518152573529412,0.449371766444937,35,10,7,8.57,0.673979901238846,0.550628233555063,69,1.16686114352392,"Carnivore"
"3","JN258588","Arctic A",0.532956932773109,0.449371766444937,36,8,7,8.44,0.693365380451258,0.550628233555063,71,0.947867298578199,"Carnivore"
"4","JN258592","Arctic A",0.547773279352227,0.460458240946046,39,11,7,9.45,0.672505723581154,0.539541759053954,66,1.16402116402116,"Carnivore"
"5","JX987747","Arctic A",0.552302700439606,0.458980044345898,39,9,7,9.29,0.668618407259876,0.541019955654102,66,0.968783638320775,"Carnivore"
"6","KU198460","Arctic A",0.540063025210084,0.458240946045824,38,9,7,9.96,0.66669155306028,0.541759053954176,66,0.903614457831325,"Carnivore"
"7","KU198462","Arctic A",0.567795543245625,0.458240946045824,40,9,7,9.69,0.667099955177051,0.541759053954176,66,0.928792569659443,"Carnivore"
"8","KU198464","Arctic A",0.566464308143186,0.458980044345898,40,10,7,9.75,0.668618407259876,0.541019955654102,66,1.02564102564103,"Carnivore"
"9","KU198466","Arctic A",0.51934592353754,0.448632668144863,35,8,7,8.43,0.682152117545376,0.551367331855137,70,0.948991696322657,"Carnivore"
"10","KU198467","Arctic A",0.516254578754579,0.450110864745011,35,8,7,7.95,0.695161663820303,0.549889135254989,71,1.0062893081761,"Carnivore"
"11","KU198472","Arctic A",0.530299401197605,0.450110864745011,36,8,7,8.47,0.6953075803965,0.549889135254989,71,0.944510035419126,"Carnivore"
"12","KU198476","Arctic A",0.529066736183525,0.450849963045085,36,8,7,8.49,0.697260691577389,0.549150036954915,71,0.94228504122497,"Carnivore"
"13","KU198477","Arctic A",0.54502994011976,0.450110864745011,37,8,9,8.6,0.695463627939303,0.549889135254989,71,0.930232558139535,"Carnivore"
"14","KU198478","Arctic A",0.506362275449102,0.447893569844789,34,10,7,7.55,0.670687376074025,0.552106430155211,69,1.32450331125828,"Carnivore"
"15","KX036361","Arctic A",0.5196992976295,0.448632668144863,35,10,7,8.11,0.681990019658249,0.551367331855137,70,1.23304562268804,"Carnivore"
"16","KX036362","Arctic A",0.532956932773109,0.449371766444937,36,10,7,8.34,0.68390572196066,0.550628233555063,70,1.19904076738609,"Carnivore"
"17","KX036364","Arctic A",0.508230770930464,0.447154471544715,34,10,7,7.73,0.678341211860765,0.552845528455285,70,1.29366106080207,"Carnivore"
"18","KX036365","Arctic A",0.51934592353754,0.448632668144863,35,10,7,8.46,0.692071611253197,0.551367331855137,71,1.18203309692671,"Carnivore"
"19","KX036366","Arctic A",0.530646039873625,0.450110864745011,36,10,7,8.37,0.695629820051414,0.549889135254989,71,1.194743130227,"Carnivore"
"20","KX954123","Arctic A",0.521224426050289,0.459719142645972,37,11,7,9.17,0.650441680187489,0.540280857354028,64,1.19956379498364,"Carnivore"
"21","LT598537","Arctic A",0.527496805215621,0.451589061345159,36,10,8,8.72,0.679691595317141,0.548410938654841,69,1.14678899082569,"Carnivore"
"22","LT598538","Arctic A",0.532234800472049,0.449371766444937,36,8,7,8.84,0.693515550550117,0.550628233555063,71,0.904977375565611,"Carnivore"
"23","LT598539","Arctic A",0.543763034410845,0.450849963045085,37,8,7,8.78,0.69710889537162,0.549150036954915,71,0.911161731207289,"Carnivore"
"24","LT598540","Arctic A",0.531004709576138,0.450110864745011,36,8,7,8.66,0.6953075803965,0.549889135254989,71,0.92378752886836,"Carnivore"
"25","LT598541","Arctic A",0.557732361364228,0.450849963045085,38,10,9,9.5,0.68744011845658,0.549150036954915,70,1.05263157894737,"Carnivore"
"26","LT598543","Arctic A",0.506362275449102,0.447893569844789,34,10,7,8.86,0.670687376074025,0.552106430155211,69,1.12866817155756,"Carnivore"
"27","LT909550","Arctic A",0.566464308143186,0.458980044345898,40,10,7,9.88,0.668618407259876,0.541019955654102,66,1.01214574898785,"Carnivore"
"28","MG458313","Arctic A",0.551967614385238,0.458980044345898,39,11,7,9.84,0.668618407259876,0.541019955654102,66,1.11788617886179,"Carnivore"
"29","MN233885","Arctic A",0.531375458195148,0.450110864745011,36,10,7,8.64,0.675873103208618,0.549889135254989,69,1.15740740740741,"Carnivore"
"30","MN233886","Arctic A",0.516254578754579,0.450110864745011,35,10,7,8.85,0.675873103208618,0.549889135254989,69,1.12994350282486,"Carnivore"
"31","MN233892","Arctic A",0.530646039873625,0.450110864745011,36,8,7,8.97,0.685514515883873,0.549889135254989,70,0.891861761426979,"Carnivore"
"32","MN233896","Arctic A",0.532234800472049,0.449371766444937,36,8,7,8.74,0.683599670867437,0.550628233555063,70,0.91533180778032,"Carnivore"
"33","MN233900","Arctic A",0.534547848990342,0.448632668144863,36,8,7,8.6,0.691578356274837,0.551367331855137,71,0.930232558139535,"Carnivore"
"34","MN233948","Arctic A",0.53258979826144,0.449371766444937,36,10,7,8.65,0.68390572196066,0.550628233555063,70,1.15606936416185,"Carnivore"
"35","MN233949","Arctic A",0.518521357320398,0.449371766444937,35,10,7,8.28,0.683747725894482,0.550628233555063,70,1.20772946859903,"Carnivore"
"36","MN233950","Arctic A",0.531375458195148,0.450110864745011,36,10,7,8.46,0.68566836557396,0.549889135254989,70,1.18203309692671,"Carnivore"
"37","MN233952","Arctic A",0.53492356352135,0.448632668144863,36,10,7,8.59,0.691732734224795,0.551367331855137,71,1.16414435389988,"Carnivore"
"38","MN233953","Arctic A",0.532956932773109,0.449371766444937,36,10,7,7.91,0.683747725894482,0.550628233555063,70,1.26422250316056,"Carnivore"
"39","MN233955","Arctic A",0.532956932773109,0.449371766444937,36,10,6,8.13,0.674135640218365,0.550628233555063,69,1.230012300123,"Carnivore"
"40","MN233956","Arctic A",0.534184378495756,0.448632668144863,36,10,7,8.05,0.682324123770758,0.551367331855137,70,1.24223602484472,"Carnivore"
"41","MN233958","Arctic A",0.53492356352135,0.448632668144863,36,10,6,8.78,0.681990019658249,0.551367331855137,70,1.13895216400911,"Carnivore"
"42","MN233960","Arctic A",0.528716417910448,0.450849963045085,36,9,7,8.59,0.69710889537162,0.549150036954915,71,1.0477299185099,"Carnivore"
"43","MN233963","Arctic A",0.531004709576138,0.450110864745011,36,8,7,8.95,0.695161663820303,0.549889135254989,71,0.893854748603352,"Carnivore"
"44","MN233967","Arctic A",0.534547848990342,0.448632668144863,36,8,7,8.82,0.691434000561422,0.551367331855137,71,0.90702947845805,"Carnivore"
"45","MN233968","Arctic A",0.518152573529412,0.449371766444937,35,10,7,9.04,0.674135640218365,0.550628233555063,69,1.10619469026549,"Carnivore"
"46","MN233969","Arctic A",0.516615028800838,0.450110864745011,35,10,7,8.26,0.675873103208618,0.549889135254989,69,1.21065375302663,"Carnivore"
"47","MN233973","Arctic A",0.530299401197605,0.450110864745011,36,8,7,8.05,0.695463627939303,0.549889135254989,71,0.993788819875776,"Carnivore"
"48","MN233974","Arctic A",0.514029850746269,0.450849963045085,35,9,8,8.88,0.69710889537162,0.549150036954915,71,1.01351351351351,"Carnivore"
"49","MN233975","Arctic A",0.517795637198622,0.449371766444937,35,8,7,8.09,0.693365380451258,0.550628233555063,71,0.988875154511743,"Carnivore"
"50","MN233977","Arctic A",0.506362275449102,0.447893569844789,34,8,7,8.53,0.689513350559862,0.552106430155211,71,0.937866354044549,"Carnivore"
"51","MN233978","Arctic A",0.541094705895069,0.451589061345159,37,8,7,9.16,0.69922480620155,0.548410938654841,71,0.873362445414847,"Carnivore"
"52","MN233982","Arctic A",0.517795637198622,0.449371766444937,35,8,7,8.05,0.693225280355622,0.550628233555063,71,0.993788819875776,"Carnivore"
"53","MN233985","Arctic A",0.516254578754579,0.450110864745011,35,8,7,8.44,0.695161663820303,0.549889135254989,71,0.947867298578199,"Carnivore"
"54","MN233988","Arctic A",0.545754840397698,0.450110864745011,37,8,8,8.92,0.6953075803965,0.549889135254989,71,0.896860986547085,"Carnivore"
"55","MN233991","Arctic A",0.533493975903614,0.448632668144863,36,8,8,9.03,0.701475448791342,0.551367331855137,72,0.8859357696567,"Carnivore"
"56","MN233992","Arctic A",0.5196992976295,0.448632668144863,35,10,7,8.51,0.672407087294728,0.551367331855137,69,1.17508813160987,"Carnivore"
"57","MN233998","Arctic A",0.534184378495756,0.448632668144863,36,8,7,8.77,0.70131889650406,0.551367331855137,72,0.912200684150513,"Carnivore"
"58","MN234000","Arctic A",0.531004709576138,0.450110864745011,36,10,7,8.69,0.676034613852783,0.549889135254989,69,1.15074798619102,"Carnivore"
"59","MN234002","Arctic A",0.51934592353754,0.448632668144863,35,8,7,8.72,0.691578356274837,0.551367331855137,71,0.91743119266055,"Carnivore"
"60","MN234004","Arctic A",0.507882882882883,0.447154471544715,34,8,6,7.68,0.678049828178694,0.552845528455285,70,1.04166666666667,"Carnivore"
"61","MN234008","Arctic A",0.51934592353754,0.448632668144863,35,8,7,8.01,0.691578356274837,0.551367331855137,71,0.998751560549313,"Carnivore"
"62","MN234016","Arctic A",0.545386207647892,0.450110864745011,37,10,7,8.53,0.685832216952098,0.549889135254989,70,1.17233294255569,"Carnivore"
"63","MN234017","Arctic A",0.546135887589457,0.450110864745011,37,10,7,8.98,0.68566836557396,0.549889135254989,70,1.11358574610245,"Carnivore"
"64","MN234018","Arctic A",0.50707671957672,0.447893569844789,34,10,5,8.03,0.689800519883385,0.552106430155211,71,1.2453300124533,"Carnivore"
"65","MN234023","Arctic A",0.530646039873625,0.450110864745011,36,8,7,8.51,0.6953075803965,0.549889135254989,71,0.940070505287897,"Carnivore"
"66","MN234043","Arctic A",0.530299401197605,0.450110864745011,36,8,8,8.95,0.695463627939303,0.549889135254989,71,0.893854748603352,"Carnivore"
"67","MN234046","Arctic A",0.531891891891892,0.449371766444937,36,8,8,8.5,0.693515550550117,0.550628233555063,71,0.941176470588235,"Carnivore"
"68","MN234055","Arctic A",0.517795637198622,0.449371766444937,35,8,7,8.38,0.693365380451258,0.550628233555063,71,0.954653937947494,"Carnivore"
"69","MN384717","Arctic A",0.556802183283155,0.451589061345159,38,11,9,9.48,0.659990389655775,0.548410938654841,67,1.16033755274262,"Carnivore"
"70","DQ666289","Asian SEA2a",0.574165959391526,0.448632668144863,39,10,10,9.67,0.693330350118727,0.551367331855137,71,1.03412616339193,"Carnivore"
"71","DQ666290","Asian SEA2a",0.577483748112154,0.447154471544715,39,10,10,9.6,0.699827586206897,0.552845528455285,72,1.04166666666667,"Carnivore"
"72","DQ866105","Asian SEA2a",0.605706236897275,0.447893569844789,41,12,4,9.55,0.68184763358339,0.552106430155211,70,1.2565445026178,"Carnivore"
"73","DQ866106","Asian SEA2a",0.566283372984404,0.445676274944568,38,11,11,9.25,0.696345856922285,0.554323725055432,72,1.18918918918919,"Carnivore"
"74","DQ866108","Asian SEA2a",0.585064863066859,0.44419807834442,39,10,11,9.17,0.70224747061793,0.55580192165558,73,1.09051254089422,"Carnivore"
"75","DQ866109","Asian SEA2a",0.581185567010309,0.445676274944568,39,10,11,8.9,0.706295006471636,0.554323725055432,73,1.12359550561798,"Carnivore"
"76","DQ866110","Asian SEA2a",0.589456869009585,0.442719881744272,39,10,9,9.26,0.717117537313433,0.557280118255728,75,1.07991360691145,"Carnivore"
"77","DQ866112","Asian SEA2a",0.56657042734666,0.445676274944568,38,9,11,8.87,0.715970280532891,0.554323725055432,74,1.01465614430665,"Carnivore"
"78","DQ866116","Asian SEA2a",0.587579617834395,0.443458980044346,39,9,9,9.7,0.699735037406484,0.556541019955654,73,0.927835051546392,"Carnivore"
"79","DQ866119","Asian SEA2a",0.5963899235228,0.445676274944568,40,10,11,9.12,0.705749951768144,0.554323725055432,73,1.09649122807018,"Carnivore"
"80","EU086182","Asian SEA2a",0.611138041203041,0.445676274944568,41,12,7,10.78,0.706017327157317,0.554323725055432,73,1.11317254174397,"Carnivore"
"81","EU086183","Asian SEA2a",0.596087761036215,0.445676274944568,40,11,8,10.04,0.706295006471636,0.554323725055432,73,1.09561752988048,"Carnivore"
"82","EU828653","Asian SEA2a",0.61933949624866,0.442719881744272,41,10,9,9.72,0.708351904913509,0.557280118255728,74,1.02880658436214,"Carnivore"
"83","FJ561726","Asian SEA2a",0.613605442176871,0.444937176644494,41,10,9,10.91,0.703242481203007,0.555062823355506,73,0.916590284142988,"Carnivore"
"84","FJ561727","Asian SEA2a",0.611474867724868,0.445676274944568,41,10,10,9.51,0.714906925433241,0.554323725055432,74,1.0515247108307,"Carnivore"
"85","FJ561728","Asian SEA2a",0.6166015625,0.449371766444937,42,10,9,10.31,0.704636528028933,0.550628233555063,72,0.969932104752667,"Carnivore"
"86","FJ866829","Asian SEA2a",0.624975829842088,0.451589061345159,43,10,10,10.64,0.700387147575406,0.548410938654841,71,0.93984962406015,"Carnivore"
"87","FJ866830","Asian SEA2a",0.620479559748428,0.447893569844789,42,10,10,9.84,0.700854700854701,0.552106430155211,72,1.01626016260163,"Carnivore"
"88","FJ866831","Asian SEA2a",0.605514501217076,0.447893569844789,41,10,9,9.87,0.701086721842389,0.552106430155211,72,1.01317122593718,"Carnivore"
"89","GQ472468","Asian SEA2a",0.579475071381507,0.446415373244642,39,10,11,9.91,0.708051959224053,0.553584626755358,73,1.00908173562059,"Carnivore"
"90","GQ472470","Asian SEA2a",0.573541879524358,0.448632668144863,39,11,11,10.16,0.704152661823702,0.551367331855137,72,1.08267716535433,"Carnivore"
"91","GQ472473","Asian SEA2a",0.570063199911298,0.44419807834442,38,10,11,8.93,0.70252219187436,0.55580192165558,73,1.11982082866741,"Carnivore"
"92","GQ472477","Asian SEA2a",0.581326429437039,0.445676274944568,39,10,11,9.24,0.715417759326612,0.554323725055432,74,1.08225108225108,"Carnivore"
"93","GU358653","Asian SEA2a",0.606952164208499,0.447154471544715,41,12,9,10.03,0.710098352169787,0.552845528455285,73,1.19641076769691,"Carnivore"
"94","HM486355","Asian SEA2a",0.614993181893771,0.444937176644494,41,9,9,9.11,0.693381923783222,0.555062823355506,72,0.987925356750823,"Carnivore"
"95","HM486356","Asian SEA2a",0.615272848269743,0.444937176644494,41,9,9,9.12,0.693381923783222,0.555062823355506,72,0.986842105263158,"Carnivore"
"96","HM486368","Asian SEA2a",0.570354100106496,0.44419807834442,38,9,10,9.43,0.701982942430704,0.55580192165558,73,0.95440084835631,"Carnivore"
"97","HM486369","Asian SEA2a",0.612812355007622,0.445676274944568,41,9,9,9.77,0.69535175879397,0.554323725055432,72,0.921187308085977,"Carnivore"
"98","HM486374","Asian SEA2a",0.613083265179815,0.445676274944568,41,9,9,9.52,0.69535175879397,0.554323725055432,72,0.945378151260504,"Carnivore"
"99","HM486379","Asian SEA2a",0.613083265179815,0.445676274944568,41,9,9,9.7,0.695128477747411,0.554323725055432,72,0.927835051546392,"Carnivore"
"100","HM486381","Asian SEA2a",0.603807471264368,0.448632668144863,41,10,9,9.75,0.722380952380952,0.551367331855137,74,1.02564102564103,"Carnivore"
"101","JF819605","Asian SEA2a",0.619748723989007,0.448632668144863,42,9,9,9.55,0.712166878172589,0.551367331855137,73,0.942408376963351,"Carnivore"
"102","JF819615","Asian SEA2a",0.612812355007622,0.445676274944568,41,9,9,9.87,0.69535175879397,0.554323725055432,72,0.911854103343465,"Carnivore"
"103","JN974823","Asian SEA2a",0.576354679802956,0.447893569844789,39,9,6,10.17,0.681612090680101,0.552106430155211,70,0.884955752212389,"Carnivore"
"104","JN974824","Asian SEA2a",0.613605442176871,0.444937176644494,41,10,9,8.99,0.713373708585679,0.555062823355506,74,1.11234705228031,"Carnivore"
"105","JN974828","Asian SEA2a",0.579328744112513,0.446415373244642,39,11,11,9.93,0.698352617316874,0.553584626755358,72,1.10775427995972,"Carnivore"
"106","JN974829","Asian SEA2a",0.564474160930141,0.446415373244642,38,11,11,8.95,0.708051959224053,0.553584626755358,73,1.22905027932961,"Carnivore"
"107","JN974838","Asian SEA2a",0.611663652802893,0.445676274944568,41,10,9,9.67,0.715157142857143,0.554323725055432,74,1.03412616339193,"Carnivore"
"108","JN974842","Asian SEA2a",0.57597720847478,0.447893569844789,39,9,6,9.09,0.662604787831648,0.552106430155211,68,0.99009900990099,"Carnivore"
"109","JN974845","Asian SEA2a",0.578167115902965,0.447154471544715,39,9,6,10.01,0.670186647523331,0.552845528455285,69,0.899100899100899,"Carnivore"
"110","JN974870","Asian SEA2a",0.603755061970794,0.443458980044346,40,9,7,9.69,0.689915014164306,0.556541019955654,72,0.928792569659443,"Carnivore"
"111","JN974871","Asian SEA2a",0.631442096139743,0.44419807834442,42,9,9,10.01,0.69211586418569,0.55580192165558,72,0.899100899100899,"Carnivore"
"112","JN974872","Asian SEA2a",0.614993181893771,0.444937176644494,41,9,9,9.93,0.702792127396149,0.555062823355506,73,0.906344410876133,"Carnivore"
"113","JN974873","Asian SEA2a",0.631694790902421,0.44419807834442,42,9,11,10.24,0.710412601553908,0.55580192165558,74,0.87890625,"Carnivore"
"114","JQ970480","Asian SEA2a",0.576354679802956,0.447893569844789,39,9,6,9.3,0.662137459517812,0.552106430155211,68,0.967741935483871,"Carnivore"
"115","KT221107","Asian SEA2a",0.595065312046444,0.446415373244642,40,9,6,8.78,0.658818474758324,0.553584626755358,68,1.0250569476082,"Carnivore"
"116","KT894558","Asian SEA2a",0.570577422145329,0.450110864745011,39,9,6,10.34,0.658040491002403,0.549889135254989,67,0.870406189555126,"Carnivore"
"117","KT894572","Asian SEA2a",0.60761698212408,0.447154471544715,41,11,7,9.35,0.689612347451543,0.552845528455285,71,1.17647058823529,"Carnivore"
"118","KT894573","Asian SEA2a",0.554311719372841,0.444937176644494,37,11,6,8.4,0.655532597078732,0.555062823355506,68,1.30952380952381,"Carnivore"
"119","KT894577","Asian SEA2a",0.577483748112154,0.447154471544715,39,9,11,9.6,0.700955560672346,0.552845528455285,72,0.9375,"Carnivore"
"120","KT894578","Asian SEA2a",0.575506064043277,0.447893569844789,39,9,11,9.26,0.70299916289005,0.552106430155211,72,0.971922246220302,"Carnivore"
"121","KX148264","Asian SEA2a",0.621755875530658,0.447154471544715,42,12,10,11.18,0.710098352169787,0.552845528455285,73,1.07334525939177,"Carnivore"
"122","KY451767","Asian SEA2a",0.585410176531672,0.450110864745011,40,12,6,9.15,0.687260536398467,0.549889135254989,70,1.31147540983607,"Carnivore"
"123","MG201879","Asian SEA2a",0.592291023704774,0.447154471544715,40,10,14,9.34,0.70037097748253,0.552845528455285,72,1.07066381156317,"Carnivore"
"124","MG201880","Asian SEA2a",0.570063199911298,0.44419807834442,38,10,12,8.65,0.70252219187436,0.55580192165558,73,1.15606936416185,"Carnivore"
"125","MG201884","Asian SEA2a",0.564474160930141,0.446415373244642,38,10,11,8.89,0.698352617316874,0.553584626755358,72,1.12485939257593,"Carnivore"
"126","MG201919","Asian SEA2a",0.575506064043277,0.447893569844789,39,12,11,9.47,0.702117538523633,0.552106430155211,72,1.26715945089757,"Carnivore"
"127","MG201921","Asian SEA2a",0.568104219842875,0.444937176644494,38,11,11,8.62,0.694895426142038,0.555062823355506,72,1.27610208816705,"Carnivore"
"128","MN784132","Asian SEA2a",0.57999098693105,0.446415373244642,39,10,11,9.79,0.687883995703545,0.553584626755358,71,1.02145045965271,"Carnivore"
"129","FJ598135","Asian SEA2b",0.599945425397656,0.439024390243902,39,5,9,8.78,0.669577884963894,0.560975609756098,71,0.569476082004556,"Carnivore"
"130","FJ712195","Asian SEA2b",0.537639630888781,0.445676274944568,36,5,5,8.76,0.6754145123908,0.554323725055432,70,0.570776255707763,"Carnivore"
"131","FJ712196","Asian SEA2b",0.564971560130011,0.44050258684405,37,5,6,9.07,0.663876855785002,0.55949741315595,70,0.551267916207277,"Carnivore"
"132","FJ719751","Asian SEA2b",0.58406109912004,0.444937176644494,39,5,10,9.12,0.664708646616541,0.555062823355506,69,0.548245614035088,"Carnivore"
"133","FJ719753","Asian SEA2b",0.593808377034053,0.441241685144124,39,5,9,9.28,0.67551051980198,0.558758314855876,71,0.538793103448276,"Carnivore"
"134","FJ719755","Asian SEA2b",0.626388888888889,0.445676274944568,42,7,12,10.56,0.686414336651209,0.554323725055432,71,0.662878787878788,"Carnivore"
"135","GU647092","Asian SEA2b",0.591717502467031,0.441980783444198,39,5,9,8.29,0.677435051197427,0.558019216555802,71,0.60313630880579,"Carnivore"
"136","HQ118114","Asian SEA2b",0.580431027670215,0.44050258684405,38,5,9,8.7,0.673360810867645,0.55949741315595,71,0.574712643678161,"Carnivore"
"137","JN974877","Asian SEA2b",0.578582521212667,0.441241685144124,38,5,9,8.22,0.665757526764563,0.558758314855876,70,0.608272506082725,"Carnivore"
"138","JQ950446","Asian SEA2b",0.581326429437039,0.445676274944568,39,5,9,8.91,0.686674386687253,0.554323725055432,71,0.561167227833894,"Carnivore"
"139","JQ950448","Asian SEA2b",0.58740301232314,0.443458980044346,39,5,9,9.61,0.671464019851117,0.556541019955654,70,0.520291363163372,"Carnivore"
"140","KF726852","Asian SEA2b",0.577483748112154,0.447154471544715,39,5,9,9.67,0.680647085456388,0.552845528455285,70,0.517063081695967,"Carnivore"
"141","KP319185","Asian SEA2b",0.585714285714286,0.44419807834442,39,5,9,8.72,0.673387985524042,0.55580192165558,70,0.573394495412844,"Carnivore"
"142","KP319186","Asian SEA2b",0.599037024738502,0.444937176644494,40,5,10,9.35,0.674342105263158,0.555062823355506,70,0.53475935828877,"Carnivore"
"143","KP319187","Asian SEA2b",0.578387256446024,0.441241685144124,38,5,9,8.4,0.665528290749642,0.558758314855876,70,0.595238095238095,"Carnivore"
"144","KP319188","Asian SEA2b",0.596942489686969,0.445676274944568,40,5,10,9.48,0.666602403444509,0.554323725055432,69,0.527426160337553,"Carnivore"
"145","KP319191","Asian SEA2b",0.59360797372092,0.441241685144124,39,5,9,8.56,0.675762372058668,0.558758314855876,71,0.58411214953271,"Carnivore"
"146","KP319193","Asian SEA2b",0.576357827476038,0.441980783444198,38,5,9,8.74,0.66764888337469,0.558019216555802,70,0.5720823798627,"Carnivore"
"147","KP319194","Asian SEA2b",0.579634206623826,0.446415373244642,39,5,9,9.49,0.678438395415473,0.553584626755358,70,0.526870389884089,"Carnivore"
"148","KP319195","Asian SEA2b",0.577635467980296,0.447154471544715,39,5,9,10.05,0.680387931034483,0.552845528455285,70,0.497512437810945,"Carnivore"
"149","KP319199","Asian SEA2b",0.586117652285955,0.44419807834442,39,5,10,9.7,0.681820117536837,0.55580192165558,71,0.515463917525773,"Carnivore"
"150","KP319201","Asian SEA2b",0.573106976847878,0.443458980044346,38,5,10,8.46,0.679899497487437,0.556541019955654,71,0.591016548463357,"Carnivore"
"151","KP319203","Asian SEA2b",0.556982164910602,0.443458980044346,37,6,9,7.89,0.671721183579676,0.556541019955654,70,0.760456273764259,"Carnivore"
"152","KP319204","Asian SEA2b",0.572182158119658,0.443458980044346,38,5,9,8.46,0.671721183579676,0.556541019955654,70,0.591016548463357,"Carnivore"
"153","KP319205","Asian SEA2b",0.583673469387755,0.444937176644494,39,5,9,9.62,0.675063080015396,0.555062823355506,70,0.51975051975052,"Carnivore"
"154","KP319206","Asian SEA2b",0.55802521429925,0.443458980044346,37,6,9,9.4,0.651586402266289,0.556541019955654,68,0.638297872340425,"Carnivore"
"155","KP319207","Asian SEA2b",0.571304753650243,0.44419807834442,38,6,9,9.04,0.653219450893523,0.55580192165558,68,0.663716814159292,"Carnivore"
"156","MT068612","Asian SEA2b",0.539539417570367,0.444937176644494,36,5,10,8.84,0.654273929739724,0.555062823355506,68,0.565610859728507,"Carnivore"
"157","MT068615","Asian SEA2b",0.568537685774947,0.444937176644494,38,5,9,8.91,0.646131805157593,0.555062823355506,67,0.561167227833894,"Carnivore"
"158","AY854505","Cosmopolitan AM2a",0.564799458453207,0.44050258684405,37,9,5,8.92,0.637175792507205,0.55949741315595,67,1.00896860986547,"Carnivore"
"159","AY854525","Cosmopolitan AM2a",0.561020710059172,0.441980783444198,37,11,5,9.56,0.640299203254789,0.558019216555802,67,1.15062761506276,"Carnivore"
"160","AY854531","Cosmopolitan AM2a",0.531409911123081,0.441980783444198,35,10,5,8.65,0.639513227513227,0.558019216555802,67,1.15606936416185,"Carnivore"
"161","AY854544","Cosmopolitan AM2a",0.569747340425532,0.444937176644494,38,10,5,8.82,0.617438179173441,0.555062823355506,64,1.13378684807256,"Carnivore"
"162","AY854546","Cosmopolitan AM2a",0.53999401337014,0.444937176644494,36,10,5,8.41,0.617438179173441,0.555062823355506,64,1.18906064209275,"Carnivore"
"163","AY854558","Cosmopolitan AM2a",0.532415150024594,0.447893569844789,36,5,6,8.91,0.644415899315879,0.552106430155211,66,0.561167227833894,"Carnivore"
"164","AY854567","Cosmopolitan AM2a",0.547659420844775,0.447893569844789,37,7,5,9.78,0.624104478687674,0.552106430155211,64,0.715746421267894,"Carnivore"
"165","AY854573","Cosmopolitan AM2a",0.526634786476868,0.44419807834442,35,7,5,8.2,0.625053304904051,0.55580192165558,65,0.853658536585366,"Carnivore"
"166","AY854576","Cosmopolitan AM2a",0.523434033111452,0.439024390243902,34,6,6,7.8,0.614613180515759,0.560975609756098,65,0.769230769230769,"Carnivore"
"167","AB284509","Cosmopolitan AF1b",0.588420766512639,0.449371766444937,40,8,3,9.53,0.6765,0.550628233555063,69,0.839454354669465,"Carnivore"
"168","AB284511","Cosmopolitan AF1b",0.575480957989792,0.448632668144863,39,7,3,9.31,0.674812967581047,0.551367331855137,69,0.75187969924812,"Carnivore"
"169","AB284512","Cosmopolitan AF1b",0.605560771128529,0.448632668144863,41,9,3,9.31,0.674286581005829,0.551367331855137,69,0.966702470461869,"Carnivore"
"170","AB284513","Cosmopolitan AF1b",0.575744680851064,0.448632668144863,39,8,3,9.36,0.684875043387713,0.551367331855137,70,0.854700854700855,"Carnivore"
"171","AB284514","Cosmopolitan AF1b",0.605560771128529,0.448632668144863,41,9,3,9.39,0.674286581005829,0.551367331855137,69,0.958466453674121,"Carnivore"
"172","EU853582","Cosmopolitan AF1b",0.534994068801898,0.447154471544715,36,7,3,8.21,0.670923555664154,0.552845528455285,69,0.852618757612667,"Carnivore"
"173","EU853584","Cosmopolitan AF1b",0.627010923535253,0.445676274944568,42,9,5,9.95,0.678127506014435,0.554323725055432,70,0.904522613065327,"Carnivore"
"174","EU853586","Cosmopolitan AF1b",0.614012950356965,0.444937176644494,41,9,5,9.78,0.676461345065996,0.555062823355506,70,0.920245398773006,"Carnivore"
"175","EU853587","Cosmopolitan AF1b",0.60808305524657,0.441980783444198,40,8,4,8.98,0.678238583410997,0.558019216555802,71,0.89086859688196,"Carnivore"
"176","EU853590","Cosmopolitan AF1b",0.609995266112126,0.441241685144124,40,8,4,8.85,0.676576233941853,0.558758314855876,71,0.903954802259887,"Carnivore"
"177","HM179504","Cosmopolitan AF1b",0.596372061482821,0.44050258684405,39,8,5,8.7,0.676490471965184,0.55949741315595,71,0.919540229885058,"Carnivore"
"178","HM179505","Cosmopolitan AF1b",0.627010923535253,0.445676274944568,42,9,6,9.7,0.669374556353025,0.554323725055432,69,0.927835051546392,"Carnivore"
"179","HM179506","Cosmopolitan AF1b",0.539330321551953,0.444937176644494,36,8,3,8.14,0.666797611565053,0.555062823355506,69,0.982800982800983,"Carnivore"
"180","KF155002","Cosmopolitan AF1b",0.558750652060511,0.449371766444937,38,8,5,9.24,0.676774633184481,0.550628233555063,69,0.865800865800866,"Carnivore"
"181","KR534217","Cosmopolitan AF1b",0.550847271126761,0.446415373244642,37,10,3,8.6,0.680104554136926,0.553584626755358,70,1.16279069767442,"Carnivore"
"182","KR534218","Cosmopolitan AF1b",0.537853356890459,0.445676274944568,36,10,3,8.71,0.688125443227484,0.554323725055432,71,1.14810562571757,"Carnivore"
"183","KR534219","Cosmopolitan AF1b",0.587924528301887,0.438285291943829,38,9,4,9.01,0.68721299156717,0.561714708056172,73,0.99889012208657,"Carnivore"
"184","KR534228","Cosmopolitan AF1b",0.601504702194357,0.439024390243902,39,9,4,8.28,0.698103472319063,0.560975609756098,74,1.08695652173913,"Carnivore"
"185","KR534229","Cosmopolitan AF1b",0.563972620771357,0.447154471544715,38,10,3,9.34,0.691220066774119,0.552845528455285,71,1.07066381156317,"Carnivore"
"186","KR534230","Cosmopolitan AF1b",0.619118303571429,0.443458980044346,41,10,4,9.25,0.700509234304519,0.556541019955654,73,1.08108108108108,"Carnivore"
"187","KR534233","Cosmopolitan AF1b",0.551071629074337,0.446415373244642,37,10,3,8.4,0.689820333481739,0.553584626755358,71,1.19047619047619,"Carnivore"
"188","KR534238","Cosmopolitan AF1b",0.588220488295998,0.438285291943829,38,9,4,8.96,0.696142507509178,0.561714708056172,74,1.00446428571429,"Carnivore"
"189","KR534244","Cosmopolitan AF1b",0.563972620771357,0.447154471544715,38,11,3,9.22,0.69152359356441,0.552845528455285,71,1.19305856832972,"Carnivore"
"190","KR534250","Cosmopolitan AF1b",0.574766355140187,0.448632668144863,39,11,3,9.14,0.69557945041816,0.551367331855137,71,1.2035010940919,"Carnivore"
"191","KR534251","Cosmopolitan AF1b",0.601504702194357,0.439024390243902,39,9,4,9.02,0.688909813768571,0.560975609756098,73,0.997782705099778,"Carnivore"
"192","KR534252","Cosmopolitan AF1b",0.612189493688068,0.44050258684405,40,8,5,9.38,0.693359073359073,0.55949741315595,73,0.852878464818763,"Carnivore"
"193","KR534253","Cosmopolitan AF1b",0.537853356890459,0.445676274944568,36,10,2,8.43,0.687815041814641,0.554323725055432,71,1.18623962040332,"Carnivore"
"194","KR906735","Cosmopolitan AF1b",0.59023687998953,0.448632668144863,40,11,3,9.03,0.704152661823702,0.551367331855137,72,1.21816168327796,"Carnivore"
"195","KR906736","Cosmopolitan AF1b",0.592064238751108,0.447893569844789,40,11,3,8.89,0.702401038286827,0.552106430155211,72,1.23734533183352,"Carnivore"
"196","KR906739","Cosmopolitan AF1b",0.611919541399545,0.44050258684405,40,10,5,9.4,0.674362934362934,0.55949741315595,71,1.06382978723404,"Carnivore"
"197","KR906741","Cosmopolitan AF1b",0.556728202846975,0.44419807834442,37,10,2,8.19,0.722062119756644,0.55580192165558,75,1.22100122100122,"Carnivore"
"198","KR906742","Cosmopolitan AF1b",0.558750652060511,0.449371766444937,38,8,5,8.48,0.6765,0.550628233555063,69,0.943396226415094,"Carnivore"
"199","KR906744","Cosmopolitan AF1b",0.598767673558314,0.439763488543976,39,8,5,8.67,0.672441672441672,0.560236511456024,71,0.922722029988466,"Carnivore"
"200","KR906745","Cosmopolitan AF1b",0.536177801261517,0.446415373244642,36,10,3,8.38,0.679509255273353,0.553584626755358,70,1.19331742243437,"Carnivore"
"201","KR906746","Cosmopolitan AF1b",0.580850703270632,0.44050258684405,38,7,4,8.43,0.67521613832853,0.55949741315595,71,0.830367734282325,"Carnivore"
"202","KR906747","Cosmopolitan AF1b",0.59214247239429,0.441980783444198,39,7,4,9.41,0.678823296634962,0.558019216555802,71,0.743889479277364,"Carnivore"
"203","KR906748","Cosmopolitan AF1b",0.57902102755095,0.435328898743533,37,10,3,8.43,0.662393810679612,0.564671101256467,71,1.18623962040332,"Carnivore"
"204","KR906749","Cosmopolitan AF1b",0.571774911032028,0.44419807834442,38,11,3,9.1,0.703102309291267,0.55580192165558,73,1.20879120879121,"Carnivore"
"205","KR906751","Cosmopolitan AF1b",0.591923271075215,0.441980783444198,39,7,4,8.43,0.679130434782609,0.558019216555802,71,0.830367734282325,"Carnivore"
"206","KR906756","Cosmopolitan AF1b",0.5472044597475,0.447893569844789,37,10,3,8.95,0.683471408365326,0.552106430155211,70,1.11731843575419,"Carnivore"
"207","KR906757","Cosmopolitan AF1b",0.561568231532896,0.441980783444198,37,7,4,8.8,0.669565217391304,0.558019216555802,70,0.795454545454545,"Carnivore"
"208","KR906759","Cosmopolitan AF1b",0.601813412408759,0.439024390243902,39,9,4,9.04,0.707300582708339,0.560975609756098,75,0.995575221238938,"Carnivore"
"209","KR906762","Cosmopolitan AF1b",0.575230017878167,0.448632668144863,39,10,2,9.04,0.684592865661932,0.551367331855137,70,1.10619469026549,"Carnivore"
"210","KR906763","Cosmopolitan AF1b",0.591811740005249,0.447893569844789,40,11,3,9.27,0.69293525304403,0.552106430155211,71,1.1866235167206,"Carnivore"
"211","KR906765","Cosmopolitan AF1b",0.588420766512639,0.449371766444937,40,11,2,9.42,0.705913043478261,0.550628233555063,72,1.16772823779193,"Carnivore"
"212","KR906766","Cosmopolitan AF1b",0.589979505516068,0.448632668144863,40,11,3,9.13,0.704442901770219,0.551367331855137,72,1.20481927710843,"Carnivore"
"213","KR906767","Cosmopolitan AF1b",0.536177801261517,0.446415373244642,36,10,3,8.37,0.698923805424021,0.553584626755358,72,1.194743130227,"Carnivore"
"214","KR906770","Cosmopolitan AF1b",0.641087545126354,0.441241685144124,42,10,4,9.85,0.694538985148515,0.558758314855876,73,1.01522842639594,"Carnivore"
"215","KR906773","Cosmopolitan AF1b",0.550847271126761,0.446415373244642,37,10,2,8.3,0.689820333481739,0.553584626755358,71,1.20481927710843,"Carnivore"
"216","KR906780","Cosmopolitan AF1b",0.535959507042254,0.446415373244642,36,10,2,8.87,0.689820333481739,0.553584626755358,71,1.12739571589628,"Carnivore"
"217","KR906784","Cosmopolitan AF1b",0.654306825466446,0.441980783444198,43,11,4,10.45,0.696262406947891,0.558019216555802,73,1.05263157894737,"Carnivore"
"218","KR906790","Cosmopolitan AF1b",0.632242990654206,0.44419807834442,42,9,5,9.22,0.692898600204848,0.55580192165558,72,0.976138828633406,"Carnivore"
"219","KR906792","Cosmopolitan AF1b",0.57077492211838,0.450110864745011,39,11,3,9.05,0.699683163989949,0.549889135254989,71,1.21546961325967,"Carnivore"
"220","KT336432","Cosmopolitan AF1b",0.610398327464789,0.446415373244642,41,9,6,9.73,0.680104554136926,0.553584626755358,70,0.92497430626927,"Carnivore"
"221","KT336433","Cosmopolitan AF1b",0.556270418027868,0.44419807834442,37,8,3,8.34,0.674500587544066,0.55580192165558,70,0.959232613908873,"Carnivore"
"222","KT336434","Cosmopolitan AF1b",0.630871828236825,0.449371766444937,43,8,8,10.26,0.678979752138244,0.550628233555063,69,0.779727095516569,"Carnivore"
"223","KT336435","Cosmopolitan AF1b",0.622753348226815,0.441980783444198,41,9,3,9.24,0.679774406295112,0.558019216555802,71,0.974025974025974,"Carnivore"
"224","KT336436","Cosmopolitan AF1b",0.631961743772242,0.44419807834442,42,10,5,9.58,0.674803351573187,0.55580192165558,70,1.04384133611691,"Carnivore"
"225","KT336437","Cosmopolitan AF1b",0.605653662794602,0.442719881744272,40,10,3,9.25,0.690697674418605,0.557280118255728,72,1.08108108108108,"Carnivore"
"226","KX148203","Cosmopolitan AF1b",0.612555212014134,0.445676274944568,41,10,5,9.61,0.67874957000344,0.554323725055432,70,1.04058272632674,"Carnivore"
"227","KX148204","Cosmopolitan AF1b",0.554457699663054,0.439024390243902,36,7,4,8.38,0.680516940272441,0.560975609756098,72,0.835322195704057,"Carnivore"
"228","KX148206","Cosmopolitan AF1b",0.616337733034199,0.439024390243902,40,8,5,9.13,0.688909813768571,0.560975609756098,73,0.876232201533406,"Carnivore"
"229","KX148208","Cosmopolitan AF1b",0.575873655913979,0.442719881744272,38,8,3,8.41,0.66885593220339,0.557280118255728,70,0.951248513674197,"Carnivore"
"230","KY210224","Cosmopolitan AF1b",0.572763684913218,0.449371766444937,39,11,3,9.27,0.697625272331155,0.550628233555063,71,1.1866235167206,"Carnivore"
"231","KY210243","Cosmopolitan AF1b",0.562221153004986,0.447893569844789,38,11,3,8.36,0.683471408365326,0.552106430155211,70,1.31578947368421,"Carnivore"
"232","KY210247","Cosmopolitan AF1b",0.577016446505118,0.447893569844789,39,12,3,8.35,0.693235285627688,0.552106430155211,71,1.43712574850299,"Carnivore"
"233","KY210249","Cosmopolitan AF1b",0.57678307919331,0.447893569844789,39,13,3,8.54,0.693545592376002,0.552106430155211,71,1.52224824355972,"Carnivore"
"234","KY210253","Cosmopolitan AF1b",0.618867924528302,0.438285291943829,40,9,4,9.25,0.696883852691218,0.561714708056172,74,0.972972972972973,"Carnivore"
"235","KY210263","Cosmopolitan AF1b",0.63450909456336,0.443458980044346,42,9,5,9.24,0.690913217396238,0.556541019955654,72,0.974025974025974,"Carnivore"
"236","KY210264","Cosmopolitan AF1b",0.610862792902614,0.441241685144124,40,9,4,9.21,0.675268348575485,0.558758314855876,71,0.977198697068404,"Carnivore"
"237","KY210279","Cosmopolitan AF1b",0.654306825466446,0.441980783444198,43,10,4,9.51,0.696262406947891,0.558019216555802,73,1.0515247108307,"Carnivore"
"238","KY210287","Cosmopolitan AF1b",0.537639630888781,0.445676274944568,36,10,2,8.24,0.688125443227484,0.554323725055432,71,1.21359223300971,"Carnivore"
"239","KY210304","Cosmopolitan AF1b",0.638781474820144,0.441980783444198,42,10,4,9.4,0.686976389946687,0.558019216555802,72,1.06382978723404,"Carnivore"
"240","KY563717","Cosmopolitan AF1b",0.614082863256176,0.450110864745011,42,8,8,9.48,0.680648007057503,0.549889135254989,69,0.843881856540084,"Carnivore"
"241","LC029890","Cosmopolitan AF1b",0.59237513611819,0.441980783444198,39,6,6,8.82,0.639035359801489,0.558019216555802,67,0.680272108843537,"Carnivore"
"242","MN726804","Cosmopolitan AF1b",0.560480530240265,0.448632668144863,38,8,5,8.45,0.684592865661932,0.551367331855137,70,0.946745562130178,"Carnivore"
"243","MN726826","Cosmopolitan AF1b",0.577016446505118,0.447893569844789,39,10,5,8.36,0.682889898334415,0.552106430155211,70,1.19617224880383,"Carnivore"
"244","MN726827","Cosmopolitan AF1b",0.589735207584178,0.448632668144863,40,10,5,9.7,0.684592865661932,0.551367331855137,70,1.03092783505155,"Carnivore"
"245","MT454631","Cosmopolitan AF1b",0.608256578947368,0.447154471544715,41,9,6,10.33,0.682093163944344,0.552845528455285,70,0.871248789932236,"Carnivore"
"246","MT454635","Cosmopolitan AF1b",0.610646940325617,0.446415373244642,41,10,6,9.7,0.679801894918174,0.553584626755358,70,1.03092783505155,"Carnivore"
"247","MT454637","Cosmopolitan AF1b",0.606129807692308,0.447893569844789,41,9,7,9.82,0.684093437152392,0.552106430155211,70,0.916496945010183,"Carnivore"
"248","MT454641","Cosmopolitan AF1b",0.612555212014134,0.445676274944568,41,9,6,9.61,0.678127506014435,0.554323725055432,70,0.936524453694069,"Carnivore"
"249","MT454643","Cosmopolitan AF1b",0.545088296515141,0.442719881744272,36,7,4,8.35,0.670332936979786,0.557280118255728,70,0.838323353293413,"Carnivore"
"250","MT454644","Cosmopolitan AF1b",0.596136248093543,0.44050258684405,39,8,5,8.63,0.666005653769883,0.55949741315595,70,0.926998841251448,"Carnivore"
"251","MT454645","Cosmopolitan AF1b",0.547035040431267,0.441980783444198,36,7,4,7.83,0.677960958121021,0.558019216555802,71,0.893997445721584,"Carnivore"
"252","OK317992","Cosmopolitan AF1b",0.50166852057842,0.441980783444198,33,6,3,7.37,0.677435051197427,0.558019216555802,71,0.814111261872456,"Carnivore"
"253","OK317993","Cosmopolitan AF1b",0.542943451750621,0.443458980044346,36,8,4,7.58,0.681868514075609,0.556541019955654,71,1.05540897097625,"Carnivore"
"254","OK317995","Cosmopolitan AF1b",0.518273997296079,0.441241685144124,34,6,3,7.84,0.676023926812104,0.558758314855876,71,0.76530612244898,"Carnivore"
"255","OK317996","Cosmopolitan AF1b",0.518273997296079,0.441241685144124,34,7,3,7.78,0.676023926812104,0.558758314855876,71,0.89974293059126,"Carnivore"
"256","OK317998","Cosmopolitan AF1b",0.514805613375411,0.442719881744272,34,6,3,8.11,0.679634935795394,0.557280118255728,71,0.739827373612824,"Carnivore"
"257","OK317999","Cosmopolitan AF1b",0.520361069634858,0.44050258684405,34,7,2,8.01,0.683333333333333,0.55949741315595,72,0.873907615480649,"Carnivore"
"258","OP375406","Cosmopolitan AF1b",0.545505067015364,0.448632668144863,37,10,3,8.48,0.694658972578966,0.551367331855137,71,1.17924528301887,"Carnivore"
"259","OP375407","Cosmopolitan AF1b",0.560725035990054,0.448632668144863,38,8,5,9.13,0.684320809248555,0.551367331855137,70,0.876232201533406,"Carnivore"
"260","OP375410","Cosmopolitan AF1b",0.572981366459627,0.449371766444937,39,10,5,8.35,0.677059309864671,0.550628233555063,69,1.19760479041916,"Carnivore"
"261","OP375413","Cosmopolitan AF1b",0.589735207584178,0.448632668144863,40,10,7,9.42,0.684875043387713,0.551367331855137,70,1.06157112526539,"Carnivore"
"262","OP375414","Cosmopolitan AF1b",0.524552211526745,0.444937176644494,35,10,2,8.17,0.686125078566939,0.555062823355506,71,1.22399020807834,"Carnivore"
"263","OP375415","Cosmopolitan AF1b",0.537853356890459,0.445676274944568,36,10,2,8.36,0.687815041814641,0.554323725055432,71,1.19617224880383,"Carnivore"
"264","OP375418","Cosmopolitan AF1b",0.589735207584178,0.448632668144863,40,10,5,10.13,0.684875043387713,0.551367331855137,70,0.987166831194472,"Carnivore"
"265","OP375421","Cosmopolitan AF1b",0.549131236014216,0.447154471544715,37,10,3,8.86,0.69152359356441,0.552845528455285,71,1.12866817155756,"Carnivore"
"266","OP375423","Cosmopolitan AF1b",0.554753989361702,0.444937176644494,37,10,3,8.23,0.685821375026772,0.555062823355506,71,1.21506682867558,"Carnivore"
"267","OR045939","Cosmopolitan AF1b",0.573259129478855,0.437546193643755,37,10,3,9.28,0.648988529718457,0.562453806356245,69,1.07758620689655,"Carnivore"
"268","OR045949","Cosmopolitan AF1b",0.533879913190258,0.447154471544715,36,10,3,9.08,0.682093163944344,0.552845528455285,70,1.10132158590308,"Carnivore"
"269","OR270973","Cosmopolitan AF1b",0.5355587808418,0.446415373244642,36,10,3,8.53,0.670388774792112,0.553584626755358,69,1.17233294255569,"Carnivore"
"270","OR270979","Cosmopolitan AF1b",0.550635208711434,0.446415373244642,37,10,3,9.03,0.679801894918174,0.553584626755358,70,1.10741971207087,"Carnivore"
"271","OR270997","Cosmopolitan AF1b",0.537437934458789,0.445676274944568,36,10,3,8.83,0.678127506014435,0.554323725055432,70,1.13250283125708,"Carnivore"
"272","OR270998","Cosmopolitan AF1b",0.522705196697426,0.445676274944568,35,10,3,8,0.678127506014435,0.554323725055432,70,1.25,"Carnivore"
"273","OR270999","Cosmopolitan AF1b",0.534078947368421,0.447154471544715,36,10,3,7.88,0.672044055717525,0.552845528455285,69,1.26903553299492,"Carnivore"
"274","OR271001","Cosmopolitan AF1b",0.522509102946044,0.445676274944568,35,8,3,7.75,0.668439970214229,0.554323725055432,69,1.03225806451613,"Carnivore"
"275","OR271003","Cosmopolitan AF1b",0.522705196697426,0.445676274944568,35,10,3,8.65,0.678127506014435,0.554323725055432,70,1.15606936416185,"Carnivore"
"276","PV855388","Cosmopolitan AF1b",0.646232283289643,0.44419807834442,43,11,5,10.25,0.675438596491228,0.55580192165558,70,1.07317073170732,"Carnivore"
"277","PV855390","Cosmopolitan AF1b",0.639927404718693,0.446415373244642,43,11,5,9.5,0.680740037950664,0.553584626755358,70,1.15789473684211,"Carnivore"
"278","PV855392","Cosmopolitan AF1b",0.644200106298166,0.444937176644494,43,11,5,9.97,0.677090035602454,0.555062823355506,70,1.10330992978937,"Carnivore"
"279","PV855393","Cosmopolitan AF1b",0.633434027042392,0.443458980044346,42,11,5,9.75,0.683090379008746,0.556541019955654,71,1.12820512820513,"Carnivore"
"280","PV855394","Cosmopolitan AF1b",0.646232283289643,0.44419807834442,43,11,5,9.91,0.685087719298246,0.55580192165558,71,1.10998990918264,"Carnivore"
"281","PV855397","Cosmopolitan AF1b",0.644200106298166,0.444937176644494,43,11,5,10.23,0.677090035602454,0.555062823355506,70,1.0752688172043,"Carnivore"
"282","PV855415","Cosmopolitan AF1b",0.642180670228266,0.445676274944568,43,11,5,10.3,0.67874957000344,0.554323725055432,70,1.06796116504854,"Carnivore"
"283","EU345002","RAC-SK SCSK",0.527667587805313,0.443458980044346,35,9,17,8.51,0.613257790368272,0.556541019955654,64,1.05757931844888,"Carnivore"
"284","EU345003","RAC-SK SCSK",0.516429605846627,0.441980783444198,34,10,12,8.47,0.628859154929577,0.558019216555802,66,1.18063754427391,"Carnivore"
"285","EU345004","RAC-SK SCSK",0.521174631228333,0.439763488543976,34,9,14,7.59,0.64331263634838,0.560236511456024,68,1.18577075098814,"Carnivore"
"286","JQ685938","RAC-SK SCSK",0.550727587259591,0.44050258684405,36,9,8,8.39,0.635211267605634,0.55949741315595,67,1.07270560190703,"Carnivore"
"287","JQ685968","RAC-SK SCSK",0.57217802770539,0.438285291943829,37,9,8,8.84,0.6483125,0.561714708056172,69,1.01809954751131,"Carnivore"
"288","MW055084","RAC-SK SCSK",0.559791116876146,0.442719881744272,37,9,18,9.07,0.630635593220339,0.557280118255728,66,0.992282249173098,"Carnivore"
"289","MW055085","RAC-SK SCSK",0.555862758161226,0.44419807834442,37,9,18,8.15,0.624609375,0.55580192165558,65,1.10429447852761,"Carnivore"
"290","MW055086","RAC-SK SCSK",0.53617527173913,0.44050258684405,35,9,7,7.76,0.6439159586232,0.55949741315595,68,1.15979381443299,"Carnivore"
"291","MW055087","RAC-SK SCSK",0.522239629453034,0.439763488543976,34,9,7,7.15,0.633037709497207,0.560236511456024,67,1.25874125874126,"Carnivore"
"292","AB519642","Bats DR",0.502402005152127,0.435328898743533,32,7,14,7.68,0.641893564356436,0.564671101256467,69,0.911458333333333,"Bat"
"293","AF070449","Bats DR",0.508820512820513,0.439763488543976,33,6,15,7.34,0.632520915174055,0.560236511456024,67,0.817438692098093,"Bat"
"294","AF351847","Bats DR",0.561061579929504,0.436807095343681,36,5,17,7.49,0.655741110003323,0.563192904656319,70,0.667556742323097,"Bat"
"295","AF351852","Bats DR",0.534732877667736,0.435328898743533,34,6,17,7.72,0.659941056449785,0.564671101256467,71,0.77720207253886,"Bat"
"296","AY854587","Bats DR",0.513874342536858,0.437546193643755,33,6,16,7.92,0.617945027264927,0.562453806356245,66,0.757575757575758,"Bat"
"297","AY854592","Bats DR",0.489209283406025,0.441241685144124,32,7,9,7.3,0.63679533560465,0.558758314855876,67,0.958904109589041,"Bat"
"298","AY854594","Bats DR",0.488944099378882,0.441241685144124,32,8,9,7.59,0.627290927610551,0.558758314855876,66,1.05401844532279,"Bat"
"299","AY877433","Bats DR",0.523097826086957,0.446415373244642,35,6,17,8.05,0.58975733150403,0.553584626755358,61,0.745341614906832,"Bat"
"300","AY877434","Bats DR",0.50082707723629,0.436067997043607,32,6,13,6.78,0.634160463192721,0.563932002956393,68,0.884955752212389,"Bat"
"301","AY877435","Bats DR",0.483392494929006,0.436807095343681,31,7,13,6.91,0.626211479611221,0.563192904656319,67,1.01302460202605,"Bat"
"302","GU592648","Bats DR",0.475738396624473,0.433111603843311,30,5,11,6.95,0.636588658865887,0.566888396156689,69,0.719424460431655,"Bat"
"303","KF656696","Bats DR",0.433653846153846,0.438285291943829,28,5,9,6.37,0.620681026753133,0.561714708056172,66,0.784929356357928,"Bat"
"304","KF864234","Bats DR",0.515625,0.443458980044346,34,6,15,7.7,0.621914998939255,0.556541019955654,65,0.779220779220779,"Bat"
"305","KF864322","Bats DR",0.547625472207232,0.442719881744272,36,9,15,8.11,0.639265188110433,0.557280118255728,67,1.10974106041924,"Bat"
"306","KF864397","Bats DR",0.51772358854837,0.436067997043607,33,6,13,7.25,0.633479302652235,0.563932002956393,68,0.827586206896552,"Bat"
"307","KM594040","Bats DR",0.546710845320834,0.436807095343681,35,5,19,7.9,0.635737976782753,0.563192904656319,68,0.632911392405063,"Bat"
"308","KM594041","Bats DR",0.440644846116268,0.435328898743533,28,6,12,6.15,0.60337552742616,0.564671101256467,65,0.975609756097561,"Bat"
"309","KM594042","Bats DR",0.523606811145511,0.439763488543976,34,5,19,6.88,0.623776692721977,0.560236511456024,66,0.726744186046512,"Bat"
"310","KP202393","Bats DR",0.484912597114317,0.436067997043607,31,7,13,6.61,0.652272727272727,0.563932002956393,70,1.0590015128593,"Bat"
"311","KT023101","Bats DR",0.45809788446271,0.434589800443459,29,5,15,6.88,0.620158167663196,0.565410199556541,67,0.726744186046512,"Bat"
"312","MN968374","Bats DR",0.494994512255962,0.444937176644494,33,7,13,7.28,0.664935897435898,0.555062823355506,69,0.961538461538461,"Bat"
"313","MN968375","Bats DR",0.493239212567111,0.445676274944568,33,7,13,8.49,0.666835714285714,0.554323725055432,69,0.824499411071849,"Bat"
"314","MN968377","Bats DR",0.4934572622179,0.445676274944568,33,7,13,7.81,0.666835714285714,0.554323725055432,69,0.89628681177977,"Bat"
"315","MN968386","Bats DR",0.491707413770318,0.446415373244642,33,7,13,8.02,0.659054441260745,0.553584626755358,68,0.87281795511222,"Bat"
"316","MT891038","Bats DR",0.533072216556967,0.436067997043607,34,10,16,7.51,0.652812241521919,0.563932002956393,70,1.33155792276964,"Bat"
"317","MW249020","Bats DR",0.524657846715328,0.439024390243902,34,10,17,7.94,0.65993561603746,0.560975609756098,70,1.25944584382872,"Bat"
"318","MW579786","Bats DR",0.479566157445149,0.431633407243163,30,5,11,6.24,0.623925132239251,0.568366592756837,68,0.801282051282051,"Bat"
"319","MW579820","Bats DR",0.479022835900159,0.431633407243163,30,5,14,7.33,0.633272283272283,0.568366592756837,69,0.68212824010914,"Bat"
"320","MW579824","Bats DR",0.503529862865392,0.441980783444198,33,7,17,7.6,0.589915611814346,0.558019216555802,62,0.921052631578947,"Bat"
"321","MW579833","Bats DR",0.463580618863644,0.431633407243163,29,3,14,5.81,0.632937395761298,0.568366592756837,69,0.516351118760757,"Bat"
"322","PQ379829","Bats DR",0.498542860014069,0.443458980044346,33,8,13,7.85,0.671988080034057,0.556541019955654,70,1.01910828025478,"Bat"
"323","PQ379831","Bats DR",0.548547400611621,0.436807095343681,35,5,16,8.1,0.616252027190228,0.563192904656319,66,0.617283950617284,"Bat"
"324","PQ379832","Bats DR",0.501448787061995,0.441980783444198,33,8,11,7.12,0.658111042183623,0.558019216555802,69,1.12359550561798,"Bat"
"325","PQ379834","Bats DR",0.505516483516483,0.447154471544715,34,7,12,8.46,0.660251028009214,0.552845528455285,68,0.8274231678487,"Bat"
"326","PQ379836","Bats DR",0.479457819317402,0.445676274944568,32,7,13,7,0.647280594649016,0.554323725055432,67,1,"Bat"
"327","PQ379849","Bats DR",0.483136360494851,0.436807095343681,31,7,11,7.36,0.66359723958801,0.563192904656319,71,0.951086956521739,"Bat"
"328","PQ510120","Bats DR",0.450792738970588,0.437546193643755,29,9,10,6.71,0.62745545911375,0.562453806356245,67,1.34128166915052,"Bat"
"329","PQ603086","Bats DR",0.500582998856425,0.442719881744272,33,8,13,7.01,0.679370579915134,0.557280118255728,71,1.14122681883024,"Bat"
"330","PQ671599","Bats DR",0.439571150097466,0.436067997043607,28,6,13,6.53,0.595707209686296,0.563932002956393,64,0.918836140888208,"Bat"
"331","PQ671601","Bats DR",0.412829178988875,0.433850702143385,26,5,11,5.51,0.609172584573194,0.566149297856615,66,0.907441016333938,"Bat"
"332","AF351849","Bats TB1",0.444522669670515,0.433111603843311,28,5,12,6,0.598713322894683,0.566888396156689,65,0.833333333333333,"Bat"
"333","AF394876","Bats TB1",0.46927025527192,0.436067997043607,30,7,11,6.82,0.605131698455949,0.563932002956393,65,1.02639296187683,"Bat"
"334","GU644760","Bats TB1",0.43272921108742,0.430894308943089,27,4,12,6.47,0.603246661127212,0.56910569105691,66,0.618238021638331,"Bat"
"335","GU644761","Bats TB1",0.444267235819075,0.433111603843311,28,5,12,6.14,0.608164432821183,0.566888396156689,66,0.814332247557003,"Bat"
"336","GU644762","Bats TB1",0.448756218905473,0.430894308943089,28,5,9,5.75,0.612635078969244,0.56910569105691,67,0.869565217391304,"Bat"
"337","GU644763","Bats TB1",0.431120552310143,0.431633407243163,27,4,12,6.41,0.605,0.568366592756837,66,0.62402496099844,"Bat"
"338","GU644764","Bats TB1",0.43272921108742,0.430894308943089,27,5,9,6.05,0.584966459274872,0.56910569105691,64,0.826446280991736,"Bat"
"339","GU644765","Bats TB1",0.434603121728372,0.430155210643016,27,5,11,6.01,0.61074056108012,0.569844789356984,67,0.831946755407654,"Bat"
"340","GU644766","Bats TB1",0.419594933085236,0.429416112342942,26,5,11,6.23,0.609332463988277,0.570583887657058,67,0.802568218298555,"Bat"
"341","GU644767","Bats TB1",0.450185378838293,0.430155210643016,28,4,12,5.92,0.610855795148248,0.569844789356984,67,0.675675675675676,"Bat"
"342","GU644768","Bats TB1",0.4329753946807,0.430894308943089,27,5,11,6.11,0.603246661127212,0.56910569105691,66,0.818330605564648,"Bat"
"343","GU644769","Bats TB1",0.434603121728372,0.430155210643016,27,4,10,5.62,0.60142243295303,0.569844789356984,66,0.711743772241993,"Bat"
"344","GU644770","Bats TB1",0.460133922812614,0.433111603843311,29,6,12,6.24,0.608040201005025,0.566888396156689,66,0.961538461538461,"Bat"
"345","GU644771","Bats TB1",0.444022503516174,0.433111603843311,28,5,12,6.2,0.608297002724796,0.566888396156689,66,0.806451612903226,"Bat"
"346","GU644772","Bats TB1",0.444522669670515,0.433111603843311,28,5,11,6.84,0.589398023360288,0.566888396156689,64,0.730994152046784,"Bat"
"347","GU644773","Bats TB1",0.450185378838293,0.430155210643016,28,4,12,6.37,0.601738544474393,0.569844789356984,66,0.627943485086342,"Bat"
"348","GU644774","Bats TB1",0.416939268951785,0.430894308943089,26,5,11,5.91,0.603246661127212,0.56910569105691,66,0.846023688663283,"Bat"
"349","GU644775","Bats TB1",0.466523987872302,0.430155210643016,29,6,11,6.54,0.61985609184251,0.569844789356984,68,0.91743119266055,"Bat"
"350","GU644776","Bats TB1",0.435982814178303,0.429416112342942,27,5,11,5.9,0.609213709677419,0.570583887657058,67,0.847457627118644,"Bat"
"351","GU644777","Bats TB1",0.461850840435049,0.432372505543237,29,5,12,6.57,0.606396849110417,0.567627494456763,66,0.76103500761035,"Bat"
"352","GU644778","Bats TB1",0.445924949385564,0.432372505543237,28,5,12,6.04,0.606396849110417,0.567627494456763,66,0.827814569536424,"Bat"
"353","GU644779","Bats TB1",0.4329753946807,0.430894308943089,27,5,12,5.86,0.603246661127212,0.56910569105691,66,0.853242320819113,"Bat"
"354","GU644780","Bats TB1",0.460133922812614,0.433111603843311,29,5,13,6.48,0.608164432821183,0.566888396156689,66,0.771604938271605,"Bat"
"355","GU644781","Bats TB1",0.463312393727565,0.431633407243163,29,5,12,6.45,0.595833333333333,0.568366592756837,65,0.775193798449612,"Bat"
"356","GU644782","Bats TB1",0.444022503516174,0.433111603843311,28,6,12,6.03,0.59908038147139,0.566888396156689,65,0.99502487562189,"Bat"
"357","GU644784","Bats TB1",0.448756218905473,0.430894308943089,28,5,12,5.66,0.603491271820449,0.56910569105691,66,0.88339222614841,"Bat"
"358","GU644785","Bats TB1",0.449011520409615,0.430894308943089,28,5,12,6.78,0.621413519208948,0.56910569105691,68,0.737463126843658,"Bat"
"359","GU644786","Bats TB1",0.45724907063197,0.434589800443459,29,5,12,7,0.611228233490308,0.565410199556541,66,0.714285714285714,"Bat"
"360","GU644787","Bats TB1",0.416702203269367,0.430894308943089,26,4,11,6.26,0.612506756756757,0.56910569105691,67,0.638977635782748,"Bat"
"361","GU644788","Bats TB1",0.447087980173482,0.431633407243163,28,4,12,6.03,0.605,0.568366592756837,66,0.66334991708126,"Bat"
"362","JQ685905","Bats TB1",0.445673144793186,0.432372505543237,28,5,12,6.22,0.606516290726817,0.567627494456763,66,0.803858520900322,"Bat"
"363","AF351828","Bats EF-E2",0.568971813684805,0.446415373244642,38,5,10,8.42,0.61926625187728,0.553584626755358,64,0.593824228028504,"Bat"
"364","AF351831","Bats EF-E2",0.580555555555556,0.441980783444198,38,10,8,9.28,0.647341091707358,0.558019216555802,68,1.07758620689655,"Bat"
"365","AF351832","Bats EF-E2",0.583110284444041,0.441241685144124,38,4,9,8.82,0.645714606552315,0.558758314855876,68,0.453514739229025,"Bat"
"366","AF351833","Bats EF-E2",0.512288310615448,0.438285291943829,33,3,9,7.76,0.657708333333333,0.561714708056172,70,0.38659793814433,"Bat"
"367","AF351855","Bats EF-E2",0.572990110795715,0.439024390243902,37,5,9,7.76,0.668124913061622,0.560975609756098,71,0.644329896907217,"Bat"
"368","AF351861","Bats EF-E2",0.552376416153506,0.44050258684405,36,4,8,7.91,0.644908945619717,0.55949741315595,68,0.505689001264222,"Bat"
"369","AF351862","Bats EF-E2",0.528151549942595,0.438285291943829,34,3,9,8.28,0.648893800696457,0.561714708056172,69,0.36231884057971,"Bat"
"370","AY039227","Bats EF-E2",0.5285034810781,0.438285291943829,34,5,8,7.27,0.657708333333333,0.561714708056172,70,0.687757909215956,"Bat"
"371","AY039228","Bats EF-E2",0.533072216556967,0.436067997043607,34,3,9,7.49,0.653010287101134,0.563932002956393,70,0.400534045393858,"Bat"
"372","AY039229","Bats EF-E2",0.545721694036301,0.437546193643755,35,3,10,7.96,0.66563422442107,0.562453806356245,71,0.376884422110553,"Bat"
"373","GU644652","Bats EF-E2",0.571910022505798,0.439024390243902,37,7,7,8.56,0.669158110310815,0.560975609756098,71,0.817757009345794,"Bat"
"374","GU644654","Bats EF-E2",0.522577247191011,0.433850702143385,33,3,9,7.9,0.647789063301529,0.566149297856615,70,0.379746835443038,"Bat"
"375","GU644655","Bats EF-E2",0.533072216556967,0.436067997043607,34,3,9,7.71,0.643681568713974,0.563932002956393,69,0.389105058365759,"Bat"
"376","GU644656","Bats EF-E2",0.516125676238036,0.436807095343681,33,3,8,7.04,0.645087064676617,0.563192904656319,69,0.426136363636364,"Bat"
"377","GU644657","Bats EF-E2",0.507259713701432,0.44050258684405,33,3,8,7.6,0.634277917716205,0.55949741315595,67,0.394736842105263,"Bat"
"378","GU644658","Bats EF-E2",0.483353500432152,0.437546193643755,31,3,7,7.36,0.62745545911375,0.562453806356245,67,0.407608695652174,"Bat"
"379","GU644659","Bats EF-E2",0.456679624758491,0.435328898743533,29,3,8,6.9,0.614175177963479,0.564671101256467,66,0.434782608695652,"Bat"
"380","GU644660","Bats EF-E2",0.493098264315976,0.439763488543976,32,3,8,7.41,0.623972832466879,0.560236511456024,66,0.404858299595142,"Bat"
"381","GU644661","Bats EF-E2",0.529781647318961,0.437546193643755,34,3,9,6.97,0.646883964578223,0.562453806356245,69,0.430416068866571,"Bat"
"382","GU644662","Bats EF-E2",0.522631220177233,0.44050258684405,34,3,9,7.81,0.634810924369748,0.55949741315595,67,0.384122919334187,"Bat"
"383","GU644663","Bats EF-E2",0.491888207225631,0.44050258684405,32,3,8,7.24,0.62573050241749,0.55949741315595,66,0.414364640883978,"Bat"
"384","GU644664","Bats EF-E2",0.518788343558282,0.441980783444198,34,3,9,7.88,0.609613922446566,0.558019216555802,64,0.380710659898477,"Bat"
"385","GU644665","Bats EF-E2",0.49555901474224,0.439024390243902,32,3,8,6.78,0.631274373259053,0.560975609756098,67,0.442477876106195,"Bat"
"386","GU644666","Bats EF-E2",0.493401709401709,0.439763488543976,32,3,8,7.3,0.623776692721977,0.560236511456024,66,0.410958904109589,"Bat"
"387","GU644667","Bats EF-E2",0.543685419058553,0.438285291943829,35,3,9,7.82,0.638916666666667,0.561714708056172,68,0.383631713554987,"Bat"
"388","GU644668","Bats EF-E2",0.54000273678929,0.439763488543976,35,4,9,8.08,0.633037709497207,0.560236511456024,67,0.495049504950495,"Bat"
"389","GU644669","Bats EF-E2",0.48273044298917,0.437546193643755,31,3,8,7.06,0.618947280868348,0.562453806356245,66,0.424929178470255,"Bat"
"390","GU644670","Bats EF-E2",0.551332261788876,0.441241685144124,36,4,10,8.24,0.617591292134831,0.558758314855876,65,0.485436893203884,"Bat"
"391","GU644671","Bats EF-E2",0.519331425779887,0.435328898743533,33,3,7,6.39,0.62328795379538,0.564671101256467,67,0.469483568075117,"Bat"
"392","GU644676","Bats EF-E2",0.547051892241578,0.436807095343681,35,3,10,7.91,0.654834338182422,0.563192904656319,70,0.379266750948167,"Bat"
"393","GU644677","Bats EF-E2",0.540360125975626,0.439763488543976,35,3,9,7.9,0.671032502776672,0.560236511456024,71,0.379746835443038,"Bat"
"394","GU644684","Bats EF-E2",0.534732877667736,0.435328898743533,34,3,8,8.04,0.651196369636964,0.564671101256467,70,0.373134328358209,"Bat"
"395","GU644689","Bats EF-E2",0.534732877667736,0.435328898743533,34,3,8,7.6,0.651196369636964,0.564671101256467,70,0.394736842105263,"Bat"
"396","GU644690","Bats EF-E2",0.533072216556967,0.436067997043607,34,3,8,8.38,0.652812241521919,0.563932002956393,70,0.35799522673031,"Bat"
"397","GU644695","Bats EF-E2",0.548750811161583,0.436067997043607,35,4,9,7.86,0.652812241521919,0.563932002956393,70,0.508905852417303,"Bat"
"398","AF351845","Bats LC",0.429641390637832,0.447893569844789,29,7,4,6.7,0.594181509265525,0.552106430155211,61,1.04477611940298,"Bat"
"399","AF351846","Bats LC",0.455555555555556,0.450110864745011,31,7,6,7.63,0.608310369833213,0.549889135254989,62,0.91743119266055,"Bat"
"400","AF351858","Bats LC",0.449116607773852,0.453067257945307,31,8,6,7.65,0.585568205158299,0.546932742054693,59,1.04575163398693,"Bat"
"401","AF394883","Bats LC",0.45786302207279,0.448632668144863,31,7,8,7.32,0.585714285714286,0.551367331855137,60,0.956284153005464,"Bat"
"402","AF394884","Bats LC",0.459498247151621,0.447893569844789,31,7,8,7.89,0.593976250449802,0.552106430155211,61,0.887198986058302,"Bat"
"403","GU644712","Bats LC",0.46832307542537,0.450849963045085,32,7,6,7.65,0.59037423821506,0.549150036954915,60,0.915032679738562,"Bat"
"404","GU644713","Bats LC",0.482958171532412,0.450849963045085,33,7,6,7.73,0.600021810250818,0.549150036954915,61,0.905562742561449,"Bat"
"405","GU644714","Bats LC",0.466210104664685,0.451589061345159,32,8,6,7.29,0.592273738737096,0.548410938654841,60,1.09739368998628,"Bat"
"406","GU644715","Bats LC",0.456696428571429,0.449371766444937,31,7,6,7.49,0.587197106690778,0.550628233555063,60,0.934579439252336,"Bat"
"407","GU644716","Bats LC",0.46832307542537,0.450849963045085,32,9,6,8.04,0.59037423821506,0.549150036954915,60,1.11940298507463,"Bat"
"408","GU644717","Bats LC",0.458333333333333,0.448632668144863,31,7,6,7.36,0.585524180460889,0.551367331855137,60,0.951086956521739,"Bat"
"409","GU644718","Bats LC",0.486160714285714,0.449371766444937,33,8,6,8.51,0.596983725135624,0.550628233555063,61,0.940070505287897,"Bat"
"410","GU644719","Bats LC",0.482712765957447,0.450849963045085,33,7,6,8.53,0.610257529463117,0.549150036954915,62,0.82063305978898,"Bat"
"411","GU644720","Bats LC",0.484188951786063,0.450110864745011,33,8,6,8.38,0.59889846743295,0.549889135254989,61,0.954653937947494,"Bat"
"412","GU644721","Bats LC",0.456462829344739,0.449371766444937,31,7,6,6.94,0.596983725135624,0.550628233555063,61,1.00864553314121,"Bat"
"413","JQ685947","Bats LC",0.443548387096774,0.448632668144863,30,7,6,7.34,0.595282916801904,0.551367331855137,61,0.953678474114441,"Bat"
