"","Accession","Year","Clade","Host","Group","pyrimidines","pyrimidines1","pyrimidines2","pyrimidines3"
"1","DQ666289",NA,"Asian SEA2a","Dog","Carnivore",0.471544715447154,0.368070953436807,0.514412416851441,0.532150776053215
"2","DQ666290",NA,"Asian SEA2a","Dog","Carnivore",0.472283813747228,0.368070953436807,0.516629711751663,0.532150776053215
"3","DQ866105",2004,"Asian SEA2a","Dog","Carnivore",0.470805617147081,0.368070953436807,0.509977827050998,0.534368070953437
"4","DQ866106",2003,"Asian SEA2a","Dog","Carnivore",0.472283813747228,0.370288248337029,0.514412416851441,0.532150776053215
"5","DQ866108",2003,"Asian SEA2a","Dog","Carnivore",0.472283813747228,0.368070953436807,0.516629711751663,0.532150776053215
"6","DQ866109",2003,"Asian SEA2a","Dog","Carnivore",0.471544715447154,0.368070953436807,0.514412416851441,0.532150776053215
"7","DQ866110",2004,"Asian SEA2a","Dog","Carnivore",0.471544715447154,0.368070953436807,0.514412416851441,0.532150776053215
"8","DQ866112",2004,"Asian SEA2a","Dog","Carnivore",0.470066518847007,0.368070953436807,0.514412416851441,0.527716186252772
"9","DQ866116",2003,"Asian SEA2a","Dog","Carnivore",0.471544715447154,0.368070953436807,0.514412416851441,0.532150776053215
"10","DQ866119",2005,"Asian SEA2a","Dog","Carnivore",0.471544715447154,0.368070953436807,0.514412416851441,0.532150776053215
"11","EU086182",1994,"Asian SEA2a","Dog","Carnivore",0.471544715447154,0.368070953436807,0.514412416851441,0.532150776053215
"12","EU086183",1994,"Asian SEA2a","Dog","Carnivore",0.471544715447154,0.368070953436807,0.516629711751663,0.529933481152993
"13","EU159386",1994,"Asian SEA2a","Dog","Carnivore",0.471544715447154,0.368070953436807,0.514412416851441,0.532150776053215
"14","EU828653",2007,"Asian SEA2a","Dog","Carnivore",0.470805617147081,0.368070953436807,0.514412416851441,0.529933481152993
"15","FJ561726",2008,"Asian SEA2a","Dog","Carnivore",0.472283813747228,0.368070953436807,0.516629711751663,0.532150776053215
"16","FJ561727",2008,"Asian SEA2a","Dog","Carnivore",0.472283813747228,0.370288248337029,0.514412416851441,0.532150776053215
"17","FJ561728",2008,"Asian SEA2a","Dog","Carnivore",0.471544715447154,0.368070953436807,0.514412416851441,0.532150776053215
"18","FJ866829",2007,"Asian SEA2a","Dog","Carnivore",0.472283813747228,0.368070953436807,0.516629711751663,0.532150776053215
"19","FJ866830",2007,"Asian SEA2a","Dog","Carnivore",0.472283813747228,0.368070953436807,0.516629711751663,0.532150776053215
"20","FJ866831",2007,"Asian SEA2a","Dog","Carnivore",0.472283813747228,0.370288248337029,0.514412416851441,0.532150776053215
"21","GQ472468",2007,"Asian SEA2a","Dog","Carnivore",0.470805617147081,0.368070953436807,0.514412416851441,0.529933481152993
"22","GQ472470",2007,"Asian SEA2a","Dog","Carnivore",0.471544715447154,0.368070953436807,0.514412416851441,0.532150776053215
"23","GQ472473",2007,"Asian SEA2a","Dog","Carnivore",0.471544715447154,0.368070953436807,0.514412416851441,0.532150776053215
"24","GQ472477",2006,"Asian SEA2a","Dog","Carnivore",0.472283813747228,0.368070953436807,0.516629711751663,0.532150776053215
"25","GU358653",1994,"Asian SEA2a","Dog","Carnivore",0.471544715447154,0.368070953436807,0.514412416851441,0.532150776053215
"26","HM486355",2004,"Asian SEA2a","Dog","Carnivore",0.468588322246859,0.368070953436807,0.514412416851441,0.523281596452328
"27","HM486356",2004,"Asian SEA2a","Dog","Carnivore",0.467849223946785,0.368070953436807,0.51219512195122,0.523281596452328
"28","HM486357",NA,"Asian SEA2a","Dog","Carnivore",0.468588322246859,0.368070953436807,0.514412416851441,0.523281596452328
"29","HM486358",2003,"Asian SEA2a","Dog","Carnivore",0.468588322246859,0.368070953436807,0.514412416851441,0.523281596452328
"30","HM486359",2003,"Asian SEA2a","Dog","Carnivore",0.468588322246859,0.368070953436807,0.514412416851441,0.523281596452328
"31","HM486361",2005,"Asian SEA2a","Dog","Carnivore",0.468588322246859,0.368070953436807,0.514412416851441,0.523281596452328
"32","HM486362",2005,"Asian SEA2a","Dog","Carnivore",0.468588322246859,0.368070953436807,0.514412416851441,0.523281596452328
"33","HM486364",2006,"Asian SEA2a","Dog","Carnivore",0.468588322246859,0.368070953436807,0.514412416851441,0.523281596452328
"34","HM486365",2006,"Asian SEA2a","Dog","Carnivore",0.468588322246859,0.368070953436807,0.514412416851441,0.523281596452328
"35","HM486366",2005,"Asian SEA2a","Dog","Carnivore",0.468588322246859,0.368070953436807,0.514412416851441,0.523281596452328
"36","HM486367",2005,"Asian SEA2a","Dog","Carnivore",0.468588322246859,0.368070953436807,0.514412416851441,0.523281596452328
"37","HM486368",2005,"Asian SEA2a","Dog","Carnivore",0.471544715447154,0.368070953436807,0.514412416851441,0.532150776053215
"38","HM486369",2006,"Asian SEA2a","Dog","Carnivore",0.468588322246859,0.368070953436807,0.514412416851441,0.523281596452328
"39","HM486370",2005,"Asian SEA2a","Dog","Carnivore",0.468588322246859,0.368070953436807,0.514412416851441,0.523281596452328
"40","HM486371",2005,"Asian SEA2a","Dog","Carnivore",0.468588322246859,0.368070953436807,0.514412416851441,0.523281596452328
"41","HM486372",2006,"Asian SEA2a","Dog","Carnivore",0.468588322246859,0.368070953436807,0.514412416851441,0.523281596452328
"42","HM486373",2008,"Asian SEA2a","Dog","Carnivore",0.468588322246859,0.368070953436807,0.514412416851441,0.523281596452328
"43","HM486374",2008,"Asian SEA2a","Dog","Carnivore",0.467849223946785,0.368070953436807,0.51219512195122,0.523281596452328
"44","HM486375",2008,"Asian SEA2a","Dog","Carnivore",0.467849223946785,0.368070953436807,0.51219512195122,0.523281596452328
"45","HM486379",2007,"Asian SEA2a","Dog","Carnivore",0.468588322246859,0.368070953436807,0.514412416851441,0.523281596452328
"46","HM486380",2006,"Asian SEA2a","Dog","Carnivore",0.468588322246859,0.368070953436807,0.514412416851441,0.523281596452328
"47","HM486381",2007,"Asian SEA2a","Dog","Carnivore",0.471544715447154,0.368070953436807,0.514412416851441,0.532150776053215
"48","JF819605",NA,"Asian SEA2a","Dog","Carnivore",0.469327420546933,0.370288248337029,0.516629711751663,0.521064301552106
"49","JF819615",NA,"Asian SEA2a","Dog","Carnivore",0.468588322246859,0.368070953436807,0.514412416851441,0.523281596452328
"50","JF819622",NA,"Asian SEA2a","Dog","Carnivore",0.468588322246859,0.368070953436807,0.514412416851441,0.523281596452328
"51","JN974823",2008,"Asian SEA2a","Dog","Carnivore",0.470805617147081,0.368070953436807,0.51219512195122,0.532150776053215
"52","JN974824",2005,"Asian SEA2a","Dog","Carnivore",0.470805617147081,0.368070953436807,0.514412416851441,0.529933481152993
"53","JN974828",2006,"Asian SEA2a","Dog","Carnivore",0.471544715447154,0.368070953436807,0.514412416851441,0.532150776053215
"54","JN974829",2008,"Asian SEA2a","Dog","Carnivore",0.471544715447154,0.368070953436807,0.514412416851441,0.532150776053215
"55","JN974838",2005,"Asian SEA2a","Dog","Carnivore",0.470805617147081,0.368070953436807,0.51219512195122,0.532150776053215
"56","JN974842",2006,"Asian SEA2a","Dog","Carnivore",0.470805617147081,0.368070953436807,0.51219512195122,0.532150776053215
"57","JN974845",2008,"Asian SEA2a","Dog","Carnivore",0.470805617147081,0.368070953436807,0.51219512195122,0.532150776053215
"58","JN974854",2009,"Asian SEA2a","Dog","Carnivore",0.468588322246859,0.368070953436807,0.514412416851441,0.523281596452328
"59","JN974870",2003,"Asian SEA2a","Dog","Carnivore",0.468588322246859,0.368070953436807,0.514412416851441,0.523281596452328
"60","JN974871",2003,"Asian SEA2a","Dog","Carnivore",0.468588322246859,0.365853658536585,0.514412416851441,0.52549889135255
"61","JN974872",2003,"Asian SEA2a","Dog","Carnivore",0.469327420546933,0.368070953436807,0.514412416851441,0.52549889135255
"62","JN974873",2004,"Asian SEA2a","Dog","Carnivore",0.470805617147081,0.372505543237251,0.516629711751663,0.523281596452328
"63","JQ970480",2008,"Asian SEA2a","Dog","Carnivore",0.470805617147081,0.368070953436807,0.51219512195122,0.532150776053215
"64","KT221107",2009,"Asian SEA2a","Dog","Carnivore",0.470066518847007,0.368070953436807,0.51219512195122,0.529933481152993
"65","KT894558",2005,"Asian SEA2a","Dog","Carnivore",0.470066518847007,0.368070953436807,0.51219512195122,0.529933481152993
"66","KT894572",2010,"Asian SEA2a","Dog","Carnivore",0.471544715447154,0.368070953436807,0.51219512195122,0.534368070953437
"67","KT894573",2011,"Asian SEA2a","Dog","Carnivore",0.468588322246859,0.368070953436807,0.51219512195122,0.52549889135255
"68","KT894577",2013,"Asian SEA2a","Dog","Carnivore",0.469327420546933,0.370288248337029,0.514412416851441,0.523281596452328
"69","KT894578",2013,"Asian SEA2a","Dog","Carnivore",0.469327420546933,0.370288248337029,0.514412416851441,0.523281596452328
"70","KX148264",1994,"Asian SEA2a","Dog","Carnivore",0.471544715447154,0.368070953436807,0.514412416851441,0.532150776053215
"71","KY451767",2015,"Asian SEA2a","Dog","Carnivore",0.470066518847007,0.368070953436807,0.51219512195122,0.529933481152993
"72","MG201879",2010,"Asian SEA2a","Dog","Carnivore",0.470805617147081,0.368070953436807,0.514412416851441,0.529933481152993
"73","MG201880",2010,"Asian SEA2a","Dog","Carnivore",0.471544715447154,0.368070953436807,0.514412416851441,0.532150776053215
"74","MG201884",2012,"Asian SEA2a","Dog","Carnivore",0.471544715447154,0.368070953436807,0.514412416851441,0.532150776053215
"75","MG201919",2011,"Asian SEA2a","Dog","Carnivore",0.471544715447154,0.368070953436807,0.514412416851441,0.532150776053215
"76","MG201921",2012,"Asian SEA2a","Dog","Carnivore",0.471544715447154,0.368070953436807,0.514412416851441,0.532150776053215
"77","FJ598135",2008,"Asian SEA2b","Ferret badger","Carnivore",0.470805617147081,0.368070953436807,0.514412416851441,0.529933481152993
"78","FJ712195",2008,"Asian SEA2b","Ferret badger","Carnivore",0.472283813747228,0.370288248337029,0.514412416851441,0.532150776053215
"79","FJ712196",2008,"Asian SEA2b","Ferret badger","Carnivore",0.471544715447154,0.368070953436807,0.514412416851441,0.532150776053215
"80","GU647092",2008,"Asian SEA2b","Ferret badger","Carnivore",0.469327420546933,0.368070953436807,0.51219512195122,0.527716186252772
"81","KF726852",2009,"Asian SEA2b","Ferret badger","Carnivore",0.471544715447154,0.368070953436807,0.514412416851441,0.532150776053215
"82","KP319184",2009,"Asian SEA2b","Ferret badger","Carnivore",0.471544715447154,0.368070953436807,0.514412416851441,0.532150776053215
"83","KP319185",2009,"Asian SEA2b","Ferret badger","Carnivore",0.469327420546933,0.368070953436807,0.51219512195122,0.527716186252772
"84","KP319186",2009,"Asian SEA2b","Ferret badger","Carnivore",0.470805617147081,0.368070953436807,0.514412416851441,0.529933481152993
"85","KP319187",2009,"Asian SEA2b","Ferret badger","Carnivore",0.471544715447154,0.368070953436807,0.51219512195122,0.534368070953437
"86","KP319188",2009,"Asian SEA2b","Ferret badger","Carnivore",0.470805617147081,0.368070953436807,0.514412416851441,0.529933481152993
"87","KP319189",2009,"Asian SEA2b","Ferret badger","Carnivore",0.471544715447154,0.368070953436807,0.51219512195122,0.534368070953437
"88","KP319190",2009,"Asian SEA2b","Ferret badger","Carnivore",0.469327420546933,0.368070953436807,0.51219512195122,0.527716186252772
"89","KP319191",2009,"Asian SEA2b","Ferret badger","Carnivore",0.469327420546933,0.368070953436807,0.51219512195122,0.527716186252772
"90","KP319192",2009,"Asian SEA2b","Ferret badger","Carnivore",0.469327420546933,0.368070953436807,0.51219512195122,0.527716186252772
"91","KP319193",2011,"Asian SEA2b","Ferret badger","Carnivore",0.470805617147081,0.368070953436807,0.514412416851441,0.529933481152993
"92","KP319194",2011,"Asian SEA2b","Ferret badger","Carnivore",0.471544715447154,0.368070953436807,0.514412416851441,0.532150776053215
"93","KP319195",2011,"Asian SEA2b","Ferret badger","Carnivore",0.471544715447154,0.368070953436807,0.514412416851441,0.532150776053215
"94","KP319196",2012,"Asian SEA2b","Ferret badger","Carnivore",0.470805617147081,0.368070953436807,0.514412416851441,0.529933481152993
"95","KP319197",2012,"Asian SEA2b","Ferret badger","Carnivore",0.470805617147081,0.368070953436807,0.514412416851441,0.529933481152993
"96","KP319198",2012,"Asian SEA2b","Ferret badger","Carnivore",0.470805617147081,0.368070953436807,0.514412416851441,0.529933481152993
"97","KP319199",2012,"Asian SEA2b","Ferret badger","Carnivore",0.471544715447154,0.368070953436807,0.514412416851441,0.532150776053215
"98","KP319200",2012,"Asian SEA2b","Ferret badger","Carnivore",0.470805617147081,0.368070953436807,0.514412416851441,0.529933481152993
"99","KP319201",2013,"Asian SEA2b","Ferret badger","Carnivore",0.471544715447154,0.368070953436807,0.514412416851441,0.532150776053215
"100","KP319202",2013,"Asian SEA2b","Ferret badger","Carnivore",0.470805617147081,0.368070953436807,0.514412416851441,0.529933481152993
"101","KP319203",2013,"Asian SEA2b","Ferret badger","Carnivore",0.471544715447154,0.370288248337029,0.514412416851441,0.529933481152993
"102","KP319204",2013,"Asian SEA2b","Ferret badger","Carnivore",0.470805617147081,0.368070953436807,0.514412416851441,0.529933481152993
"103","KP319205",2013,"Asian SEA2b","Ferret badger","Carnivore",0.470066518847007,0.368070953436807,0.514412416851441,0.527716186252772
"104","KP319206",2013,"Asian SEA2b","Ferret badger","Carnivore",0.470066518847007,0.368070953436807,0.51219512195122,0.529933481152993
"105","KP319207",2013,"Asian SEA2b","Ferret badger","Carnivore",0.470066518847007,0.368070953436807,0.51219512195122,0.529933481152993
"106","KP319208",2013,"Asian SEA2b","Ferret badger","Carnivore",0.470805617147081,0.368070953436807,0.514412416851441,0.529933481152993
"107","KP319209",2013,"Asian SEA2b","Ferret badger","Carnivore",0.470805617147081,0.368070953436807,0.514412416851441,0.529933481152993
"108","KP319210",2013,"Asian SEA2b","Ferret badger","Carnivore",0.470805617147081,0.368070953436807,0.514412416851441,0.529933481152993
"109","KP319211",2013,"Asian SEA2b","Ferret badger","Carnivore",0.470805617147081,0.368070953436807,0.514412416851441,0.529933481152993
"110","KP319212",2013,"Asian SEA2b","Ferret badger","Carnivore",0.470805617147081,0.368070953436807,0.514412416851441,0.529933481152993
"111","KP319213",2013,"Asian SEA2b","Ferret badger","Carnivore",0.470805617147081,0.368070953436807,0.514412416851441,0.529933481152993
"112","AB519642",NA,"Bat DR","Vampire bat","Bat",0.466371027346637,0.370288248337029,0.516629711751663,0.51219512195122
"113","AF070449",NA,"Bat DR","Vampire bat","Bat",0.466371027346637,0.368070953436807,0.516629711751663,0.514412416851441
"114","AF351847",NA,"Bat DR","Vampire bat","Bat",0.463414634146341,0.363636363636364,0.516629711751663,0.509977827050998
"115","AF351852",NA,"Bat DR","Vampire bat","Bat",0.466371027346637,0.368070953436807,0.516629711751663,0.514412416851441
"116","AY854587",NA,"Bat DR","Vampire bat","Bat",0.467849223946785,0.365853658536585,0.518847006651885,0.518847006651885
"117","AY854592",NA,"Bat DR","Vampire bat","Bat",0.464892830746489,0.365853658536585,0.516629711751663,0.51219512195122
"118","AY854594",NA,"Bat DR","Vampire bat","Bat",0.465631929046563,0.365853658536585,0.516629711751663,0.514412416851441
"119","AY877433",NA,"Bat DR","Vampire bat","Bat",0.467849223946785,0.368070953436807,0.518847006651885,0.516629711751663
"120","AY877434",NA,"Bat DR","Vampire bat","Bat",0.466371027346637,0.368070953436807,0.516629711751663,0.514412416851441
"121","AY877435",NA,"Bat DR","Vampire bat","Bat",0.467849223946785,0.368070953436807,0.516629711751663,0.518847006651885
"122","GU592648",NA,"Bat DR","Vampire bat","Bat",0.467849223946785,0.370288248337029,0.516629711751663,0.516629711751663
"123","KF656696",2012,"Bat DR","Vampire bat","Bat",0.465631929046563,0.365853658536585,0.516629711751663,0.514412416851441
"124","KF656697",2012,"Bat DR","Vampire bat","Bat",0.465631929046563,0.365853658536585,0.516629711751663,0.514412416851441
"125","KF864234",1994,"Bat DR","Vampire bat","Bat",0.465631929046563,0.368070953436807,0.516629711751663,0.51219512195122
"126","KF864322",2006,"Bat DR","Vampire bat","Bat",0.466371027346637,0.370288248337029,0.516629711751663,0.51219512195122
"127","KF864397",2008,"Bat DR","Vampire bat","Bat",0.466371027346637,0.368070953436807,0.516629711751663,0.514412416851441
"128","KM594040",2013,"Bat DR","Vampire bat","Bat",0.464892830746489,0.365853658536585,0.516629711751663,0.51219512195122
"129","KM594041",2013,"Bat DR","Vampire bat","Bat",0.470066518847007,0.370288248337029,0.516629711751663,0.523281596452328
"130","KM594042",2013,"Bat DR","Vampire bat","Bat",0.464892830746489,0.365853658536585,0.516629711751663,0.51219512195122
"131","KP202393",1988,"Bat DR","Vampire bat","Bat",0.469327420546933,0.368070953436807,0.521064301552106,0.518847006651885
"132","KT023101",2010,"Bat DR","Vampire bat","Bat",0.470805617147081,0.370288248337029,0.516629711751663,0.52549889135255
"133","KU523255",2010,"Bat DR","Vampire bat","Bat",0.470805617147081,0.370288248337029,0.516629711751663,0.52549889135255
"134","MN968374",2018,"Bat DR","Vampire bat","Bat",0.467110125646711,0.365853658536585,0.516629711751663,0.518847006651885
"135","MN968375",2018,"Bat DR","Vampire bat","Bat",0.467110125646711,0.365853658536585,0.516629711751663,0.518847006651885
"136","MN968376",2018,"Bat DR","Vampire bat","Bat",0.467110125646711,0.365853658536585,0.516629711751663,0.518847006651885
"137","MN968377",2018,"Bat DR","Vampire bat","Bat",0.466371027346637,0.365853658536585,0.516629711751663,0.516629711751663
"138","MN968378",2018,"Bat DR","Vampire bat","Bat",0.466371027346637,0.365853658536585,0.516629711751663,0.516629711751663
"139","MN968379",2018,"Bat DR","Vampire bat","Bat",0.466371027346637,0.365853658536585,0.516629711751663,0.516629711751663
"140","MN968380",2018,"Bat DR","Vampire bat","Bat",0.466371027346637,0.365853658536585,0.516629711751663,0.516629711751663
"141","MN968381",2018,"Bat DR","Vampire bat","Bat",0.466371027346637,0.365853658536585,0.516629711751663,0.516629711751663
"142","MN968382",2018,"Bat DR","Vampire bat","Bat",0.466371027346637,0.365853658536585,0.516629711751663,0.516629711751663
"143","MN968383",2018,"Bat DR","Vampire bat","Bat",0.466371027346637,0.365853658536585,0.516629711751663,0.516629711751663
"144","MN968384",2018,"Bat DR","Vampire bat","Bat",0.466371027346637,0.365853658536585,0.516629711751663,0.516629711751663
"145","MN968385",2018,"Bat DR","Vampire bat","Bat",0.466371027346637,0.365853658536585,0.516629711751663,0.516629711751663
"146","MN968386",2018,"Bat DR","Vampire bat","Bat",0.466371027346637,0.365853658536585,0.516629711751663,0.516629711751663
"147","MN968387",2018,"Bat DR","Vampire bat","Bat",0.467110125646711,0.365853658536585,0.516629711751663,0.518847006651885
"148","MT891038",2016,"Bat DR","Vampire bat","Bat",0.464153732446415,0.368070953436807,0.516629711751663,0.507760532150776
"149","MW249020",2016,"Bat DR","Vampire bat","Bat",0.466371027346637,0.368070953436807,0.516629711751663,0.514412416851441
"150","MW249021",2016,"Bat DR","Vampire bat","Bat",0.464153732446415,0.368070953436807,0.516629711751663,0.507760532150776
"151","AB284509",2000,"Cosmo AF1b","Dog","Carnivore",0.464153732446415,0.365853658536585,0.516629711751663,0.509977827050998
"152","AB284510",1999,"Cosmo AF1b","Dog","Carnivore",0.464153732446415,0.365853658536585,0.516629711751663,0.509977827050998
"153","AB284511",2000,"Cosmo AF1b","Dog","Carnivore",0.464153732446415,0.365853658536585,0.516629711751663,0.509977827050998
"154","AB284512",2005,"Cosmo AF1b","Dog","Carnivore",0.464153732446415,0.365853658536585,0.516629711751663,0.509977827050998
"155","AB284513",2005,"Cosmo AF1b","Dog","Carnivore",0.462675535846268,0.363636363636364,0.516629711751663,0.507760532150776
"156","AB284514",2004,"Cosmo AF1b","Dog","Carnivore",0.464153732446415,0.365853658536585,0.516629711751663,0.509977827050998
"157","AB285215",2000,"Cosmo AF1b","Dog","Carnivore",0.464153732446415,0.365853658536585,0.516629711751663,0.509977827050998
"158","EU853582",1995,"Cosmo AF1b","Dog","Carnivore",0.464153732446415,0.365853658536585,0.516629711751663,0.509977827050998
"159","EU853584",2004,"Cosmo AF1b","Dog","Carnivore",0.464892830746489,0.365853658536585,0.516629711751663,0.51219512195122
"160","EU853585",2005,"Cosmo AF1b","Dog","Carnivore",0.464892830746489,0.365853658536585,0.516629711751663,0.51219512195122
"161","EU853586",2003,"Cosmo AF1b","Dog","Carnivore",0.464892830746489,0.365853658536585,0.516629711751663,0.51219512195122
"162","EU853587",2006,"Cosmo AF1b","Dog","Carnivore",0.463414634146341,0.365853658536585,0.516629711751663,0.507760532150776
"163","EU853588",2006,"Cosmo AF1b","Dog","Carnivore",0.463414634146341,0.365853658536585,0.516629711751663,0.507760532150776
"164","EU853589",2007,"Cosmo AF1b","Dog","Carnivore",0.463414634146341,0.365853658536585,0.516629711751663,0.507760532150776
"165","EU853590",2000,"Cosmo AF1b","Dog","Carnivore",0.463414634146341,0.365853658536585,0.516629711751663,0.507760532150776
"166","HM179504",2006,"Cosmo AF1b","Dog","Carnivore",0.460458240946046,0.363636363636364,0.516629711751663,0.501108647450111
"167","HM179505",2004,"Cosmo AF1b","Dog","Carnivore",0.462675535846268,0.363636363636364,0.516629711751663,0.507760532150776
"168","HM179506",1996,"Cosmo AF1b","Dog","Carnivore",0.464153732446415,0.365853658536585,0.518847006651885,0.507760532150776
"169","KF155002",2010,"Cosmo AF1b","Dog","Carnivore",0.464153732446415,0.365853658536585,0.516629711751663,0.509977827050998
"170","KR534217",2008,"Cosmo AF1b","Dog","Carnivore",0.463414634146341,0.363636363636364,0.516629711751663,0.509977827050998
"171","KR534218",2008,"Cosmo AF1b","Dog","Carnivore",0.462675535846268,0.363636363636364,0.516629711751663,0.507760532150776
"172","KR534219",2007,"Cosmo AF1b","Dog","Carnivore",0.464892830746489,0.365853658536585,0.518847006651885,0.509977827050998
"173","KR534220",2008,"Cosmo AF1b","Dog","Carnivore",0.462675535846268,0.363636363636364,0.516629711751663,0.507760532150776
"174","KR534228",2010,"Cosmo AF1b","Dog","Carnivore",0.465631929046563,0.365853658536585,0.518847006651885,0.51219512195122
"175","KR534229",2010,"Cosmo AF1b","Dog","Carnivore",0.464153732446415,0.365853658536585,0.516629711751663,0.509977827050998
"176","KR534230",2010,"Cosmo AF1b","Dog","Carnivore",0.464892830746489,0.365853658536585,0.518847006651885,0.509977827050998
"177","KR534231",2010,"Cosmo AF1b","Dog","Carnivore",0.465631929046563,0.365853658536585,0.518847006651885,0.51219512195122
"178","KR534233",2011,"Cosmo AF1b","Dog","Carnivore",0.462675535846268,0.365853658536585,0.516629711751663,0.505543237250554
"179","KR534238",2011,"Cosmo AF1b","Dog","Carnivore",0.465631929046563,0.365853658536585,0.518847006651885,0.51219512195122
"180","KR534244",2011,"Cosmo AF1b","Dog","Carnivore",0.463414634146341,0.365853658536585,0.516629711751663,0.507760532150776
"181","KR534247",2011,"Cosmo AF1b","Dog","Carnivore",0.463414634146341,0.365853658536585,0.516629711751663,0.507760532150776
"182","KR534249",2011,"Cosmo AF1b","Dog","Carnivore",0.463414634146341,0.365853658536585,0.516629711751663,0.507760532150776
"183","KR534250",2011,"Cosmo AF1b","Dog","Carnivore",0.463414634146341,0.365853658536585,0.516629711751663,0.507760532150776
"184","KR534251",2011,"Cosmo AF1b","Dog","Carnivore",0.464892830746489,0.365853658536585,0.518847006651885,0.509977827050998
"185","KR534252",2011,"Cosmo AF1b","Dog","Carnivore",0.464153732446415,0.363636363636364,0.518847006651885,0.509977827050998
"186","KR534253",2011,"Cosmo AF1b","Dog","Carnivore",0.463414634146341,0.365853658536585,0.516629711751663,0.507760532150776
"187","KR906734",2008,"Cosmo AF1b","Dog","Carnivore",0.464892830746489,0.365853658536585,0.518847006651885,0.509977827050998
"188","KR906735",2008,"Cosmo AF1b","Dog","Carnivore",0.464153732446415,0.365853658536585,0.516629711751663,0.509977827050998
"189","KR906736",2008,"Cosmo AF1b","Dog","Carnivore",0.464153732446415,0.365853658536585,0.516629711751663,0.509977827050998
"190","KR906739",2004,"Cosmo AF1b","Dog","Carnivore",0.464892830746489,0.365853658536585,0.518847006651885,0.509977827050998
"191","KR906741",2003,"Cosmo AF1b","Dog","Carnivore",0.464153732446415,0.365853658536585,0.516629711751663,0.509977827050998
"192","KR906742",2009,"Cosmo AF1b","Dog","Carnivore",0.464892830746489,0.365853658536585,0.516629711751663,0.51219512195122
"193","KR906743",2010,"Cosmo AF1b","Dog","Carnivore",0.465631929046563,0.365853658536585,0.518847006651885,0.51219512195122
"194","KR906744",2010,"Cosmo AF1b","Dog","Carnivore",0.464892830746489,0.365853658536585,0.518847006651885,0.509977827050998
"195","KR906745",2010,"Cosmo AF1b","Dog","Carnivore",0.464153732446415,0.365853658536585,0.516629711751663,0.509977827050998
"196","KR906746",2010,"Cosmo AF1b","Dog","Carnivore",0.464153732446415,0.365853658536585,0.516629711751663,0.509977827050998
"197","KR906747",2010,"Cosmo AF1b","Dog","Carnivore",0.464153732446415,0.365853658536585,0.516629711751663,0.509977827050998
"198","KR906748",2010,"Cosmo AF1b","Dog","Carnivore",0.465631929046563,0.370288248337029,0.516629711751663,0.509977827050998
"199","KR906749",2010,"Cosmo AF1b","Dog","Carnivore",0.463414634146341,0.365853658536585,0.516629711751663,0.507760532150776
"200","KR906750",2010,"Cosmo AF1b","Dog","Carnivore",0.464892830746489,0.365853658536585,0.516629711751663,0.51219512195122
"201","KR906751",2011,"Cosmo AF1b","Dog","Carnivore",0.464153732446415,0.365853658536585,0.516629711751663,0.509977827050998
"202","KR906752",2011,"Cosmo AF1b","Dog","Carnivore",0.465631929046563,0.370288248337029,0.516629711751663,0.509977827050998
"203","KR906754",2011,"Cosmo AF1b","Dog","Carnivore",0.464892830746489,0.365853658536585,0.516629711751663,0.51219512195122
"204","KR906755",2011,"Cosmo AF1b","Dog","Carnivore",0.463414634146341,0.365853658536585,0.516629711751663,0.507760532150776
"205","KR906756",2011,"Cosmo AF1b","Dog","Carnivore",0.464153732446415,0.365853658536585,0.516629711751663,0.509977827050998
"206","KR906757",2010,"Cosmo AF1b","Dog","Carnivore",0.464153732446415,0.365853658536585,0.516629711751663,0.509977827050998
"207","KR906759",2010,"Cosmo AF1b","Dog","Carnivore",0.465631929046563,0.365853658536585,0.518847006651885,0.51219512195122
"208","KR906760",2010,"Cosmo AF1b","Dog","Carnivore",0.462675535846268,0.365853658536585,0.516629711751663,0.505543237250554
"209","KR906762",2010,"Cosmo AF1b","Dog","Carnivore",0.464892830746489,0.365853658536585,0.516629711751663,0.51219512195122
"210","KR906763",2010,"Cosmo AF1b","Dog","Carnivore",0.464153732446415,0.365853658536585,0.516629711751663,0.509977827050998
"211","KR906765",2010,"Cosmo AF1b","Dog","Carnivore",0.464153732446415,0.365853658536585,0.516629711751663,0.509977827050998
"212","KR906766",2010,"Cosmo AF1b","Dog","Carnivore",0.464153732446415,0.365853658536585,0.516629711751663,0.509977827050998
"213","KR906767",2011,"Cosmo AF1b","Dog","Carnivore",0.464153732446415,0.365853658536585,0.516629711751663,0.509977827050998
"214","KR906768",2011,"Cosmo AF1b","Dog","Carnivore",0.464892830746489,0.365853658536585,0.516629711751663,0.51219512195122
"215","KR906770",2011,"Cosmo AF1b","Dog","Carnivore",0.464892830746489,0.365853658536585,0.518847006651885,0.509977827050998
"216","KR906771",2011,"Cosmo AF1b","Dog","Carnivore",0.463414634146341,0.365853658536585,0.516629711751663,0.507760532150776
"217","KR906772",2011,"Cosmo AF1b","Dog","Carnivore",0.462675535846268,0.365853658536585,0.516629711751663,0.505543237250554
"218","KR906773",2011,"Cosmo AF1b","Dog","Carnivore",0.463414634146341,0.365853658536585,0.516629711751663,0.507760532150776
"219","KR906774",2011,"Cosmo AF1b","Dog","Carnivore",0.464892830746489,0.365853658536585,0.518847006651885,0.509977827050998
"220","KR906776",2011,"Cosmo AF1b","Dog","Carnivore",0.464892830746489,0.365853658536585,0.518847006651885,0.509977827050998
"221","KR906780",2011,"Cosmo AF1b","Dog","Carnivore",0.463414634146341,0.365853658536585,0.516629711751663,0.507760532150776
"222","KR906782",2012,"Cosmo AF1b","Dog","Carnivore",0.463414634146341,0.365853658536585,0.516629711751663,0.507760532150776
"223","KR906784",2012,"Cosmo AF1b","Dog","Carnivore",0.464892830746489,0.365853658536585,0.518847006651885,0.509977827050998
"224","KR906789",2012,"Cosmo AF1b","Dog","Carnivore",0.464892830746489,0.365853658536585,0.518847006651885,0.509977827050998
"225","KR906790",2012,"Cosmo AF1b","Dog","Carnivore",0.464153732446415,0.365853658536585,0.518847006651885,0.507760532150776
"226","KR906792",2012,"Cosmo AF1b","Dog","Carnivore",0.463414634146341,0.365853658536585,0.516629711751663,0.507760532150776
"227","KT336432",2012,"Cosmo AF1b","Dog","Carnivore",0.463414634146341,0.365853658536585,0.516629711751663,0.507760532150776
"228","KT336433",1991,"Cosmo AF1b","Dog","Carnivore",0.464153732446415,0.365853658536585,0.516629711751663,0.509977827050998
"229","KT336434",1992,"Cosmo AF1b","Dog","Carnivore",0.463414634146341,0.365853658536585,0.516629711751663,0.507760532150776
"230","KT336435",1993,"Cosmo AF1b","Dog","Carnivore",0.46119733924612,0.365853658536585,0.516629711751663,0.501108647450111
"231","KT336436",2012,"Cosmo AF1b","Dog","Carnivore",0.461936437546194,0.365853658536585,0.516629711751663,0.503325942350333
"232","KT336437",2012,"Cosmo AF1b","Dog","Carnivore",0.461936437546194,0.365853658536585,0.518847006651885,0.501108647450111
"233","KX148203",1986,"Cosmo AF1b","Dog","Carnivore",0.461936437546194,0.365853658536585,0.516629711751663,0.503325942350333
"234","KX148204",1992,"Cosmo AF1b","Dog","Carnivore",0.464153732446415,0.365853658536585,0.516629711751663,0.509977827050998
"235","KX148205",1994,"Cosmo AF1b","Dog","Carnivore",0.464153732446415,0.365853658536585,0.516629711751663,0.509977827050998
"236","KX148206",1996,"Cosmo AF1b","Dog","Carnivore",0.466371027346637,0.365853658536585,0.518847006651885,0.514412416851441
"237","KX148208",1992,"Cosmo AF1b","Dog","Carnivore",0.467849223946785,0.368070953436807,0.516629711751663,0.518847006651885
"238","KY210222",2009,"Cosmo AF1b","Dog","Carnivore",0.463414634146341,0.363636363636364,0.516629711751663,0.509977827050998
"239","KY210223",2007,"Cosmo AF1b","Dog","Carnivore",0.464892830746489,0.365853658536585,0.518847006651885,0.509977827050998
"240","KY210224",2010,"Cosmo AF1b","Dog","Carnivore",0.463414634146341,0.365853658536585,0.516629711751663,0.507760532150776
"241","KY210226",2011,"Cosmo AF1b","Dog","Carnivore",0.463414634146341,0.365853658536585,0.516629711751663,0.507760532150776
"242","KY210227",2011,"Cosmo AF1b","Dog","Carnivore",0.464892830746489,0.365853658536585,0.518847006651885,0.509977827050998
"243","KY210229",2011,"Cosmo AF1b","Dog","Carnivore",0.463414634146341,0.365853658536585,0.516629711751663,0.507760532150776
"244","KY210231",2011,"Cosmo AF1b","Dog","Carnivore",0.463414634146341,0.365853658536585,0.516629711751663,0.507760532150776
"245","KY210232",2011,"Cosmo AF1b","Dog","Carnivore",0.463414634146341,0.365853658536585,0.516629711751663,0.507760532150776
"246","KY210234",2011,"Cosmo AF1b","Dog","Carnivore",0.463414634146341,0.365853658536585,0.516629711751663,0.507760532150776
"247","KY210235",2011,"Cosmo AF1b","Dog","Carnivore",0.463414634146341,0.365853658536585,0.516629711751663,0.507760532150776
"248","KY210238",2011,"Cosmo AF1b","Dog","Carnivore",0.463414634146341,0.365853658536585,0.516629711751663,0.507760532150776
"249","KY210239",2011,"Cosmo AF1b","Dog","Carnivore",0.463414634146341,0.365853658536585,0.516629711751663,0.507760532150776
"250","KY210243",2011,"Cosmo AF1b","Dog","Carnivore",0.463414634146341,0.365853658536585,0.516629711751663,0.507760532150776
"251","KY210244",2011,"Cosmo AF1b","Dog","Carnivore",0.463414634146341,0.365853658536585,0.516629711751663,0.507760532150776
"252","KY210245",2012,"Cosmo AF1b","Dog","Carnivore",0.464153732446415,0.365853658536585,0.518847006651885,0.507760532150776
"253","KY210247",2012,"Cosmo AF1b","Dog","Carnivore",0.463414634146341,0.365853658536585,0.516629711751663,0.507760532150776
"254","KY210248",2012,"Cosmo AF1b","Dog","Carnivore",0.463414634146341,0.365853658536585,0.516629711751663,0.507760532150776
"255","KY210249",2012,"Cosmo AF1b","Dog","Carnivore",0.463414634146341,0.365853658536585,0.516629711751663,0.507760532150776
"256","KY210250",2012,"Cosmo AF1b","Dog","Carnivore",0.463414634146341,0.365853658536585,0.516629711751663,0.507760532150776
"257","KY210251",2012,"Cosmo AF1b","Dog","Carnivore",0.463414634146341,0.365853658536585,0.516629711751663,0.507760532150776
"258","KY210252",2012,"Cosmo AF1b","Dog","Carnivore",0.464153732446415,0.365853658536585,0.518847006651885,0.507760532150776
"259","KY210253",2013,"Cosmo AF1b","Dog","Carnivore",0.464153732446415,0.365853658536585,0.518847006651885,0.507760532150776
"260","KY210254",2013,"Cosmo AF1b","Dog","Carnivore",0.464153732446415,0.365853658536585,0.518847006651885,0.507760532150776
"261","KY210255",2013,"Cosmo AF1b","Dog","Carnivore",0.464153732446415,0.365853658536585,0.518847006651885,0.507760532150776
"262","KY210256",2013,"Cosmo AF1b","Dog","Carnivore",0.464153732446415,0.365853658536585,0.518847006651885,0.507760532150776
"263","KY210257",2013,"Cosmo AF1b","Dog","Carnivore",0.464892830746489,0.365853658536585,0.518847006651885,0.509977827050998
"264","KY210258",2013,"Cosmo AF1b","Dog","Carnivore",0.463414634146341,0.365853658536585,0.516629711751663,0.507760532150776
"265","KY210260",2013,"Cosmo AF1b","Dog","Carnivore",0.463414634146341,0.365853658536585,0.516629711751663,0.507760532150776
"266","KY210263",2013,"Cosmo AF1b","Dog","Carnivore",0.464153732446415,0.365853658536585,0.518847006651885,0.507760532150776
"267","KY210264",2013,"Cosmo AF1b","Dog","Carnivore",0.464892830746489,0.365853658536585,0.518847006651885,0.509977827050998
"268","KY210265",2013,"Cosmo AF1b","Dog","Carnivore",0.463414634146341,0.365853658536585,0.516629711751663,0.507760532150776
"269","KY210266",2013,"Cosmo AF1b","Dog","Carnivore",0.464153732446415,0.365853658536585,0.518847006651885,0.507760532150776
"270","KY210267",2013,"Cosmo AF1b","Dog","Carnivore",0.464153732446415,0.365853658536585,0.516629711751663,0.509977827050998
"271","KY210269",2013,"Cosmo AF1b","Dog","Carnivore",0.464892830746489,0.365853658536585,0.518847006651885,0.509977827050998
"272","KY210270",2013,"Cosmo AF1b","Dog","Carnivore",0.464892830746489,0.365853658536585,0.518847006651885,0.509977827050998
"273","KY210271",2013,"Cosmo AF1b","Dog","Carnivore",0.463414634146341,0.365853658536585,0.516629711751663,0.507760532150776
"274","KY210272",2013,"Cosmo AF1b","Dog","Carnivore",0.463414634146341,0.365853658536585,0.516629711751663,0.507760532150776
"275","KY210273",2013,"Cosmo AF1b","Dog","Carnivore",0.463414634146341,0.365853658536585,0.516629711751663,0.507760532150776
"276","KY210278",2011,"Cosmo AF1b","Dog","Carnivore",0.463414634146341,0.365853658536585,0.516629711751663,0.507760532150776
"277","KY210279",2011,"Cosmo AF1b","Dog","Carnivore",0.464892830746489,0.365853658536585,0.518847006651885,0.509977827050998
"278","KY210280",2012,"Cosmo AF1b","Dog","Carnivore",0.464892830746489,0.365853658536585,0.518847006651885,0.509977827050998
"279","KY210281",2012,"Cosmo AF1b","Dog","Carnivore",0.464892830746489,0.365853658536585,0.518847006651885,0.509977827050998
"280","KY210282",2012,"Cosmo AF1b","Dog","Carnivore",0.464892830746489,0.365853658536585,0.518847006651885,0.509977827050998
"281","KY210286",2011,"Cosmo AF1b","Dog","Carnivore",0.463414634146341,0.365853658536585,0.516629711751663,0.507760532150776
"282","KY210287",2012,"Cosmo AF1b","Dog","Carnivore",0.463414634146341,0.365853658536585,0.516629711751663,0.507760532150776
"283","KY210288",2012,"Cosmo AF1b","Dog","Carnivore",0.463414634146341,0.365853658536585,0.516629711751663,0.507760532150776
"284","KY210289",2012,"Cosmo AF1b","Dog","Carnivore",0.463414634146341,0.365853658536585,0.516629711751663,0.507760532150776
"285","KY210290",2012,"Cosmo AF1b","Dog","Carnivore",0.463414634146341,0.365853658536585,0.516629711751663,0.507760532150776
"286","KY210292",2012,"Cosmo AF1b","Dog","Carnivore",0.463414634146341,0.365853658536585,0.516629711751663,0.507760532150776
"287","KY210293",2012,"Cosmo AF1b","Dog","Carnivore",0.463414634146341,0.365853658536585,0.516629711751663,0.507760532150776
"288","KY210294",2012,"Cosmo AF1b","Dog","Carnivore",0.464892830746489,0.365853658536585,0.518847006651885,0.509977827050998
"289","KY210295",2012,"Cosmo AF1b","Dog","Carnivore",0.463414634146341,0.365853658536585,0.516629711751663,0.507760532150776
"290","KY210296",2012,"Cosmo AF1b","Dog","Carnivore",0.463414634146341,0.365853658536585,0.516629711751663,0.507760532150776
"291","KY210299",2012,"Cosmo AF1b","Dog","Carnivore",0.463414634146341,0.365853658536585,0.516629711751663,0.507760532150776
"292","KY210300",2012,"Cosmo AF1b","Dog","Carnivore",0.463414634146341,0.365853658536585,0.516629711751663,0.507760532150776
"293","KY210303",2012,"Cosmo AF1b","Dog","Carnivore",0.463414634146341,0.365853658536585,0.516629711751663,0.507760532150776
"294","KY210304",2012,"Cosmo AF1b","Dog","Carnivore",0.464892830746489,0.365853658536585,0.518847006651885,0.509977827050998
"295","KY210307",2012,"Cosmo AF1b","Dog","Carnivore",0.463414634146341,0.365853658536585,0.516629711751663,0.507760532150776
"296","KY210311",2012,"Cosmo AF1b","Dog","Carnivore",0.464153732446415,0.365853658536585,0.518847006651885,0.507760532150776
"297","KY563717",1994,"Cosmo AF1b","Dog","Carnivore",0.464153732446415,0.365853658536585,0.518847006651885,0.507760532150776
"298","LC029890",2011,"Cosmo AF1b","Dog","Carnivore",0.467849223946785,0.370288248337029,0.516629711751663,0.516629711751663
"299","MN726804",2015,"Cosmo AF1b","Dog","Carnivore",0.464892830746489,0.365853658536585,0.516629711751663,0.51219512195122
"300","MN726826",2016,"Cosmo AF1b","Dog","Carnivore",0.464892830746489,0.365853658536585,0.516629711751663,0.51219512195122
"301","MN726827",2017,"Cosmo AF1b","Dog","Carnivore",0.465631929046563,0.365853658536585,0.516629711751663,0.514412416851441
"302","MT454631",2015,"Cosmo AF1b","Dog","Carnivore",0.463414634146341,0.365853658536585,0.516629711751663,0.507760532150776
"303","MT454634",2015,"Cosmo AF1b","Dog","Carnivore",0.463414634146341,0.365853658536585,0.516629711751663,0.507760532150776
"304","MT454635",2015,"Cosmo AF1b","Dog","Carnivore",0.463414634146341,0.365853658536585,0.516629711751663,0.507760532150776
"305","MT454636",2016,"Cosmo AF1b","Dog","Carnivore",0.463414634146341,0.365853658536585,0.516629711751663,0.507760532150776
"306","MT454637",2016,"Cosmo AF1b","Dog","Carnivore",0.463414634146341,0.365853658536585,0.516629711751663,0.507760532150776
"307","MT454639",2016,"Cosmo AF1b","Dog","Carnivore",0.463414634146341,0.365853658536585,0.516629711751663,0.507760532150776
"308","MT454641",2016,"Cosmo AF1b","Dog","Carnivore",0.463414634146341,0.365853658536585,0.516629711751663,0.507760532150776
"309","MT454643",2017,"Cosmo AF1b","Dog","Carnivore",0.464892830746489,0.365853658536585,0.516629711751663,0.51219512195122
"310","MT454644",2017,"Cosmo AF1b","Dog","Carnivore",0.463414634146341,0.365853658536585,0.516629711751663,0.507760532150776
"311","MT454645",2017,"Cosmo AF1b","Dog","Carnivore",0.464892830746489,0.365853658536585,0.516629711751663,0.51219512195122
"312","AF351845",NA,"Bat LC","Hoary bat","Bat",0.463414634146341,0.363636363636364,0.516629711751663,0.509977827050998
"313","AF351846",NA,"Bat LC","Hoary bat","Bat",0.464153732446415,0.365853658536585,0.516629711751663,0.509977827050998
"314","AF351858",NA,"Bat LC","Hoary bat","Bat",0.462675535846268,0.363636363636364,0.516629711751663,0.507760532150776
"315","AF394883",NA,"Bat LC","Hoary bat","Bat",0.464892830746489,0.365853658536585,0.516629711751663,0.51219512195122
"316","AF394884",NA,"Bat LC","Hoary bat","Bat",0.467110125646711,0.365853658536585,0.518847006651885,0.516629711751663
"317","GU644712",2005,"Bat LC","Hoary bat","Bat",0.463414634146341,0.363636363636364,0.516629711751663,0.509977827050998
"318","GU644713",2005,"Bat LC","Hoary bat","Bat",0.461936437546194,0.361419068736142,0.516629711751663,0.507760532150776
"319","GU644714",2005,"Bat LC","Hoary bat","Bat",0.463414634146341,0.363636363636364,0.516629711751663,0.509977827050998
"320","GU644715",2005,"Bat LC","Hoary bat","Bat",0.463414634146341,0.361419068736142,0.516629711751663,0.51219512195122
"321","GU644716",2005,"Bat LC","Hoary bat","Bat",0.462675535846268,0.361419068736142,0.516629711751663,0.509977827050998
"322","GU644717",2004,"Bat LC","Hoary bat","Bat",0.464892830746489,0.361419068736142,0.516629711751663,0.516629711751663
"323","GU644718",2004,"Bat LC","Hoary bat","Bat",0.464153732446415,0.361419068736142,0.516629711751663,0.514412416851441
"324","GU644719",1998,"Bat LC","Hoary bat","Bat",0.463414634146341,0.361419068736142,0.516629711751663,0.51219512195122
"325","GU644720",2004,"Bat LC","Hoary bat","Bat",0.463414634146341,0.361419068736142,0.516629711751663,0.51219512195122
"326","GU644721",2005,"Bat LC","Hoary bat","Bat",0.465631929046563,0.363636363636364,0.521064301552106,0.51219512195122
"327","JQ685947",2004,"Bat LC","Hoary bat","Bat",0.465631929046563,0.363636363636364,0.521064301552106,0.51219512195122
"328","AY854505",2001,"Cosmo AM2a","Mongoose","Carnivore",0.461936437546194,0.361419068736142,0.516629711751663,0.507760532150776
"329","AY854525",2001,"Cosmo AM2a","Mongoose","Carnivore",0.463414634146341,0.361419068736142,0.516629711751663,0.51219512195122
"330","AY854531",2002,"Cosmo AM2a","Mongoose","Carnivore",0.463414634146341,0.361419068736142,0.516629711751663,0.51219512195122
"331","AY854544",2000,"Cosmo AM2a","Mongoose","Carnivore",0.463414634146341,0.361419068736142,0.516629711751663,0.51219512195122
"332","AY854546",2002,"Cosmo AM2a","Mongoose","Carnivore",0.461936437546194,0.361419068736142,0.514412416851441,0.509977827050998
"333","AY854558",2002,"Cosmo AM2a","Mongoose","Carnivore",0.464153732446415,0.361419068736142,0.516629711751663,0.514412416851441
"334","AY854567",2000,"Cosmo AM2a","Mongoose","Carnivore",0.463414634146341,0.361419068736142,0.516629711751663,0.51219512195122
"335","AY854573",2001,"Cosmo AM2a","Mongoose","Carnivore",0.463414634146341,0.361419068736142,0.516629711751663,0.51219512195122
"336","AY854576",2000,"Cosmo AM2a","Mongoose","Carnivore",0.464153732446415,0.361419068736142,0.516629711751663,0.514412416851441
"337","EU345002",NA,"RAC-SK SCSK","Skunk","Carnivore",0.463414634146341,0.361419068736142,0.516629711751663,0.51219512195122
"338","EU345003",NA,"RAC-SK SCSK","Skunk","Carnivore",0.463414634146341,0.361419068736142,0.516629711751663,0.51219512195122
"339","EU345004",NA,"RAC-SK SCSK","Skunk","Carnivore",0.463414634146341,0.363636363636364,0.516629711751663,0.509977827050998
"340","JQ685938",2009,"RAC-SK SCSK","Skunk","Carnivore",0.463414634146341,0.361419068736142,0.516629711751663,0.51219512195122
"341","JQ685968",2009,"RAC-SK SCSK","Skunk","Carnivore",0.462675535846268,0.361419068736142,0.516629711751663,0.509977827050998
"342","MW055084",2017,"RAC-SK SCSK","Skunk","Carnivore",0.461936437546194,0.361419068736142,0.516629711751663,0.507760532150776
"343","MW055085",2017,"RAC-SK SCSK","Skunk","Carnivore",0.464153732446415,0.361419068736142,0.516629711751663,0.514412416851441
"344","MW055086",2017,"RAC-SK SCSK","Skunk","Carnivore",0.464153732446415,0.361419068736142,0.516629711751663,0.514412416851441
"345","MW055087",2017,"RAC-SK SCSK","Skunk","Carnivore",0.464153732446415,0.361419068736142,0.516629711751663,0.514412416851441
"346","AF351849",NA,"Bat TB1","Free-tailed bat","Bat",0.464153732446415,0.361419068736142,0.516629711751663,0.514412416851441
"347","AF394876",NA,"Bat TB1","Free-tailed bat","Bat",0.464153732446415,0.361419068736142,0.516629711751663,0.514412416851441
"348","GU644760",2005,"Bat TB1","Free-tailed bat","Bat",0.465631929046563,0.365853658536585,0.516629711751663,0.514412416851441
"349","GU644761",2005,"Bat TB1","Free-tailed bat","Bat",0.464892830746489,0.365853658536585,0.516629711751663,0.51219512195122
"350","GU644762",2005,"Bat TB1","Free-tailed bat","Bat",0.464892830746489,0.368070953436807,0.516629711751663,0.509977827050998
"351","GU644763",2005,"Bat TB1","Free-tailed bat","Bat",0.466371027346637,0.368070953436807,0.516629711751663,0.514412416851441
"352","GU644764",2005,"Bat TB1","Free-tailed bat","Bat",0.465631929046563,0.365853658536585,0.516629711751663,0.514412416851441
"353","GU644765",2002,"Bat TB1","Free-tailed bat","Bat",0.465631929046563,0.365853658536585,0.516629711751663,0.514412416851441
"354","GU644766",2003,"Bat TB1","Free-tailed bat","Bat",0.466371027346637,0.365853658536585,0.516629711751663,0.516629711751663
"355","GU644767",2003,"Bat TB1","Free-tailed bat","Bat",0.466371027346637,0.365853658536585,0.516629711751663,0.516629711751663
"356","GU644768",2003,"Bat TB1","Free-tailed bat","Bat",0.465631929046563,0.365853658536585,0.516629711751663,0.514412416851441
"357","GU644769",2003,"Bat TB1","Free-tailed bat","Bat",0.465631929046563,0.365853658536585,0.516629711751663,0.514412416851441
"358","GU644770",2003,"Bat TB1","Free-tailed bat","Bat",0.465631929046563,0.365853658536585,0.516629711751663,0.514412416851441
"359","GU644771",2003,"Bat TB1","Free-tailed bat","Bat",0.465631929046563,0.365853658536585,0.516629711751663,0.514412416851441
"360","GU644772",2003,"Bat TB1","Free-tailed bat","Bat",0.465631929046563,0.365853658536585,0.516629711751663,0.514412416851441
"361","GU644773",2003,"Bat TB1","Free-tailed bat","Bat",0.465631929046563,0.365853658536585,0.516629711751663,0.514412416851441
"362","GU644774",2003,"Bat TB1","Free-tailed bat","Bat",0.466371027346637,0.365853658536585,0.516629711751663,0.516629711751663
"363","GU644775",2004,"Bat TB1","Free-tailed bat","Bat",0.465631929046563,0.365853658536585,0.516629711751663,0.514412416851441
"364","GU644776",2004,"Bat TB1","Free-tailed bat","Bat",0.467110125646711,0.370288248337029,0.516629711751663,0.514412416851441
"365","GU644777",2004,"Bat TB1","Free-tailed bat","Bat",0.467849223946785,0.370288248337029,0.516629711751663,0.516629711751663
"366","GU644778",2004,"Bat TB1","Free-tailed bat","Bat",0.467110125646711,0.372505543237251,0.516629711751663,0.51219512195122
"367","GU644779",2004,"Bat TB1","Free-tailed bat","Bat",0.465631929046563,0.372505543237251,0.516629711751663,0.507760532150776
"368","GU644780",2004,"Bat TB1","Free-tailed bat","Bat",0.464892830746489,0.372505543237251,0.516629711751663,0.505543237250554
"369","GU644781",2004,"Bat TB1","Free-tailed bat","Bat",0.464153732446415,0.370288248337029,0.516629711751663,0.505543237250554
"370","GU644782",2004,"Bat TB1","Free-tailed bat","Bat",0.464892830746489,0.370288248337029,0.516629711751663,0.507760532150776
"371","GU644783",2004,"Bat TB1","Free-tailed bat","Bat",0.466371027346637,0.370288248337029,0.516629711751663,0.51219512195122
"372","GU644784",2003,"Bat TB1","Free-tailed bat","Bat",0.464153732446415,0.372505543237251,0.516629711751663,0.503325942350333
"373","GU644785",2003,"Bat TB1","Free-tailed bat","Bat",0.470805617147081,0.374722838137472,0.516629711751663,0.521064301552106
"374","GU644786",2003,"Bat TB1","Free-tailed bat","Bat",0.470066518847007,0.370288248337029,0.516629711751663,0.523281596452328
"375","GU644787",2003,"Bat TB1","Free-tailed bat","Bat",0.470066518847007,0.372505543237251,0.516629711751663,0.521064301552106
"376","GU644788",2004,"Bat TB1","Free-tailed bat","Bat",0.468588322246859,0.372505543237251,0.518847006651885,0.514412416851441
"377","JQ685905",2003,"Bat TB1","Free-tailed bat","Bat",0.470066518847007,0.372505543237251,0.518847006651885,0.518847006651885
"378","AF351828",NA,"Bat EF-E2","Big brown bat","Bat",0.470805617147081,0.372505543237251,0.516629711751663,0.523281596452328
"379","AF351831",NA,"Bat EF-E2","Big brown bat","Bat",0.470805617147081,0.372505543237251,0.516629711751663,0.523281596452328
"380","AF351832",NA,"Bat EF-E2","Big brown bat","Bat",0.469327420546933,0.372505543237251,0.518847006651885,0.516629711751663
"381","AF351833",NA,"Bat EF-E2","Big brown bat","Bat",0.469327420546933,0.372505543237251,0.518847006651885,0.516629711751663
"382","AF351855",NA,"Bat EF-E2","Big brown bat","Bat",0.471544715447154,0.365853658536585,0.516629711751663,0.532150776053215
"383","AF351861",NA,"Bat EF-E2","Big brown bat","Bat",0.472283813747228,0.365853658536585,0.516629711751663,0.534368070953437
"384","AF351862",NA,"Bat EF-E2","Big brown bat","Bat",0.472283813747228,0.365853658536585,0.518847006651885,0.532150776053215
"385","AY039227",NA,"Bat EF-E2","Big brown bat","Bat",0.470805617147081,0.365853658536585,0.516629711751663,0.529933481152993
"386","AY039228",NA,"Bat EF-E2","Big brown bat","Bat",0.470805617147081,0.365853658536585,0.516629711751663,0.529933481152993
"387","AY039229",NA,"Bat EF-E2","Big brown bat","Bat",0.471544715447154,0.365853658536585,0.518847006651885,0.529933481152993
"388","GU644652",2004,"Bat EF-E2","Big brown bat","Bat",0.472283813747228,0.365853658536585,0.516629711751663,0.534368070953437
"389","GU644654",2005,"Bat EF-E2","Big brown bat","Bat",0.471544715447154,0.365853658536585,0.516629711751663,0.532150776053215
"390","GU644655",2005,"Bat EF-E2","Big brown bat","Bat",0.471544715447154,0.365853658536585,0.516629711751663,0.532150776053215
"391","GU644656",2005,"Bat EF-E2","Big brown bat","Bat",0.472283813747228,0.365853658536585,0.518847006651885,0.532150776053215
"392","GU644657",2003,"Bat EF-E2","Big brown bat","Bat",0.471544715447154,0.365853658536585,0.516629711751663,0.532150776053215
"393","GU644658",2003,"Bat EF-E2","Big brown bat","Bat",0.473022912047302,0.368070953436807,0.518847006651885,0.532150776053215
"394","GU644659",2003,"Bat EF-E2","Big brown bat","Bat",0.471544715447154,0.365853658536585,0.516629711751663,0.532150776053215
"395","GU644660",2003,"Bat EF-E2","Big brown bat","Bat",0.470805617147081,0.365853658536585,0.516629711751663,0.529933481152993
"396","GU644661",2003,"Bat EF-E2","Big brown bat","Bat",0.472283813747228,0.365853658536585,0.516629711751663,0.534368070953437
"397","GU644662",2003,"Bat EF-E2","Big brown bat","Bat",0.472283813747228,0.365853658536585,0.518847006651885,0.532150776053215
"398","GU644663",2003,"Bat EF-E2","Big brown bat","Bat",0.471544715447154,0.365853658536585,0.516629711751663,0.532150776053215
"399","GU644664",2003,"Bat EF-E2","Big brown bat","Bat",0.472283813747228,0.365853658536585,0.518847006651885,0.532150776053215
"400","GU644665",2005,"Bat EF-E2","Big brown bat","Bat",0.471544715447154,0.365853658536585,0.516629711751663,0.532150776053215
"401","GU644666",2005,"Bat EF-E2","Big brown bat","Bat",0.471544715447154,0.365853658536585,0.516629711751663,0.532150776053215
"402","GU644667",2005,"Bat EF-E2","Big brown bat","Bat",0.471544715447154,0.365853658536585,0.516629711751663,0.532150776053215
"403","GU644668",2005,"Bat EF-E2","Big brown bat","Bat",0.471544715447154,0.365853658536585,0.516629711751663,0.532150776053215
"404","GU644669",2005,"Bat EF-E2","Big brown bat","Bat",0.470805617147081,0.365853658536585,0.516629711751663,0.529933481152993
"405","GU644670",2005,"Bat EF-E2","Big brown bat","Bat",0.470805617147081,0.365853658536585,0.516629711751663,0.529933481152993
"406","GU644671",2005,"Bat EF-E2","Big brown bat","Bat",0.470805617147081,0.365853658536585,0.516629711751663,0.529933481152993
"407","GU644676",2004,"Bat EF-E2","Big brown bat","Bat",0.470805617147081,0.365853658536585,0.516629711751663,0.529933481152993
"408","GU644677",2004,"Bat EF-E2","Big brown bat","Bat",0.470805617147081,0.365853658536585,0.516629711751663,0.529933481152993
"409","GU644684",2003,"Bat EF-E2","Big brown bat","Bat",0.472283813747228,0.365853658536585,0.516629711751663,0.534368070953437
"410","GU644689",2004,"Bat EF-E2","Big brown bat","Bat",0.470805617147081,0.365853658536585,0.516629711751663,0.529933481152993
"411","GU644690",2004,"Bat EF-E2","Big brown bat","Bat",0.471544715447154,0.363636363636364,0.521064301552106,0.529933481152993
"412","GU644695",2005,"Bat EF-E2","Big brown bat","Bat",0.471544715447154,0.365853658536585,0.518847006651885,0.529933481152993
"413","JQ685925",2004,"Bat EF-E2","Big brown bat","Bat",0.471544715447154,0.365853658536585,0.516629711751663,0.532150776053215
"414","AY352488",1988,"Arctic A","Arctic fox","Carnivore",0.463414634146341,0.368070953436807,0.516629711751663,0.505543237250554
"415","AY352501",NA,"Arctic A","Arctic fox","Carnivore",0.464892830746489,0.368070953436807,0.516629711751663,0.509977827050998
"416","KX954123",2016,"Arctic A","Arctic fox","Carnivore",0.464892830746489,0.368070953436807,0.516629711751663,0.509977827050998
"417","LT598537",1977,"Arctic A","Arctic fox","Carnivore",0.464153732446415,0.368070953436807,0.516629711751663,0.507760532150776
"418","LT598538",2013,"Arctic A","Arctic fox","Carnivore",0.466371027346637,0.368070953436807,0.516629711751663,0.514412416851441
"419","LT598539",2013,"Arctic A","Arctic fox","Carnivore",0.466371027346637,0.368070953436807,0.516629711751663,0.514412416851441
"420","LT598540",2014,"Arctic A","Arctic fox","Carnivore",0.465631929046563,0.368070953436807,0.516629711751663,0.51219512195122
"421","LT598541",2013,"Arctic A","Arctic fox","Carnivore",0.467110125646711,0.368070953436807,0.516629711751663,0.516629711751663
"422","LT598542",2014,"Arctic A","Arctic fox","Carnivore",0.465631929046563,0.368070953436807,0.516629711751663,0.51219512195122
"423","LT598543",2014,"Arctic A","Arctic fox","Carnivore",0.464153732446415,0.368070953436807,0.516629711751663,0.507760532150776
"424","LT909550",2000,"Arctic A","Arctic fox","Carnivore",0.463414634146341,0.368070953436807,0.516629711751663,0.505543237250554
"425","MN384717",2017,"Arctic A","Arctic fox","Carnivore",0.464153732446415,0.368070953436807,0.516629711751663,0.507760532150776
"426","AY352487",NA,"Arctic A","Arctic fox","Carnivore",0.463414634146341,0.368070953436807,0.516629711751663,0.505543237250554
"427","EF611828",1987,"Arctic A","Arctic fox","Carnivore",0.462962962962963,0.366666666666667,0.517777777777778,0.504444444444444
"428","EF611830",1987,"Arctic A","Arctic fox","Carnivore",0.463703703703704,0.366666666666667,0.517777777777778,0.506666666666667
"429","EF611851",2006,"Arctic A","Arctic fox","Carnivore",0.465925925925926,0.366666666666667,0.517777777777778,0.513333333333333
"430","L20675",1993,"Arctic A","Arctic fox","Carnivore",0.464153732446415,0.368070953436807,0.516629711751663,0.507760532150776
