Group.1,variable,rscu,
"Arctic A
(arctic fox)",F_TTT,0.801666667,0.802
"Arctic A
(arctic fox)",F_TTC,1.198333333,1.198
"Arctic A
(arctic fox)",L_TTA,0.449492754,0.449
"Arctic A
(arctic fox)",L_TTG,1.678637681,1.679
"Arctic A
(arctic fox)",L_CTT,0.603449275,0.603
"Arctic A
(arctic fox)",L_CTC,0.521275362,0.521
"Arctic A
(arctic fox)",L_CTA,0.943913043,0.944
"Arctic A
(arctic fox)",L_CTG,1.802913043,1.803
"Arctic A
(arctic fox)",I_ATT,1.070173913,1.07
"Arctic A
(arctic fox)",I_ATC,0.928724638,0.929
"Arctic A
(arctic fox)",I_ATA,1.001057971,1.001
"Arctic A
(arctic fox)",V_GTT,1.088898551,1.089
"Arctic A
(arctic fox)",V_GTC,1.138594203,1.139
"Arctic A
(arctic fox)",V_GTA,0.880971014,0.881
"Arctic A
(arctic fox)",V_GTG,0.891536232,0.892
"Arctic A
(arctic fox)",S_TCT,1.221855072,1.222
"Arctic A
(arctic fox)",S_TCC,0.841855072,0.842
"Arctic A
(arctic fox)",S_TCA,1.733318841,1.733
"Arctic A
(arctic fox)",S_TCG,0.658275362,0.658
"Arctic A
(arctic fox)",S_AGT,0.841724638,0.842
"Arctic A
(arctic fox)",S_AGC,0.702956522,0.703
"Arctic A
(arctic fox)",P_CCT,1.652492754,1.652
"Arctic A
(arctic fox)",P_CCC,1.171695652,1.172
"Arctic A
(arctic fox)",P_CCA,1.16826087,1.168
"Arctic A
(arctic fox)",P_CCG,0.006623188,0.007
"Arctic A
(arctic fox)",T_ACT,1.539202899,1.539
"Arctic A
(arctic fox)",T_ACC,0.720782609,0.721
"Arctic A
(arctic fox)",T_ACA,0.689826087,0.69
"Arctic A
(arctic fox)",T_ACG,1.050927536,1.051
"Arctic A
(arctic fox)",A_GCT,1.348362319,1.348
"Arctic A
(arctic fox)",A_GCC,0.878884058,0.879
"Arctic A
(arctic fox)",A_GCA,1.63357971,1.634
"Arctic A
(arctic fox)",A_GCG,0.138724638,0.139
"Arctic A
(arctic fox)",Y_TAT,1.504695652,1.505
"Arctic A
(arctic fox)",Y_TAC,0.495304348,0.495
"Arctic A
(arctic fox)",H_CAT,0.923,0.923
"Arctic A
(arctic fox)",H_CAC,1.077,1.077
"Arctic A
(arctic fox)",Q_CAA,1.2,1.2
"Arctic A
(arctic fox)",Q_CAG,0.8,0.8
"Arctic A
(arctic fox)",N_AAT,1.17215942,1.172
"Arctic A
(arctic fox)",N_AAC,0.82784058,0.828
"Arctic A
(arctic fox)",K_AAA,0.494768116,0.495
"Arctic A
(arctic fox)",K_AAG,1.505231884,1.505
"Arctic A
(arctic fox)",D_GAT,1.040521739,1.041
"Arctic A
(arctic fox)",D_GAC,0.959478261,0.959
"Arctic A
(arctic fox)",E_GAA,0.690492754,0.69
"Arctic A
(arctic fox)",E_GAG,1.309507246,1.31
"Arctic A
(arctic fox)",C_TGT,1.333014493,1.333
"Arctic A
(arctic fox)",C_TGC,0.666985507,0.667
"Arctic A
(arctic fox)",R_CGT,0.791072464,0.791
"Arctic A
(arctic fox)",R_CGC,0,0
"Arctic A
(arctic fox)",R_CGA,0.261188406,0.261
"Arctic A
(arctic fox)",R_CGG,0.772188406,0.772
"Arctic A
(arctic fox)",R_AGA,3.317434783,3.317
"Arctic A
(arctic fox)",R_AGG,0.858753623,0.859
"Arctic A
(arctic fox)",G_GGT,0.811101449,0.811
"Arctic A
(arctic fox)",G_GGC,0.416623188,0.417
"Arctic A
(arctic fox)",G_GGA,1.01284058,1.013
"Arctic A
(arctic fox)",G_GGG,1.758449275,1.758
"Asian SEA2a
(dog)",F_TTT,0.821559322,0.822
"Asian SEA2a
(dog)",F_TTC,1.178440678,1.178
"Asian SEA2a
(dog)",L_TTA,1.09220339,1.092
"Asian SEA2a
(dog)",L_TTG,1.037016949,1.037
"Asian SEA2a
(dog)",L_CTT,0.999711864,1
"Asian SEA2a
(dog)",L_CTC,0.512610169,0.513
"Asian SEA2a
(dog)",L_CTA,1.04359322,1.044
"Asian SEA2a
(dog)",L_CTG,1.314966102,1.315
"Asian SEA2a
(dog)",I_ATT,1.11220339,1.112
"Asian SEA2a
(dog)",I_ATC,0.845898305,0.846
"Asian SEA2a
(dog)",I_ATA,1.04179661,1.042
"Asian SEA2a
(dog)",V_GTT,1.018118644,1.018
"Asian SEA2a
(dog)",V_GTC,1.380677966,1.381
"Asian SEA2a
(dog)",V_GTA,0.943186441,0.943
"Asian SEA2a
(dog)",V_GTG,0.658,0.658
"Asian SEA2a
(dog)",S_TCT,1.556813559,1.557
"Asian SEA2a
(dog)",S_TCC,0.999576271,1
"Asian SEA2a
(dog)",S_TCA,1.271983051,1.272
"Asian SEA2a
(dog)",S_TCG,0.587711864,0.588
"Asian SEA2a
(dog)",S_AGT,1.056745763,1.057
"Asian SEA2a
(dog)",S_AGC,0.526983051,0.527
"Asian SEA2a
(dog)",P_CCT,1.047474576,1.047
"Asian SEA2a
(dog)",P_CCC,1.201508475,1.202
"Asian SEA2a
(dog)",P_CCA,0.944728814,0.945
"Asian SEA2a
(dog)",P_CCG,0.806169492,0.806
"Asian SEA2a
(dog)",T_ACT,1.509067797,1.509
"Asian SEA2a
(dog)",T_ACC,0.879169492,0.879
"Asian SEA2a
(dog)",T_ACA,1.025830508,1.026
"Asian SEA2a
(dog)",T_ACG,0.585694915,0.586
"Asian SEA2a
(dog)",A_GCT,1.507423729,1.507
"Asian SEA2a
(dog)",A_GCC,0.793711864,0.794
"Asian SEA2a
(dog)",A_GCA,1.493966102,1.494
"Asian SEA2a
(dog)",A_GCG,0.204983051,0.205
"Asian SEA2a
(dog)",Y_TAT,1.143779661,1.144
"Asian SEA2a
(dog)",Y_TAC,0.856220339,0.856
"Asian SEA2a
(dog)",H_CAT,0.78,0.78
"Asian SEA2a
(dog)",H_CAC,1.22,1.22
"Asian SEA2a
(dog)",Q_CAA,1.569305085,1.569
"Asian SEA2a
(dog)",Q_CAG,0.430694915,0.431
"Asian SEA2a
(dog)",N_AAT,0.970288136,0.97
"Asian SEA2a
(dog)",N_AAC,1.029711864,1.03
"Asian SEA2a
(dog)",K_AAA,0.82140678,0.821
"Asian SEA2a
(dog)",K_AAG,1.17859322,1.179
"Asian SEA2a
(dog)",D_GAT,0.717016949,0.717
"Asian SEA2a
(dog)",D_GAC,1.282983051,1.283
"Asian SEA2a
(dog)",E_GAA,0.804186441,0.804
"Asian SEA2a
(dog)",E_GAG,1.195813559,1.196
"Asian SEA2a
(dog)",C_TGT,0.497762712,0.498
"Asian SEA2a
(dog)",C_TGC,1.502237288,1.502
"Asian SEA2a
(dog)",R_CGT,0.78,0.78
"Asian SEA2a
(dog)",R_CGC,0,0
"Asian SEA2a
(dog)",R_CGA,0.77579661,0.776
"Asian SEA2a
(dog)",R_CGG,0.266254237,0.266
"Asian SEA2a
(dog)",R_AGA,2.80479661,2.805
"Asian SEA2a
(dog)",R_AGG,1.373983051,1.374
"Asian SEA2a
(dog)",G_GGT,0.871610169,0.872
"Asian SEA2a
(dog)",G_GGC,0.548677966,0.549
"Asian SEA2a
(dog)",G_GGA,1.214745763,1.215
"Asian SEA2a
(dog)",G_GGG,1.364949153,1.365
"Asian SEA2b
(CFB)",F_TTT,0.873689655,0.874
"Asian SEA2b
(CFB)",F_TTC,1.126310345,1.126
"Asian SEA2b
(CFB)",L_TTA,0.98637931,0.986
"Asian SEA2b
(CFB)",L_TTG,1.252482759,1.252
"Asian SEA2b
(CFB)",L_CTT,0.889172414,0.889
"Asian SEA2b
(CFB)",L_CTC,0.717896552,0.718
"Asian SEA2b
(CFB)",L_CTA,1.073862069,1.074
"Asian SEA2b
(CFB)",L_CTG,1.080034483,1.08
"Asian SEA2b
(CFB)",I_ATT,1.145310345,1.145
"Asian SEA2b
(CFB)",I_ATC,0.734586207,0.735
"Asian SEA2b
(CFB)",I_ATA,1.120103448,1.12
"Asian SEA2b
(CFB)",V_GTT,1.178896552,1.179
"Asian SEA2b
(CFB)",V_GTC,1.332862069,1.333
"Asian SEA2b
(CFB)",V_GTA,0.655172414,0.655
"Asian SEA2b
(CFB)",V_GTG,0.833068966,0.833
"Asian SEA2b
(CFB)",S_TCT,1.221965517,1.222
"Asian SEA2b
(CFB)",S_TCC,1.232448276,1.232
"Asian SEA2b
(CFB)",S_TCA,1.604275862,1.604
"Asian SEA2b
(CFB)",S_TCG,0.486482759,0.486
"Asian SEA2b
(CFB)",S_AGT,0.973206897,0.973
"Asian SEA2b
(CFB)",S_AGC,0.481034483,0.481
"Asian SEA2b
(CFB)",P_CCT,1.24137931,1.241
"Asian SEA2b
(CFB)",P_CCC,1,1
"Asian SEA2b
(CFB)",P_CCA,1.017241379,1.017
"Asian SEA2b
(CFB)",P_CCG,0.74137931,0.741
"Asian SEA2b
(CFB)",T_ACT,1.397655172,1.398
"Asian SEA2b
(CFB)",T_ACC,0.954068966,0.954
"Asian SEA2b
(CFB)",T_ACA,1.197931034,1.198
"Asian SEA2b
(CFB)",T_ACG,0.450448276,0.45
"Asian SEA2b
(CFB)",A_GCT,1.321724138,1.322
"Asian SEA2b
(CFB)",A_GCC,1.027344828,1.027
"Asian SEA2b
(CFB)",A_GCA,1.503206897,1.503
"Asian SEA2b
(CFB)",A_GCG,0.147517241,0.148
"Asian SEA2b
(CFB)",Y_TAT,1.074206897,1.074
"Asian SEA2b
(CFB)",Y_TAC,0.925793103,0.926
"Asian SEA2b
(CFB)",H_CAT,0.530586207,0.531
"Asian SEA2b
(CFB)",H_CAC,1.469413793,1.469
"Asian SEA2b
(CFB)",Q_CAA,1.193103448,1.193
"Asian SEA2b
(CFB)",Q_CAG,0.806896552,0.807
"Asian SEA2b
(CFB)",N_AAT,0.945448276,0.945
"Asian SEA2b
(CFB)",N_AAC,1.054551724,1.055
"Asian SEA2b
(CFB)",K_AAA,1.050655172,1.051
"Asian SEA2b
(CFB)",K_AAG,0.949344828,0.949
"Asian SEA2b
(CFB)",D_GAT,1.016551724,1.017
"Asian SEA2b
(CFB)",D_GAC,0.983448276,0.983
"Asian SEA2b
(CFB)",E_GAA,0.912586207,0.913
"Asian SEA2b
(CFB)",E_GAG,1.087413793,1.087
"Asian SEA2b
(CFB)",C_TGT,1.022965517,1.023
"Asian SEA2b
(CFB)",C_TGC,0.977034483,0.977
"Asian SEA2b
(CFB)",R_CGT,0.779586207,0.78
"Asian SEA2b
(CFB)",R_CGC,0,0
"Asian SEA2b
(CFB)",R_CGA,0.779586207,0.78
"Asian SEA2b
(CFB)",R_CGG,0.259862069,0.26
"Asian SEA2b
(CFB)",R_AGA,2.318724138,2.319
"Asian SEA2b
(CFB)",R_AGG,1.863137931,1.863
"Asian SEA2b
(CFB)",G_GGT,1.078586207,1.079
"Asian SEA2b
(CFB)",G_GGC,0.400827586,0.401
"Asian SEA2b
(CFB)",G_GGA,1.133931034,1.134
"Asian SEA2b
(CFB)",G_GGG,1.386793103,1.387
"Bat DR
(vampire bat)",F_TTT,0.8971,0.897
"Bat DR
(vampire bat)",F_TTC,1.1029,1.103
"Bat DR
(vampire bat)",L_TTA,1.012475,1.012
"Bat DR
(vampire bat)",L_TTG,1.642225,1.642
"Bat DR
(vampire bat)",L_CTT,0.6905,0.691
"Bat DR
(vampire bat)",L_CTC,0.66095,0.661
"Bat DR
(vampire bat)",L_CTA,0.583575,0.584
"Bat DR
(vampire bat)",L_CTG,1.4105,1.411
"Bat DR
(vampire bat)",I_ATT,1.0999,1.1
"Bat DR
(vampire bat)",I_ATC,0.855125,0.855
"Bat DR
(vampire bat)",I_ATA,1.0445,1.045
"Bat DR
(vampire bat)",V_GTT,1.192125,1.192
"Bat DR
(vampire bat)",V_GTC,0.954,0.954
"Bat DR
(vampire bat)",V_GTA,0.72795,0.728
"Bat DR
(vampire bat)",V_GTG,1.125975,1.126
"Bat DR
(vampire bat)",S_TCT,1.578525,1.579
"Bat DR
(vampire bat)",S_TCC,0.776475,0.776
"Bat DR
(vampire bat)",S_TCA,1.535025,1.535
"Bat DR
(vampire bat)",S_TCG,0.4449,0.445
"Bat DR
(vampire bat)",S_AGT,1.01875,1.019
"Bat DR
(vampire bat)",S_AGC,0.646075,0.646
"Bat DR
(vampire bat)",P_CCT,1.9385,1.939
"Bat DR
(vampire bat)",P_CCC,0.600875,0.601
"Bat DR
(vampire bat)",P_CCA,0.512975,0.513
"Bat DR
(vampire bat)",P_CCG,0.9477,0.948
"Bat DR
(vampire bat)",T_ACT,1.307075,1.307
"Bat DR
(vampire bat)",T_ACC,0.83815,0.838
"Bat DR
(vampire bat)",T_ACA,1.622125,1.622
"Bat DR
(vampire bat)",T_ACG,0.2325,0.233
"Bat DR
(vampire bat)",A_GCT,1.388625,1.389
"Bat DR
(vampire bat)",A_GCC,0.804975,0.805
"Bat DR
(vampire bat)",A_GCA,1.413225,1.413
"Bat DR
(vampire bat)",A_GCG,0.39345,0.393
"Bat DR
(vampire bat)",Y_TAT,1.197625,1.198
"Bat DR
(vampire bat)",Y_TAC,0.802375,0.802
"Bat DR
(vampire bat)",H_CAT,1.311,1.311
"Bat DR
(vampire bat)",H_CAC,0.689,0.689
"Bat DR
(vampire bat)",Q_CAA,0.83,0.83
"Bat DR
(vampire bat)",Q_CAG,1.17,1.17
"Bat DR
(vampire bat)",N_AAT,1.27425,1.274
"Bat DR
(vampire bat)",N_AAC,0.72575,0.726
"Bat DR
(vampire bat)",K_AAA,0.95965,0.96
"Bat DR
(vampire bat)",K_AAG,1.04035,1.04
"Bat DR
(vampire bat)",D_GAT,0.952175,0.952
"Bat DR
(vampire bat)",D_GAC,1.047825,1.048
"Bat DR
(vampire bat)",E_GAA,0.86875,0.869
"Bat DR
(vampire bat)",E_GAG,1.13125,1.131
"Bat DR
(vampire bat)",C_TGT,1.029725,1.03
"Bat DR
(vampire bat)",C_TGC,0.970275,0.97
"Bat DR
(vampire bat)",R_CGT,0.3795,0.38
"Bat DR
(vampire bat)",R_CGC,0.370275,0.37
"Bat DR
(vampire bat)",R_CGA,0.2732,0.273
"Bat DR
(vampire bat)",R_CGG,0.4173,0.417
"Bat DR
(vampire bat)",R_AGA,2.803625,2.804
"Bat DR
(vampire bat)",R_AGG,1.756525,1.757
"Bat DR
(vampire bat)",G_GGT,0.4347,0.435
"Bat DR
(vampire bat)",G_GGC,0.931475,0.931
"Bat DR
(vampire bat)",G_GGA,1.6481,1.648
"Bat DR
(vampire bat)",G_GGG,0.986375,0.986
"Bat EF-E2
(big brown bat)",F_TTT,1.0666,1.067
"Bat EF-E2
(big brown bat)",F_TTC,0.9334,0.933
"Bat EF-E2
(big brown bat)",L_TTA,0.966171429,0.966
"Bat EF-E2
(big brown bat)",L_TTG,1.798171429,1.798
"Bat EF-E2
(big brown bat)",L_CTT,0.603857143,0.604
"Bat EF-E2
(big brown bat)",L_CTC,0.708,0.708
"Bat EF-E2
(big brown bat)",L_CTA,0.521828571,0.522
"Bat EF-E2
(big brown bat)",L_CTG,1.401171429,1.401
"Bat EF-E2
(big brown bat)",I_ATT,0.854085714,0.854
"Bat EF-E2
(big brown bat)",I_ATC,1.032828571,1.033
"Bat EF-E2
(big brown bat)",I_ATA,1.113057143,1.113
"Bat EF-E2
(big brown bat)",V_GTT,1.068457143,1.068
"Bat EF-E2
(big brown bat)",V_GTC,0.738,0.738
"Bat EF-E2
(big brown bat)",V_GTA,0.749428571,0.749
"Bat EF-E2
(big brown bat)",V_GTG,1.4442,1.444
"Bat EF-E2
(big brown bat)",S_TCT,1.699257143,1.699
"Bat EF-E2
(big brown bat)",S_TCC,0.701742857,0.702
"Bat EF-E2
(big brown bat)",S_TCA,1.817971429,1.818
"Bat EF-E2
(big brown bat)",S_TCG,0.388914286,0.389
"Bat EF-E2
(big brown bat)",S_AGT,0.895342857,0.895
"Bat EF-E2
(big brown bat)",S_AGC,0.496657143,0.497
"Bat EF-E2
(big brown bat)",P_CCT,1.615342857,1.615
"Bat EF-E2
(big brown bat)",P_CCC,0.720657143,0.721
"Bat EF-E2
(big brown bat)",P_CCA,0.539171429,0.539
"Bat EF-E2
(big brown bat)",P_CCG,1.124885714,1.125
"Bat EF-E2
(big brown bat)",T_ACT,0.963857143,0.964
"Bat EF-E2
(big brown bat)",T_ACC,1.352571429,1.353
"Bat EF-E2
(big brown bat)",T_ACA,1.414514286,1.415
"Bat EF-E2
(big brown bat)",T_ACG,0.268342857,0.268
"Bat EF-E2
(big brown bat)",A_GCT,1.128685714,1.129
"Bat EF-E2
(big brown bat)",A_GCC,0.989914286,0.99
"Bat EF-E2
(big brown bat)",A_GCA,1.835742857,1.836
"Bat EF-E2
(big brown bat)",A_GCG,0.045571429,0.046
"Bat EF-E2
(big brown bat)",Y_TAT,1.407914286,1.408
"Bat EF-E2
(big brown bat)",Y_TAC,0.592085714,0.592
"Bat EF-E2
(big brown bat)",H_CAT,1.228971429,1.229
"Bat EF-E2
(big brown bat)",H_CAC,0.771028571,0.771
"Bat EF-E2
(big brown bat)",Q_CAA,1.057714286,1.058
"Bat EF-E2
(big brown bat)",Q_CAG,0.942285714,0.942
"Bat EF-E2
(big brown bat)",N_AAT,1.327457143,1.327
"Bat EF-E2
(big brown bat)",N_AAC,0.672542857,0.673
"Bat EF-E2
(big brown bat)",K_AAA,0.678771429,0.679
"Bat EF-E2
(big brown bat)",K_AAG,1.321228571,1.321
"Bat EF-E2
(big brown bat)",D_GAT,0.901914286,0.902
"Bat EF-E2
(big brown bat)",D_GAC,1.098085714,1.098
"Bat EF-E2
(big brown bat)",E_GAA,0.765514286,0.766
"Bat EF-E2
(big brown bat)",E_GAG,1.234485714,1.234
"Bat EF-E2
(big brown bat)",C_TGT,1.014942857,1.015
"Bat EF-E2
(big brown bat)",C_TGC,0.985057143,0.985
"Bat EF-E2
(big brown bat)",R_CGT,0.530771429,0.531
"Bat EF-E2
(big brown bat)",R_CGC,0.223714286,0.224
"Bat EF-E2
(big brown bat)",R_CGA,0.029828571,0.03
"Bat EF-E2
(big brown bat)",R_CGG,0.7924,0.792
"Bat EF-E2
(big brown bat)",R_AGA,3.616742857,3.617
"Bat EF-E2
(big brown bat)",R_AGG,0.807285714,0.807
"Bat EF-E2
(big brown bat)",G_GGT,0.939828571,0.94
"Bat EF-E2
(big brown bat)",G_GGC,0.528742857,0.529
"Bat EF-E2
(big brown bat)",G_GGA,1.199,1.199
"Bat EF-E2
(big brown bat)",G_GGG,1.331628571,1.332
"Bat LC
(hoary bat)",F_TTT,0.97225,0.972
"Bat LC
(hoary bat)",F_TTC,1.02775,1.028
"Bat LC
(hoary bat)",L_TTA,0.9025625,0.903
"Bat LC
(hoary bat)",L_TTG,2.114125,2.114
"Bat LC
(hoary bat)",L_CTT,0.85875,0.859
"Bat LC
(hoary bat)",L_CTC,0.5280625,0.528
"Bat LC
(hoary bat)",L_CTA,0.704375,0.704
"Bat LC
(hoary bat)",L_CTG,0.89125,0.891
"Bat LC
(hoary bat)",I_ATT,1.03275,1.033
"Bat LC
(hoary bat)",I_ATC,0.8581875,0.858
"Bat LC
(hoary bat)",I_ATA,1.1090625,1.109
"Bat LC
(hoary bat)",V_GTT,1.280375,1.28
"Bat LC
(hoary bat)",V_GTC,1.0043125,1.004
"Bat LC
(hoary bat)",V_GTA,0.711,0.711
"Bat LC
(hoary bat)",V_GTG,1.0043125,1.004
"Bat LC
(hoary bat)",S_TCT,1.406625,1.407
"Bat LC
(hoary bat)",S_TCC,0.6396875,0.64
"Bat LC
(hoary bat)",S_TCA,1.74125,1.741
"Bat LC
(hoary bat)",S_TCG,0.305125,0.305
"Bat LC
(hoary bat)",S_AGT,1.268625,1.269
"Bat LC
(hoary bat)",S_AGC,0.6395,0.64
"Bat LC
(hoary bat)",P_CCT,1.6323125,1.632
"Bat LC
(hoary bat)",P_CCC,0.735375,0.735
"Bat LC
(hoary bat)",P_CCA,0.941,0.941
"Bat LC
(hoary bat)",P_CCG,0.6913125,0.691
"Bat LC
(hoary bat)",T_ACT,0.978,0.978
"Bat LC
(hoary bat)",T_ACC,1.36825,1.368
"Bat LC
(hoary bat)",T_ACA,1.514875,1.515
"Bat LC
(hoary bat)",T_ACG,0.138625,0.139
"Bat LC
(hoary bat)",A_GCT,0.852375,0.852
"Bat LC
(hoary bat)",A_GCC,0.9815,0.982
"Bat LC
(hoary bat)",A_GCA,1.8035625,1.804
"Bat LC
(hoary bat)",A_GCG,0.3625,0.363
"Bat LC
(hoary bat)",Y_TAT,0.8510625,0.851
"Bat LC
(hoary bat)",Y_TAC,1.1489375,1.149
"Bat LC
(hoary bat)",H_CAT,1.231,1.231
"Bat LC
(hoary bat)",H_CAC,0.769,0.769
"Bat LC
(hoary bat)",Q_CAA,1.0125,1.013
"Bat LC
(hoary bat)",Q_CAG,0.9875,0.988
"Bat LC
(hoary bat)",N_AAT,0.9175,0.918
"Bat LC
(hoary bat)",N_AAC,1.0825,1.083
"Bat LC
(hoary bat)",K_AAA,0.588625,0.589
"Bat LC
(hoary bat)",K_AAG,1.411375,1.411
"Bat LC
(hoary bat)",D_GAT,0.86675,0.867
"Bat LC
(hoary bat)",D_GAC,1.13325,1.133
"Bat LC
(hoary bat)",E_GAA,0.8325,0.833
"Bat LC
(hoary bat)",E_GAG,1.1675,1.168
"Bat LC
(hoary bat)",C_TGT,1.0624375,1.062
"Bat LC
(hoary bat)",C_TGC,0.9375625,0.938
"Bat LC
(hoary bat)",R_CGT,0.48,0.48
"Bat LC
(hoary bat)",R_CGC,0.24,0.24
"Bat LC
(hoary bat)",R_CGA,0.48,0.48
"Bat LC
(hoary bat)",R_CGG,0.495,0.495
"Bat LC
(hoary bat)",R_AGA,2.415,2.415
"Bat LC
(hoary bat)",R_AGG,1.89,1.89
"Bat LC
(hoary bat)",G_GGT,0.698625,0.699
"Bat LC
(hoary bat)",G_GGC,0.94875,0.949
"Bat LC
(hoary bat)",G_GGA,0.9745625,0.975
"Bat LC
(hoary bat)",G_GGG,1.379,1.379
"Bat TB1
(Mexican free
-tailed bat)",F_TTT,1.122935484,1.123
"Bat TB1
(Mexican free
-tailed bat)",F_TTC,0.877064516,0.877
"Bat TB1
(Mexican free
-tailed bat)",L_TTA,1.045451613,1.045
"Bat TB1
(Mexican free
-tailed bat)",L_TTG,1.636709677,1.637
"Bat TB1
(Mexican free
-tailed bat)",L_CTT,0.868129032,0.868
"Bat TB1
(Mexican free
-tailed bat)",L_CTC,0.519612903,0.52
"Bat TB1
(Mexican free
-tailed bat)",L_CTA,0.503032258,0.503
"Bat TB1
(Mexican free
-tailed bat)",L_CTG,1.426612903,1.427
"Bat TB1
(Mexican free
-tailed bat)",I_ATT,1.039258065,1.039
"Bat TB1
(Mexican free
-tailed bat)",I_ATC,1.039419355,1.039
"Bat TB1
(Mexican free
-tailed bat)",I_ATA,0.920483871,0.92
"Bat TB1
(Mexican free
-tailed bat)",V_GTT,1.224354839,1.224
"Bat TB1
(Mexican free
-tailed bat)",V_GTC,0.93183871,0.932
"Bat TB1
(Mexican free
-tailed bat)",V_GTA,0.63416129,0.634
"Bat TB1
(Mexican free
-tailed bat)",V_GTG,1.209645161,1.21
"Bat TB1
(Mexican free
-tailed bat)",S_TCT,1.729064516,1.729
"Bat TB1
(Mexican free
-tailed bat)",S_TCC,0.782774194,0.783
"Bat TB1
(Mexican free
-tailed bat)",S_TCA,1.581354839,1.581
"Bat TB1
(Mexican free
-tailed bat)",S_TCG,0.320451613,0.32
"Bat TB1
(Mexican free
-tailed bat)",S_AGT,0.955451613,0.955
"Bat TB1
(Mexican free
-tailed bat)",S_AGC,0.630903226,0.631
"Bat TB1
(Mexican free
-tailed bat)",P_CCT,1.766129032,1.766
"Bat TB1
(Mexican free
-tailed bat)",P_CCC,0.983870968,0.984
"Bat TB1
(Mexican free
-tailed bat)",P_CCA,0.491935484,0.492
"Bat TB1
(Mexican free
-tailed bat)",P_CCG,0.758064516,0.758
"Bat TB1
(Mexican free
-tailed bat)",T_ACT,1.417451613,1.417
"Bat TB1
(Mexican free
-tailed bat)",T_ACC,0.777387097,0.777
"Bat TB1
(Mexican free
-tailed bat)",T_ACA,1.546451613,1.546
"Bat TB1
(Mexican free
-tailed bat)",T_ACG,0.257741935,0.258
"Bat TB1
(Mexican free
-tailed bat)",A_GCT,1.483870968,1.484
"Bat TB1
(Mexican free
-tailed bat)",A_GCC,0.883064516,0.883
"Bat TB1
(Mexican free
-tailed bat)",A_GCA,1.153225806,1.153
"Bat TB1
(Mexican free
-tailed bat)",A_GCG,0.47983871,0.48
"Bat TB1
(Mexican free
-tailed bat)",Y_TAT,1.329935484,1.33
"Bat TB1
(Mexican free
-tailed bat)",Y_TAC,0.670064516,0.67
"Bat TB1
(Mexican free
-tailed bat)",H_CAT,1.307645161,1.308
"Bat TB1
(Mexican free
-tailed bat)",H_CAC,0.692354839,0.692
"Bat TB1
(Mexican free
-tailed bat)",Q_CAA,1.118903226,1.119
"Bat TB1
(Mexican free
-tailed bat)",Q_CAG,0.881096774,0.881
"Bat TB1
(Mexican free
-tailed bat)",N_AAT,1.235548387,1.236
"Bat TB1
(Mexican free
-tailed bat)",N_AAC,0.764451613,0.764
"Bat TB1
(Mexican free
-tailed bat)",K_AAA,0.96,0.96
"Bat TB1
(Mexican free
-tailed bat)",K_AAG,1.04,1.04
"Bat TB1
(Mexican free
-tailed bat)",D_GAT,0.955935484,0.956
"Bat TB1
(Mexican free
-tailed bat)",D_GAC,1.044064516,1.044
"Bat TB1
(Mexican free
-tailed bat)",E_GAA,0.919419355,0.919
"Bat TB1
(Mexican free
-tailed bat)",E_GAG,1.080580645,1.081
"Bat TB1
(Mexican free
-tailed bat)",C_TGT,1.333032258,1.333
"Bat TB1
(Mexican free
-tailed bat)",C_TGC,0.666967742,0.667
"Bat TB1
(Mexican free
-tailed bat)",R_CGT,0.504258065,0.504
"Bat TB1
(Mexican free
-tailed bat)",R_CGC,0.252129032,0.252
"Bat TB1
(Mexican free
-tailed bat)",R_CGA,0,0
"Bat TB1
(Mexican free
-tailed bat)",R_CGG,0.512322581,0.512
"Bat TB1
(Mexican free
-tailed bat)",R_AGA,2.757096774,2.757
"Bat TB1
(Mexican free
-tailed bat)",R_AGG,1.974387097,1.974
"Bat TB1
(Mexican free
-tailed bat)",G_GGT,0.556322581,0.556
"Bat TB1
(Mexican free
-tailed bat)",G_GGC,0.819129032,0.819
"Bat TB1
(Mexican free
-tailed bat)",G_GGA,1.659580645,1.66
"Bat TB1
(Mexican free
-tailed bat)",G_GGG,0.965870968,0.966
"Cosmo AF1b
(dog)",F_TTT,0.634603448,0.635
"Cosmo AF1b
(dog)",F_TTC,1.365396552,1.365
"Cosmo AF1b
(dog)",L_TTA,0.557646552,0.558
"Cosmo AF1b
(dog)",L_TTG,1.244543103,1.245
"Cosmo AF1b
(dog)",L_CTT,0.355517241,0.356
"Cosmo AF1b
(dog)",L_CTC,0.541853448,0.542
"Cosmo AF1b
(dog)",L_CTA,1.69712931,1.697
"Cosmo AF1b
(dog)",L_CTG,1.602724138,1.603
"Cosmo AF1b
(dog)",I_ATT,0.97675,0.977
"Cosmo AF1b
(dog)",I_ATC,0.927482759,0.927
"Cosmo AF1b
(dog)",I_ATA,1.095698276,1.096
"Cosmo AF1b
(dog)",V_GTT,0.996741379,0.997
"Cosmo AF1b
(dog)",V_GTC,1.454474138,1.454
"Cosmo AF1b
(dog)",V_GTA,0.563396552,0.563
"Cosmo AF1b
(dog)",V_GTG,0.985344828,0.985
"Cosmo AF1b
(dog)",S_TCT,1.286241379,1.286
"Cosmo AF1b
(dog)",S_TCC,0.792612069,0.793
"Cosmo AF1b
(dog)",S_TCA,1.846267241,1.846
"Cosmo AF1b
(dog)",S_TCG,0.734663793,0.735
"Cosmo AF1b
(dog)",S_AGT,0.981456897,0.981
"Cosmo AF1b
(dog)",S_AGC,0.359,0.359
"Cosmo AF1b
(dog)",P_CCT,1.560327586,1.56
"Cosmo AF1b
(dog)",P_CCC,0.928224138,0.928
"Cosmo AF1b
(dog)",P_CCA,0.891474138,0.891
"Cosmo AF1b
(dog)",P_CCG,0.619931034,0.62
"Cosmo AF1b
(dog)",T_ACT,1.141405172,1.141
"Cosmo AF1b
(dog)",T_ACC,1.243215517,1.243
"Cosmo AF1b
(dog)",T_ACA,1.462922414,1.463
"Cosmo AF1b
(dog)",T_ACG,0.153017241,0.153
"Cosmo AF1b
(dog)",A_GCT,1.000439655,1
"Cosmo AF1b
(dog)",A_GCC,1.078362069,1.078
"Cosmo AF1b
(dog)",A_GCA,1.710431034,1.71
"Cosmo AF1b
(dog)",A_GCG,0.210715517,0.211
"Cosmo AF1b
(dog)",Y_TAT,1.248646552,1.249
"Cosmo AF1b
(dog)",Y_TAC,0.751353448,0.751
"Cosmo AF1b
(dog)",H_CAT,1.219051724,1.219
"Cosmo AF1b
(dog)",H_CAC,0.780948276,0.781
"Cosmo AF1b
(dog)",Q_CAA,1.022586207,1.023
"Cosmo AF1b
(dog)",Q_CAG,0.977413793,0.977
"Cosmo AF1b
(dog)",N_AAT,1.069094828,1.069
"Cosmo AF1b
(dog)",N_AAC,0.930905172,0.931
"Cosmo AF1b
(dog)",K_AAA,0.910068966,0.91
"Cosmo AF1b
(dog)",K_AAG,1.089931034,1.09
"Cosmo AF1b
(dog)",D_GAT,0.996439655,0.996
"Cosmo AF1b
(dog)",D_GAC,1.003560345,1.004
"Cosmo AF1b
(dog)",E_GAA,0.873198276,0.873
"Cosmo AF1b
(dog)",E_GAG,1.126801724,1.127
"Cosmo AF1b
(dog)",C_TGT,1.948232759,1.948
"Cosmo AF1b
(dog)",C_TGC,0.051767241,0.052
"Cosmo AF1b
(dog)",R_CGT,0.804137931,0.804
"Cosmo AF1b
(dog)",R_CGC,0.016586207,0.017
"Cosmo AF1b
(dog)",R_CGA,0.341784483,0.342
"Cosmo AF1b
(dog)",R_CGG,0.473922414,0.474
"Cosmo AF1b
(dog)",R_AGA,3.189413793,3.189
"Cosmo AF1b
(dog)",R_AGG,1.173818966,1.174
"Cosmo AF1b
(dog)",G_GGT,0.770172414,0.77
"Cosmo AF1b
(dog)",G_GGC,0.701689655,0.702
"Cosmo AF1b
(dog)",G_GGA,1.102396552,1.102
"Cosmo AF1b
(dog)",G_GGG,1.425922414,1.426
"Cosmo AM2a
(mongoose)",F_TTT,0.642333333,0.642
"Cosmo AM2a
(mongoose)",F_TTC,1.357666667,1.358
"Cosmo AM2a
(mongoose)",L_TTA,0.723222222,0.723
"Cosmo AM2a
(mongoose)",L_TTG,1.504777778,1.505
"Cosmo AM2a
(mongoose)",L_CTT,0.332222222,0.332
"Cosmo AM2a
(mongoose)",L_CTC,0.703777778,0.704
"Cosmo AM2a
(mongoose)",L_CTA,1.289666667,1.29
"Cosmo AM2a
(mongoose)",L_CTG,1.446333333,1.446
"Cosmo AM2a
(mongoose)",I_ATT,1.068666667,1.069
"Cosmo AM2a
(mongoose)",I_ATC,0.914777778,0.915
"Cosmo AM2a
(mongoose)",I_ATA,1.016333333,1.016
"Cosmo AM2a
(mongoose)",V_GTT,0.988555556,0.989
"Cosmo AM2a
(mongoose)",V_GTC,1.458222222,1.458
"Cosmo AM2a
(mongoose)",V_GTA,0.548444444,0.548
"Cosmo AM2a
(mongoose)",V_GTG,1.005,1.005
"Cosmo AM2a
(mongoose)",S_TCT,1.181111111,1.181
"Cosmo AM2a
(mongoose)",S_TCC,0.895444444,0.895
"Cosmo AM2a
(mongoose)",S_TCA,1.885777778,1.886
"Cosmo AM2a
(mongoose)",S_TCG,0.666777778,0.667
"Cosmo AM2a
(mongoose)",S_AGT,1.048,1.048
"Cosmo AM2a
(mongoose)",S_AGC,0.323888889,0.324
"Cosmo AM2a
(mongoose)",P_CCT,1.416666667,1.417
"Cosmo AM2a
(mongoose)",P_CCC,1.083333333,1.083
"Cosmo AM2a
(mongoose)",P_CCA,1.472222222,1.472
"Cosmo AM2a
(mongoose)",P_CCG,0.027777778,0.028
"Cosmo AM2a
(mongoose)",T_ACT,1.353444444,1.353
"Cosmo AM2a
(mongoose)",T_ACC,0.836555556,0.837
"Cosmo AM2a
(mongoose)",T_ACA,1.489444444,1.489
"Cosmo AM2a
(mongoose)",T_ACG,0.320444444,0.32
"Cosmo AM2a
(mongoose)",A_GCT,1.057777778,1.058
"Cosmo AM2a
(mongoose)",A_GCC,0.990222222,0.99
"Cosmo AM2a
(mongoose)",A_GCA,1.694555556,1.695
"Cosmo AM2a
(mongoose)",A_GCG,0.257444444,0.257
"Cosmo AM2a
(mongoose)",Y_TAT,1.280333333,1.28
"Cosmo AM2a
(mongoose)",Y_TAC,0.719666667,0.72
"Cosmo AM2a
(mongoose)",H_CAT,1.265222222,1.265
"Cosmo AM2a
(mongoose)",H_CAC,0.734777778,0.735
"Cosmo AM2a
(mongoose)",Q_CAA,1,1
"Cosmo AM2a
(mongoose)",Q_CAG,1,1
"Cosmo AM2a
(mongoose)",N_AAT,0.883,0.883
"Cosmo AM2a
(mongoose)",N_AAC,1.117,1.117
"Cosmo AM2a
(mongoose)",K_AAA,0.885444444,0.885
"Cosmo AM2a
(mongoose)",K_AAG,1.114555556,1.115
"Cosmo AM2a
(mongoose)",D_GAT,0.992111111,0.992
"Cosmo AM2a
(mongoose)",D_GAC,1.007888889,1.008
"Cosmo AM2a
(mongoose)",E_GAA,0.804666667,0.805
"Cosmo AM2a
(mongoose)",E_GAG,1.195333333,1.195
"Cosmo AM2a
(mongoose)",C_TGT,1.429,1.429
"Cosmo AM2a
(mongoose)",C_TGC,0.571,0.571
"Cosmo AM2a
(mongoose)",R_CGT,0.745777778,0.746
"Cosmo AM2a
(mongoose)",R_CGC,0.030333333,0.03
"Cosmo AM2a
(mongoose)",R_CGA,1.061,1.061
"Cosmo AM2a
(mongoose)",R_CGG,0.316777778,0.317
"Cosmo AM2a
(mongoose)",R_AGA,2.844333333,2.844
"Cosmo AM2a
(mongoose)",R_AGG,1.001777778,1.002
"Cosmo AM2a
(mongoose)",G_GGT,0.837666667,0.838
"Cosmo AM2a
(mongoose)",G_GGC,0.603444444,0.603
"Cosmo AM2a
(mongoose)",G_GGA,1.382444444,1.382
"Cosmo AM2a
(mongoose)",G_GGG,1.176111111,1.176
"RAC-SK SCSK
(skunk)",F_TTT,1.004111111,1.004
"RAC-SK SCSK
(skunk)",F_TTC,0.995888889,0.996
"RAC-SK SCSK
(skunk)",L_TTA,0.601666667,0.602
"RAC-SK SCSK
(skunk)",L_TTG,1.728444444,1.728
"RAC-SK SCSK
(skunk)",L_CTT,0.939666667,0.94
"RAC-SK SCSK
(skunk)",L_CTC,0.677555556,0.678
"RAC-SK SCSK
(skunk)",L_CTA,0.735,0.735
"RAC-SK SCSK
(skunk)",L_CTG,1.318,1.318
"RAC-SK SCSK
(skunk)",I_ATT,0.920555556,0.921
"RAC-SK SCSK
(skunk)",I_ATC,0.862333333,0.862
"RAC-SK SCSK
(skunk)",I_ATA,1.216888889,1.217
"RAC-SK SCSK
(skunk)",V_GTT,1.010555556,1.011
"RAC-SK SCSK
(skunk)",V_GTC,1.073,1.073
"RAC-SK SCSK
(skunk)",V_GTA,0.621666667,0.622
"RAC-SK SCSK
(skunk)",V_GTG,1.294777778,1.295
"RAC-SK SCSK
(skunk)",S_TCT,1.276,1.276
"RAC-SK SCSK
(skunk)",S_TCC,1.535,1.535
"RAC-SK SCSK
(skunk)",S_TCA,1.273888889,1.274
"RAC-SK SCSK
(skunk)",S_TCG,0.607,0.607
"RAC-SK SCSK
(skunk)",S_AGT,0.645222222,0.645
"RAC-SK SCSK
(skunk)",S_AGC,0.663222222,0.663
"RAC-SK SCSK
(skunk)",P_CCT,1.019555556,1.02
"RAC-SK SCSK
(skunk)",P_CCC,0.856222222,0.856
"RAC-SK SCSK
(skunk)",P_CCA,0.936222222,0.936
"RAC-SK SCSK
(skunk)",P_CCG,1.187888889,1.188
"RAC-SK SCSK
(skunk)",T_ACT,1.358222222,1.358
"RAC-SK SCSK
(skunk)",T_ACC,0.981444444,0.981
"RAC-SK SCSK
(skunk)",T_ACA,1.460333333,1.46
"RAC-SK SCSK
(skunk)",T_ACG,0.199333333,0.199
"RAC-SK SCSK
(skunk)",A_GCT,1.481888889,1.482
"RAC-SK SCSK
(skunk)",A_GCC,0.725111111,0.725
"RAC-SK SCSK
(skunk)",A_GCA,1.704777778,1.705
"RAC-SK SCSK
(skunk)",A_GCG,0.087777778,0.088
"RAC-SK SCSK
(skunk)",Y_TAT,1.266,1.266
"RAC-SK SCSK
(skunk)",Y_TAC,0.734,0.734
"RAC-SK SCSK
(skunk)",H_CAT,1.083111111,1.083
"RAC-SK SCSK
(skunk)",H_CAC,0.916888889,0.917
"RAC-SK SCSK
(skunk)",Q_CAA,0.674222222,0.674
"RAC-SK SCSK
(skunk)",Q_CAG,1.325777778,1.326
"RAC-SK SCSK
(skunk)",N_AAT,1.088444444,1.088
"RAC-SK SCSK
(skunk)",N_AAC,0.911555556,0.912
"RAC-SK SCSK
(skunk)",K_AAA,0.683444444,0.683
"RAC-SK SCSK
(skunk)",K_AAG,1.316555556,1.317
"RAC-SK SCSK
(skunk)",D_GAT,1.01,1.01
"RAC-SK SCSK
(skunk)",D_GAC,0.99,0.99
"RAC-SK SCSK
(skunk)",E_GAA,1.222111111,1.222
"RAC-SK SCSK
(skunk)",E_GAG,0.777888889,0.778
"RAC-SK SCSK
(skunk)",C_TGT,1.111222222,1.111
"RAC-SK SCSK
(skunk)",C_TGC,0.888777778,0.889
"RAC-SK SCSK
(skunk)",R_CGT,0.491888889,0.492
"RAC-SK SCSK
(skunk)",R_CGC,0.552444444,0.552
"RAC-SK SCSK
(skunk)",R_CGA,0.375888889,0.376
"RAC-SK SCSK
(skunk)",R_CGG,0.523333333,0.523
"RAC-SK SCSK
(skunk)",R_AGA,2.462444444,2.462
"RAC-SK SCSK
(skunk)",R_AGG,1.594777778,1.595
"RAC-SK SCSK
(skunk)",G_GGT,0.882333333,0.882
"RAC-SK SCSK
(skunk)",G_GGC,0.793555556,0.794
"RAC-SK SCSK
(skunk)",G_GGA,1.167777778,1.168
"RAC-SK SCSK
(skunk)",G_GGG,1.156444444,1.156