"","Accession","Hamming","Miyata","Hamming_stop0","Miyata_stop0","Hamming_norm","Miyata_norm","Hamming_stop0_norm","Miyata_stop0_norm"
"2","DQ666289","7.02","15.3488888888889","6.62","11.3488888888889","7.00074074074074","15.1185314814815","6.62314814814815","11.3426055555556"
"3","DQ666290","7.03111111111111","15.3271777777778","6.63111111111111","11.3271777777778","7.01333333333333","15.1156240740741","6.63462962962963","11.328587037037"
"4","DQ866105","7.03333333333333","15.3853111111111","6.63111111111111","11.3630888888889","7.01703703703704","15.1913","6.63444444444445","11.3653740740741"
"5","DQ866106","7.02444444444444","15.3677555555556","6.62222222222222","11.3455333333333","7.01407407407407","15.1796425925926","6.63092592592593","11.3481611111111"
"6","DQ866108","7.02","15.3323111111111","6.62","11.3323111111111","7.00814814814815","15.1330777777778","6.62833333333333","11.3349296296296"
"7","DQ866109","7.02","15.3577777777778","6.61777777777778","11.3355555555556","7.00814814814815","15.1655314814815","6.625","11.33405"
"8","DQ866110","7.02","15.3270444444444","6.62","11.3270444444444","7.01111111111111","15.1548740740741","6.62962962962963","11.3400592592593"
"9","DQ866112","7.02444444444444","15.3403777777778","6.62444444444444","11.3403777777778","7.01259259259259","15.1582388888889","6.63055555555556","11.3378685185185"
"10","DQ866116","7.02","15.3184","6.62222222222222","11.3406222222222","7.01111111111111","15.1568185185185","6.62962962962963","11.3420037037037"
"11","DQ866119","7.02444444444444","15.3578222222222","6.62222222222222","11.3356","7.01259259259259","15.1553611111111","6.63055555555556","11.3349907407407"
"12","EU086182","7.02444444444444","15.3767333333333","6.61777777777778","11.3100666666667","7.01111111111111","15.1568185185185","6.62962962962963","11.3420037037037"
"13","EU086183","7.01111111111111","15.2878888888889","6.61333333333333","11.3101111111111","7.00814814814815","15.1162444444444","6.63","11.334762962963"
"14","EU159386","7.02444444444444","15.3767333333333","6.61777777777778","11.3100666666667","7.01111111111111","15.1568185185185","6.62962962962963","11.3420037037037"
"15","EU828653","7.02","15.3436888888889","6.61777777777778","11.3214666666667","7.01555555555556","15.1553240740741","6.63462962962963","11.3460648148148"
"16","FJ561726","7.02222222222222","15.3151333333333","6.62444444444444","11.3373555555556","7.01037037037037","15.132212962963","6.63055555555556","11.3340648148148"
"17","FJ561727","7.01555555555556","15.3558222222222","6.61333333333333","11.3336","7.00666666666667","15.1795796296296","6.6237037037037","11.34995"
"18","FJ561728","7.02","15.3054888888889","6.62444444444444","11.3499333333333","7.01111111111111","15.1586740740741","6.62962962962963","11.3438592592593"
"19","FJ866829","7.01777777777778","15.2634888888889","6.62666666666667","11.3523777777778","7.01111111111111","15.1242796296296","6.63296296296296","11.3427981481481"
"20","FJ866830","7.03111111111111","15.325","6.63333333333333","11.3472222222222","7.01703703703704","15.1437185185185","6.63685185185185","11.3418666666667"
"21","FJ866831","7.01555555555556","15.326","6.61777777777778","11.3482222222222","7.00592592592593","15.1667537037037","6.62277777777778","11.3352722222222"
"22","GQ472468","7.02222222222222","15.3652444444444","6.62","11.3430222222222","7.00814814814815","15.1502425925926","6.62759259259259","11.344687037037"
"23","GQ472470","7.02444444444444","15.3148222222222","6.62666666666667","11.3370444444444","7.01111111111111","15.1334074074074","6.63018518518519","11.3241481481481"
"24","GQ472473","7.02444444444444","15.36","6.62222222222222","11.3377777777778","7.01259259259259","15.1582388888889","6.63055555555556","11.3378685185185"
"25","GQ472477","7.02444444444444","15.3253777777778","6.62444444444444","11.3253777777778","7.01481481481482","15.1412314814815","6.63351851851852","11.3282685185185"
"26","GU358653","7.01555555555556","15.3411333333333","6.61333333333333","11.3189111111111","7.01111111111111","15.1568185185185","6.62962962962963","11.3420037037037"
"27","HM486355","7.02666666666667","15.4172666666667","6.61333333333333","11.2839333333333","7.00814814814815","15.1593888888889","6.62555555555556","11.333462962963"
"28","HM486356","7.02666666666667","15.4308","6.61333333333333","11.2974666666667","7.00814814814815","15.18225","6.625","11.3507685185185"
"29","HM486357","7.02666666666667","15.4172666666667","6.61333333333333","11.2839333333333","7.00814814814815","15.1593888888889","6.62555555555556","11.333462962963"
"30","HM486358","7.02666666666667","15.4172666666667","6.61333333333333","11.2839333333333","7.00814814814815","15.1593888888889","6.62555555555556","11.333462962963"
"31","HM486359","7.02666666666667","15.4172666666667","6.61333333333333","11.2839333333333","7.00814814814815","15.1593888888889","6.62555555555556","11.333462962963"
"32","HM486361","7.02666666666667","15.4172666666667","6.61333333333333","11.2839333333333","7.00814814814815","15.1593888888889","6.62555555555556","11.333462962963"
"33","HM486362","7.02666666666667","15.4172666666667","6.61333333333333","11.2839333333333","7.00814814814815","15.1593888888889","6.62555555555556","11.333462962963"
"34","HM486364","7.02666666666667","15.4172666666667","6.61333333333333","11.2839333333333","7.00814814814815","15.1593888888889","6.62555555555556","11.333462962963"
"35","HM486365","7.02666666666667","15.4172666666667","6.61333333333333","11.2839333333333","7.00814814814815","15.1593888888889","6.62555555555556","11.333462962963"
"36","HM486366","7.02666666666667","15.4172666666667","6.61333333333333","11.2839333333333","7.00814814814815","15.1593888888889","6.62555555555556","11.333462962963"
"37","HM486367","7.02666666666667","15.4172666666667","6.61333333333333","11.2839333333333","7.00814814814815","15.1593888888889","6.62555555555556","11.333462962963"
"38","HM486368","7.02888888888889","15.3767111111111","6.62444444444444","11.3322666666667","7.01259259259259","15.1582388888889","6.63055555555556","11.3378685185185"
"39","HM486369","7.02666666666667","15.4142888888889","6.61333333333333","11.2809555555556","7.00666666666667","15.1434962962963","6.62518518518519","11.3286814814815"
"40","HM486370","7.02666666666667","15.4172666666667","6.61333333333333","11.2839333333333","7.00814814814815","15.1593888888889","6.62555555555556","11.333462962963"
"41","HM486371","7.02666666666667","15.4172666666667","6.61333333333333","11.2839333333333","7.00814814814815","15.1593888888889","6.62555555555556","11.333462962963"
"42","HM486372","7.02666666666667","15.4172666666667","6.61333333333333","11.2839333333333","7.00814814814815","15.1593888888889","6.62555555555556","11.333462962963"
"43","HM486373","7.02666666666667","15.4172666666667","6.61333333333333","11.2839333333333","7.00814814814815","15.1593888888889","6.62555555555556","11.333462962963"
"44","HM486374","7.02666666666667","15.4366444444444","6.61333333333333","11.3033111111111","7.00814814814815","15.1733111111111","6.625","11.3418296296296"
"45","HM486375","7.02666666666667","15.4366444444444","6.61333333333333","11.3033111111111","7.00814814814815","15.1733111111111","6.625","11.3418296296296"
"46","HM486379","7.02222222222222","15.4093333333333","6.60888888888889","11.276","7.0037037037037","15.1608833333333","6.62055555555556","11.3294018518518"
"47","HM486380","7.02222222222222","15.4093333333333","6.60888888888889","11.276","7.0037037037037","15.1608833333333","6.62055555555556","11.3294018518518"
"48","HM486381","7.01111111111111","15.3095777777778","6.61555555555556","11.3540222222222","6.99555555555556","15.1279925925926","6.61722222222222","11.3446592592593"
"49","JF819605","7.00666666666667","15.4384666666667","6.59111111111111","11.2829111111111","6.98592592592593","15.1635518518519","6.60222222222222","11.3265148148148"
"50","JF819615","7.02444444444444","15.4100222222222","6.61111111111111","11.2766888888889","7.00592592592593","15.1551148148148","6.62333333333333","11.3291888888889"
"51","JF819622","7.02666666666667","15.4172666666667","6.61333333333333","11.2839333333333","7.00814814814815","15.1593888888889","6.62555555555556","11.333462962963"
"52","JN974823","7.02444444444444","15.3292888888889","6.62666666666667","11.3515111111111","7.01555555555556","15.1727740740741","6.63407407407407","11.3579592592593"
"53","JN974824","7.02","15.3289555555556","6.62","11.3289555555556","7.01111111111111","15.1568185185185","6.62962962962963","11.3420037037037"
"54","JN974828","7.02444444444444","15.3589111111111","6.62222222222222","11.3366888888889","7.01259259259259","15.1582388888889","6.63055555555556","11.3378685185185"
"55","JN974829","7.02444444444444","15.3561777777778","6.62222222222222","11.3339555555556","7.01259259259259","15.1582388888889","6.63055555555556","11.3378685185185"
"56","JN974838","7.02","15.3442444444444","6.62","11.3442444444444","7.01111111111111","15.1728203703704","6.62962962962963","11.3580055555556"
"57","JN974842","7.02","15.292","6.62666666666667","11.3586666666667","7.01555555555556","15.1708296296296","6.63407407407407","11.3560148148148"
"58","JN974845","7.02888888888889","15.3476888888889","6.62888888888889","11.3476888888889","7.01555555555556","15.1727740740741","6.63407407407407","11.3579592592593"
"59","JN974854","7.02666666666667","15.4172666666667","6.61333333333333","11.2839333333333","7.00814814814815","15.1593888888889","6.62555555555556","11.333462962963"
"60","JN974870","7.03777777777778","15.4204444444444","6.62444444444444","11.2871111111111","7.01407407407407","15.15965","6.62944444444444","11.3133537037037"
"61","JN974871","7.02666666666667","15.3634888888889","6.62","11.2968222222222","7.00814814814815","15.1035111111111","6.63222222222222","11.3442518518519"
"62","JN974872","7.02888888888889","15.4072444444444","6.61777777777778","11.2961333333333","7.00814814814815","15.1593888888889","6.62555555555556","11.333462962963"
"63","JN974873","7.02222222222222","15.4193333333333","6.60666666666667","11.2637777777778","7.01037037037037","15.1858703703704","6.62407407407407","11.3229074074074"
"64","JQ970480","7.02888888888889","15.3471777777778","6.62888888888889","11.3471777777778","7.01555555555556","15.1727740740741","6.63407407407407","11.3579592592593"
"65","KT221107","7.03111111111111","15.4130666666667","6.62222222222222","11.3241777777778","7.01407407407407","15.1663407407407","6.63259259259259","11.3515259259259"
"66","KT894558","7.02","15.3456","6.61777777777778","11.3233777777778","7.01555555555556","15.1638351851852","6.63407407407407","11.3490203703704"
"67","KT894572","7.02","15.341","6.62","11.341","7.01555555555556","15.1576407407407","6.6362962962963","11.3650481481482"
"68","KT894573","7.02444444444444","15.3684222222222","6.62222222222222","11.3462","7.01555555555556","15.1727740740741","6.63407407407407","11.3579592592593"
"69","KT894577","7.02222222222222","15.4319777777778","6.61111111111111","11.3208666666667","7.00814814814815","15.1710425925926","6.625","11.3395611111111"
"70","KT894578","7.02222222222222","15.4319777777778","6.61111111111111","11.3208666666667","7.00814814814815","15.1710425925926","6.625","11.3395611111111"
"71","KX148264","7.02","15.3589333333333","6.61555555555556","11.3144888888889","7.01111111111111","15.1568185185185","6.62962962962963","11.3420037037037"
"72","KY451767","7.01555555555556","15.3169333333333","6.62","11.3613777777778","7.00888888888889","15.1702185185185","6.62740740740741","11.3554037037037"
"73","MG201879","7.01777777777778","15.3822","6.61333333333333","11.3377555555556","7.00592592592593","15.1556833333333","6.62388888888889","11.335312962963"
"74","MG201880","7.02","15.3944","6.61333333333333","11.3277333333333","7.00962962962963","15.1814240740741","6.62537037037037","11.3388314814815"
"75","MG201884","7.02444444444444","15.3589111111111","6.62222222222222","11.3366888888889","7.01259259259259","15.1582388888889","6.63055555555556","11.3378685185185"
"76","MG201919","7.02444444444444","15.3480888888889","6.62444444444444","11.3480888888889","7.01259259259259","15.1582388888889","6.63055555555556","11.3378685185185"
"77","MG201921","7.02666666666667","15.3512222222222","6.62444444444444","11.329","7.01481481481482","15.1564518518519","6.63277777777778","11.3360814814815"
"78","FJ598135","7.02888888888889","15.4014","6.62","11.3125111111111","7.01481481481482","15.1606240740741","6.63444444444445","11.3569203703704"
"79","FJ712195","7.02888888888889","15.4764222222222","6.61111111111111","11.2986444444444","7.01851851851852","15.2610777777778","6.6287037037037","11.3629296296296"
"80","FJ712196","7.02444444444444","15.3876444444444","6.61555555555556","11.2987555555556","7.01037037037037","15.1679166666667","6.62888888888889","11.3531018518519"
"81","GU647092","7.02888888888889","15.4254222222222","6.62","11.3365333333333","7.01481481481482","15.1838722222222","6.63333333333333","11.3690574074074"
"82","KF726852","7.01777777777778","15.3352","6.61555555555556","11.3129777777778","7.00814814814815","15.1607648148148","6.62666666666667","11.34595"
"83","KP319184","7.01777777777778","15.3352","6.61555555555556","11.3129777777778","7.00814814814815","15.1607648148148","6.62666666666667","11.34595"
"84","KP319185","7.02888888888889","15.4076444444444","6.62222222222222","11.3409777777778","7.01481481481482","15.1838722222222","6.63333333333333","11.3690574074074"
"85","KP319186","7.02222222222222","15.3345333333333","6.62444444444444","11.3567555555556","7.01185185185185","15.1832888888889","6.63037037037037","11.3684740740741"
"86","KP319187","7.03111111111111","15.4123555555556","6.62444444444444","11.3456888888889","7.01481481481482","15.1838722222222","6.63333333333333","11.3690574074074"
"87","KP319188","7.02222222222222","15.3345333333333","6.62444444444444","11.3567555555556","7.01185185185185","15.1832888888889","6.63037037037037","11.3684740740741"
"88","KP319189","7.03111111111111","15.4123555555556","6.62444444444444","11.3456888888889","7.01481481481482","15.1838722222222","6.63333333333333","11.3690574074074"
"89","KP319190","7.02888888888889","15.4254222222222","6.62","11.3365333333333","7.01481481481482","15.1838722222222","6.63333333333333","11.3690574074074"
"90","KP319191","7.02888888888889","15.4362444444444","6.61777777777778","11.3251333333333","7.01481481481482","15.1838722222222","6.63333333333333","11.3690574074074"
"91","KP319192","7.02888888888889","15.4254222222222","6.62","11.3365333333333","7.01481481481482","15.1838722222222","6.63333333333333","11.3690574074074"
"92","KP319193","7.02444444444444","15.4004222222222","6.61555555555556","11.3115333333333","7.01037037037037","15.1679166666667","6.62888888888889","11.3531018518519"
"93","KP319194","7.01555555555556","15.3484444444444","6.61333333333333","11.3262222222222","7.00592592592593","15.1714907407407","6.62444444444445","11.3566759259259"
"94","KP319195","7.01777777777778","15.3288","6.61777777777778","11.3288","7.00814814814815","15.1697037037037","6.62666666666667","11.3548888888889"
"95","KP319196","7.02222222222222","15.4023111111111","6.61333333333333","11.3134222222222","7.00814814814815","15.1697037037037","6.62666666666667","11.3548888888889"
"96","KP319197","7.02222222222222","15.4023111111111","6.61333333333333","11.3134222222222","7.00814814814815","15.1697037037037","6.62666666666667","11.3548888888889"
"97","KP319198","7.02222222222222","15.4023111111111","6.61333333333333","11.3134222222222","7.00814814814815","15.1697037037037","6.62666666666667","11.3548888888889"
"98","KP319199","7.02","15.3272222222222","6.62222222222222","11.3494444444444","7.00740740740741","15.1752925925926","6.62740740740741","11.3752925925926"
"99","KP319200","7.02222222222222","15.4023111111111","6.61333333333333","11.3134222222222","7.00814814814815","15.1697037037037","6.62666666666667","11.3548888888889"
"100","KP319201","7.02","15.3272222222222","6.62222222222222","11.3494444444444","7.00740740740741","15.1752925925926","6.62740740740741","11.3752925925926"
"101","KP319202","7.02222222222222","15.4023111111111","6.61333333333333","11.3134222222222","7.00814814814815","15.1697037037037","6.62666666666667","11.3548888888889"
"102","KP319203","7.02666666666667","15.4062222222222","6.61777777777778","11.3173333333333","7.00962962962963","15.1742777777778","6.62648148148148","11.3427962962963"
"103","KP319204","7.02666666666667","15.4098","6.61777777777778","11.3209111111111","7.00962962962963","15.1682462962963","6.62759259259259","11.3478759259259"
"104","KP319205","7.01333333333333","15.4265333333333","6.60222222222222","11.3154222222222","7.00074074074074","15.1721907407407","6.61981481481481","11.3629314814815"
"105","KP319206","7.02888888888889","15.4075333333333","6.62222222222222","11.3408666666667","7.01481481481482","15.1838722222222","6.63333333333333","11.3690574074074"
"106","KP319207","7.02888888888889","15.4075333333333","6.62222222222222","11.3408666666667","7.01481481481482","15.1838722222222","6.63333333333333","11.3690574074074"
"107","KP319208","7.02222222222222","15.4023111111111","6.61333333333333","11.3134222222222","7.00814814814815","15.1697037037037","6.62666666666667","11.3548888888889"
"108","KP319209","7.02222222222222","15.4023111111111","6.61333333333333","11.3134222222222","7.00814814814815","15.1697037037037","6.62666666666667","11.3548888888889"
"109","KP319210","7.02222222222222","15.4023111111111","6.61333333333333","11.3134222222222","7.00814814814815","15.1697037037037","6.62666666666667","11.3548888888889"
"110","KP319211","7.02222222222222","15.4023111111111","6.61333333333333","11.3134222222222","7.00814814814815","15.1697037037037","6.62666666666667","11.3548888888889"
"111","KP319212","7.02666666666667","15.4098","6.61777777777778","11.3209111111111","7.00962962962963","15.1682462962963","6.62759259259259","11.3478759259259"
"112","KP319213","7.02222222222222","15.4023111111111","6.61333333333333","11.3134222222222","7.00814814814815","15.1697037037037","6.62666666666667","11.3548888888889"
"113","AB519642","7.03555555555556","15.522","6.60666666666667","11.2331111111111","7.00518518518518","15.1424574074074","6.6212962962963","11.3035685185185"
"114","AF070449","7.03333333333333","15.4807777777778","6.61111111111111","11.2585555555556","7.00222222222222","15.1531166666667","6.61722222222222","11.3031166666667"
"115","AF351847","7.03555555555556","15.4713111111111","6.61111111111111","11.2268666666667","7.00074074074074","15.135912962963","6.61537037037037","11.2822092592593"
"116","AF351852","7.03777777777778","15.5330444444444","6.60888888888889","11.2441555555556","7.00518518518518","15.1505462962963","6.6212962962963","11.3116574074074"
"117","AY854587","7.02888888888889","15.4215777777778","6.61111111111111","11.2438","6.99333333333333","15.1110203703704","6.61203703703704","11.2980574074074"
"118","AY854592","7.04","15.4571555555556","6.62222222222222","11.2793777777778","7.00518518518518","15.132487037037","6.62203703703704","11.3010055555556"
"119","AY854594","7.04","15.4484222222222","6.62222222222222","11.2706444444444","7.00518518518518","15.132487037037","6.62203703703704","11.3010055555556"
"120","AY877433","7.03333333333333","15.4578444444444","6.60888888888889","11.2134","6.99037037037037","15.0886944444444","6.61018518518519","11.2868425925926"
"121","AY877434","7.03111111111111","15.4526444444444","6.61333333333333","11.2748666666667","7.00518518518518","15.137812962963","6.62351851851852","11.3211462962963"
"122","AY877435","7.03333333333333","15.4257555555556","6.62","11.2924222222222","7.0037037037037","15.1219203703704","6.62314814814815","11.3163648148148"
"123","GU592648","7.03555555555556","15.4940222222222","6.60888888888889","11.2273555555556","7.00518518518518","15.1399240740741","6.6212962962963","11.3010351851852"
"124","KF656696","7.04","15.4382222222222","6.62444444444444","11.2826666666667","7.00518518518518","15.132487037037","6.62203703703704","11.3010055555556"
"125","KF656697","7.04","15.4382222222222","6.62444444444444","11.2826666666667","7.00518518518518","15.132487037037","6.62203703703704","11.3010055555556"
"126","KF864234","7.02888888888889","15.4280888888889","6.61333333333333","11.2725333333333","7.00222222222222","15.1531166666667","6.61722222222222","11.3031166666667"
"127","KF864322","7.02888888888889","15.4374","6.61111111111111","11.2596222222222","7.00222222222222","15.1531166666667","6.61722222222222","11.3031166666667"
"128","KF864397","7.03111111111111","15.4296666666667","6.61555555555556","11.2741111111111","7.00666666666667","15.1700518518518","6.62018518518519","11.305237037037"
"129","KM594040","7.03777777777778","15.5072666666667","6.61333333333333","11.2628222222222","7.0037037037037","15.1320203703704","6.62092592592593","11.3042425925926"
"130","KM594041","7.03777777777778","15.4442444444444","6.61777777777778","11.2442444444444","7.00518518518518","15.1505462962963","6.6212962962963","11.3116574074074"
"131","KM594042","7.03777777777778","15.5072666666667","6.61333333333333","11.2628222222222","7.0037037037037","15.1320203703704","6.62092592592593","11.3042425925926"
"132","KP202393","7.03111111111111","15.3541111111111","6.62222222222222","11.2652222222222","7.0037037037037","15.0932314814815","6.62388888888889","11.2950833333333"
"133","KT023101","7.03555555555556","15.3943555555556","6.62222222222222","11.2610222222222","7.00962962962963","15.1585425925926","6.62425925925926","11.3048388888889"
"134","KU523255","7.03555555555556","15.3943555555556","6.62222222222222","11.2610222222222","7.00962962962963","15.1585425925926","6.62425925925926","11.3048388888889"
"135","MN968374","7.04444444444444","15.4371111111111","6.62888888888889","11.2815555555556","7.00518518518518","15.132487037037","6.62203703703704","11.3010055555556"
"136","MN968375","7.04","15.4193111111111","6.62666666666667","11.2859777777778","7.00518518518518","15.132487037037","6.62203703703704","11.3010055555556"
"137","MN968376","7.04","15.4193111111111","6.62666666666667","11.2859777777778","7.00518518518518","15.132487037037","6.62203703703704","11.3010055555556"
"138","MN968377","7.04","15.4513555555556","6.62222222222222","11.2735777777778","7.00518518518518","15.132487037037","6.62203703703704","11.3010055555556"
"139","MN968378","7.04","15.4513555555556","6.62222222222222","11.2735777777778","7.00518518518518","15.132487037037","6.62203703703704","11.3010055555556"
"140","MN968379","7.04","15.4513555555556","6.62222222222222","11.2735777777778","7.00518518518518","15.132487037037","6.62203703703704","11.3010055555556"
"141","MN968380","7.04","15.4513555555556","6.62222222222222","11.2735777777778","7.00518518518518","15.132487037037","6.62203703703704","11.3010055555556"
"142","MN968381","7.04","15.4513555555556","6.62222222222222","11.2735777777778","7.00518518518518","15.132487037037","6.62203703703704","11.3010055555556"
"143","MN968382","7.04","15.4513555555556","6.62222222222222","11.2735777777778","7.00518518518518","15.132487037037","6.62203703703704","11.3010055555556"
"144","MN968383","7.04","15.4513555555556","6.62222222222222","11.2735777777778","7.00518518518518","15.132487037037","6.62203703703704","11.3010055555556"
"145","MN968384","7.04","15.4513555555556","6.62222222222222","11.2735777777778","7.00518518518518","15.132487037037","6.62203703703704","11.3010055555556"
"146","MN968385","7.04","15.4513555555556","6.62222222222222","11.2735777777778","7.00518518518518","15.132487037037","6.62203703703704","11.3010055555556"
"147","MN968386","7.04","15.4513555555556","6.62222222222222","11.2735777777778","7.00518518518518","15.132487037037","6.62203703703704","11.3010055555556"
"148","MN968387","7.04","15.4193111111111","6.62666666666667","11.2859777777778","7.00518518518518","15.132487037037","6.62203703703704","11.3010055555556"
"149","MT891038","7.04","15.4951555555556","6.61555555555556","11.2507111111111","7.01259259259259","15.1715833333333","6.62611111111111","11.3067685185185"
"150","MW249020","7.03333333333333","15.4733333333333","6.61333333333333","11.2733333333333","7.00518518518518","15.1534240740741","6.6212962962963","11.3145351851852"
"151","MW249021","7.04","15.4951555555556","6.61555555555556","11.2507111111111","7.01259259259259","15.1715833333333","6.62611111111111","11.3067685185185"
"152","AB284509","7.01333333333333","15.4490666666667","6.59333333333333","11.2490666666667","7.0162962962963","15.1745481481481","6.63111111111111","11.3226962962963"
"153","AB284510","7.01333333333333","15.4490666666667","6.59333333333333","11.2490666666667","7.0162962962963","15.1745481481481","6.63111111111111","11.3226962962963"
"154","AB284511","7.01333333333333","15.4534222222222","6.59333333333333","11.2534222222222","7.0162962962963","15.1774259259259","6.63111111111111","11.3255740740741"
"155","AB284512","7.01333333333333","15.4490666666667","6.59333333333333","11.2490666666667","7.0162962962963","15.1745481481481","6.63111111111111","11.3226962962963"
"156","AB284513","7.01777777777778","15.4576","6.59777777777778","11.2576","7.0162962962963","15.1745481481481","6.63111111111111","11.3226962962963"
"157","AB284514","7.01777777777778","15.4852444444444","6.59333333333333","11.2408","7.0162962962963","15.1745481481481","6.63111111111111","11.3226962962963"
"158","AB285215","7.01333333333333","15.4490666666667","6.59333333333333","11.2490666666667","7.0162962962963","15.1745481481481","6.63111111111111","11.3226962962963"
"159","EU853582","7.00666666666667","15.3346666666667","6.60444444444444","11.3124444444444","7.01185185185185","15.1665518518519","6.62814814814815","11.3295148148148"
"160","EU853584","7.00888888888889","15.3333777777778","6.60222222222222","11.2667111111111","7.01481481481482","15.1586555555556","6.63074074074074","11.3179148148148"
"161","EU853585","7.00888888888889","15.3333777777778","6.60222222222222","11.2667111111111","7.01481481481482","15.1586555555556","6.63074074074074","11.3179148148148"
"162","EU853586","7.00888888888889","15.3458666666667","6.6","11.2569777777778","7.01481481481482","15.1586555555556","6.63074074074074","11.3179148148148"
"163","EU853587","7.00888888888889","15.3764666666667","6.59777777777778","11.2653555555555","7.0162962962963","15.1745481481481","6.63111111111111","11.3226962962963"
"164","EU853588","7.00888888888889","15.3764666666667","6.59777777777778","11.2653555555555","7.0162962962963","15.1745481481481","6.63111111111111","11.3226962962963"
"165","EU853589","7.00888888888889","15.3764666666667","6.59777777777778","11.2653555555555","7.0162962962963","15.1745481481481","6.63111111111111","11.3226962962963"
"166","EU853590","7.01111111111111","15.3703333333333","6.6","11.2592222222222","7.02074074074074","15.1825444444444","6.63407407407407","11.3158777777778"
"167","HM179504","7.00666666666667","15.4450222222222","6.58666666666667","11.2450222222222","7.01777777777778","15.2158481481481","6.62814814814815","11.3195518518519"
"168","HM179505","7.00666666666667","15.393","6.59555555555556","11.2818888888889","7.01333333333333","15.1822425925926","6.62814814814815","11.3303907407407"
"169","HM179506","7.01333333333333","15.3971777777778","6.6","11.2638444444444","7.02222222222222","15.1598388888889","6.63611111111111","11.2987277777778"
"170","KF155002","7.01111111111111","15.3553777777778","6.60666666666667","11.3109333333333","7.02074074074074","15.1825444444444","6.63407407407407","11.3158777777778"
"171","KR534217","7.01333333333333","15.3382666666667","6.61111111111111","11.3160444444444","7.01481481481482","15.1586555555556","6.63074074074074","11.3179148148148"
"172","KR534218","7.01333333333333","15.3350222222222","6.61111111111111","11.3128","7.01481481481482","15.1586555555556","6.63074074074074","11.3179148148148"
"173","KR534219","7.01111111111111","15.3555555555556","6.60444444444444","11.2888888888889","7.01703703703704","15.1602962962963","6.63296296296296","11.3195555555556"
"174","KR534220","7.01333333333333","15.3350222222222","6.61111111111111","11.3128","7.01481481481482","15.1586555555556","6.63074074074074","11.3179148148148"
"175","KR534228","7.01111111111111","15.3553555555556","6.60444444444444","11.2886888888889","7.01703703703704","15.1602962962963","6.63296296296296","11.3195555555556"
"176","KR534229","7.00888888888889","15.3488444444444","6.60444444444444","11.3044","7.0162962962963","15.1745481481481","6.63111111111111","11.3226962962963"
"177","KR534230","7.00666666666667","15.3303555555556","6.60222222222222","11.2859111111111","7.01703703703704","15.1513574074074","6.63296296296296","11.3106166666667"
"178","KR534231","7.01111111111111","15.3553555555556","6.60444444444444","11.2886888888889","7.01703703703704","15.1602962962963","6.63296296296296","11.3195555555556"
"179","KR534233","7.00888888888889","15.3698666666667","6.60222222222222","11.3032","7.0162962962963","15.1745481481481","6.63111111111111","11.3226962962963"
"180","KR534238","7.01111111111111","15.3553555555556","6.60444444444444","11.2886888888889","7.01703703703704","15.1602962962963","6.63296296296296","11.3195555555556"
"181","KR534244","7.00888888888889","15.3456","6.60444444444444","11.3011555555556","7.0162962962963","15.1745481481481","6.63111111111111","11.3226962962963"
"182","KR534247","7.00888888888889","15.3456","6.60444444444444","11.3011555555556","7.0162962962963","15.1745481481481","6.63111111111111","11.3226962962963"
"183","KR534249","7.00888888888889","15.3456","6.60444444444444","11.3011555555556","7.0162962962963","15.1745481481481","6.63111111111111","11.3226962962963"
"184","KR534250","7.00888888888889","15.3456","6.60444444444444","11.3011555555556","7.0162962962963","15.1745481481481","6.63111111111111","11.3226962962963"
"185","KR534251","7.01111111111111","15.3555555555556","6.60444444444444","11.2888888888889","7.01703703703704","15.1602962962963","6.63296296296296","11.3195555555556"
"186","KR534252","7.00666666666667","15.3115555555556","6.60666666666667","11.3115555555556","7.01703703703704","15.1631740740741","6.63296296296296","11.3224333333333"
"187","KR534253","7.00888888888889","15.3456","6.60444444444444","11.3011555555556","7.0162962962963","15.1745481481481","6.63111111111111","11.3226962962963"
"188","KR906734","7.01111111111111","15.3555555555556","6.60444444444444","11.2888888888889","7.01703703703704","15.1602962962963","6.63296296296296","11.3195555555556"
"189","KR906735","7.00888888888889","15.3201555555556","6.60666666666667","11.2979333333333","7.01481481481482","15.1586555555556","6.63074074074074","11.3179148148148"
"190","KR906736","7.00888888888889","15.3206222222222","6.60666666666667","11.2984","7.01481481481482","15.1586555555556","6.63074074074074","11.3179148148148"
"191","KR906739","7.00666666666667","15.3654222222222","6.59777777777778","11.2765333333333","7.01703703703704","15.1631740740741","6.63296296296296","11.3224333333333"
"192","KR906741","7.00888888888889","15.3463555555555","6.60444444444444","11.3019111111111","7.0162962962963","15.1745481481481","6.63111111111111","11.3226962962963"
"193","KR906742","7.00888888888889","15.3319111111111","6.60666666666667","11.3096888888889","7.0162962962963","15.1745481481481","6.63111111111111","11.3226962962963"
"194","KR906743","7.01111111111111","15.3553555555556","6.60444444444444","11.2886888888889","7.01703703703704","15.1602962962963","6.63296296296296","11.3195555555556"
"195","KR906744","7.00666666666667","15.3654222222222","6.59777777777778","11.2765333333333","7.01703703703704","15.1631740740741","6.63296296296296","11.3224333333333"
"196","KR906745","7.01333333333333","15.3804222222222","6.60444444444444","11.2915333333333","7.0162962962963","15.1745481481481","6.63111111111111","11.3226962962963"
"197","KR906746","7.00888888888889","15.3996444444444","6.59555555555556","11.2663111111111","7.02740740740741","15.1749055555556","6.64333333333333","11.3341648148148"
"198","KR906747","7.00888888888889","15.3996444444444","6.59555555555556","11.2663111111111","7.02740740740741","15.1749055555556","6.64333333333333","11.3341648148148"
"199","KR906748","7.00888888888889","15.4298666666667","6.59333333333333","11.2743111111111","7.01777777777778","15.1889740740741","6.6337037037037","11.3482333333333"
"200","KR906749","7.01333333333333","15.3781555555556","6.60444444444444","11.2892666666667","7.0162962962963","15.1745481481481","6.63111111111111","11.3226962962963"
"201","KR906750","7.00888888888889","15.3319111111111","6.60666666666667","11.3096888888889","7.0162962962963","15.1745481481481","6.63111111111111","11.3226962962963"
"202","KR906751","7.01111111111111","15.3930444444444","6.59777777777778","11.2597111111111","7.03185185185185","15.1829018518519","6.6462962962963","11.3273462962963"
"203","KR906752","7.00888888888889","15.4298666666667","6.59333333333333","11.2743111111111","7.01777777777778","15.1889740740741","6.6337037037037","11.3482333333333"
"204","KR906754","7.00888888888889","15.3319111111111","6.60666666666667","11.3096888888889","7.0162962962963","15.1745481481481","6.63111111111111","11.3226962962963"
"205","KR906755","7.00888888888889","15.3456","6.60444444444444","11.3011555555556","7.0162962962963","15.1745481481481","6.63111111111111","11.3226962962963"
"206","KR906756","7.00888888888889","15.3477111111111","6.60444444444444","11.3032666666667","7.0162962962963","15.1745481481481","6.63111111111111","11.3226962962963"
"207","KR906757","7.01333333333333","15.3707555555556","6.60222222222222","11.2596444444444","7.03037037037037","15.1764685185185","6.64481481481482","11.320912962963"
"208","KR906759","7.01111111111111","15.3387333333333","6.60666666666667","11.2942888888889","7.01703703703704","15.1602962962963","6.63296296296296","11.3195555555556"
"209","KR906760","7.00888888888889","15.3698666666667","6.60222222222222","11.3032","7.0162962962963","15.1745481481481","6.63111111111111","11.3226962962963"
"210","KR906762","7.01333333333333","15.3858666666667","6.60444444444444","11.2969777777778","7.0162962962963","15.1745481481481","6.63111111111111","11.3226962962963"
"211","KR906763","7.01111111111111","15.3187333333333","6.60888888888889","11.2965111111111","7.01703703703704","15.1568685185185","6.63296296296296","11.3161277777778"
"212","KR906765","7.00888888888889","15.3219111111111","6.60666666666667","11.2996888888889","7.01481481481482","15.1586555555556","6.63074074074074","11.3179148148148"
"213","KR906766","7.00888888888889","15.3206222222222","6.60666666666667","11.2984","7.01481481481482","15.1586555555556","6.63074074074074","11.3179148148148"
"214","KR906767","7.00888888888889","15.3458444444444","6.60444444444444","11.3014","7.0162962962963","15.1745481481481","6.63111111111111","11.3226962962963"
"215","KR906768","7.00888888888889","15.3319111111111","6.60666666666667","11.3096888888889","7.0162962962963","15.1745481481481","6.63111111111111","11.3226962962963"
"216","KR906770","7.01111111111111","15.3481555555556","6.60444444444444","11.2814888888889","7.01703703703704","15.1513574074074","6.63296296296296","11.3106166666667"
"217","KR906771","7.00888888888889","15.3456","6.60444444444444","11.3011555555556","7.0162962962963","15.1745481481481","6.63111111111111","11.3226962962963"
"218","KR906772","7.00888888888889","15.3698666666667","6.60222222222222","11.3032","7.0162962962963","15.1745481481481","6.63111111111111","11.3226962962963"
"219","KR906773","7.00888888888889","15.3456","6.60444444444444","11.3011555555556","7.0162962962963","15.1745481481481","6.63111111111111","11.3226962962963"
"220","KR906774","7.01111111111111","15.3555555555556","6.60444444444444","11.2888888888889","7.01703703703704","15.1602962962963","6.63296296296296","11.3195555555556"
"221","KR906776","7.01111111111111","15.3481555555556","6.60444444444444","11.2814888888889","7.01703703703704","15.1513574074074","6.63296296296296","11.3106166666667"
"222","KR906780","7.00888888888889","15.3456","6.60444444444444","11.3011555555556","7.0162962962963","15.1745481481481","6.63111111111111","11.3226962962963"
"223","KR906782","7.00888888888889","15.3456","6.60444444444444","11.3011555555556","7.0162962962963","15.1745481481481","6.63111111111111","11.3226962962963"
"224","KR906784","7.01111111111111","15.3481555555556","6.60444444444444","11.2814888888889","7.01703703703704","15.1513574074074","6.63296296296296","11.3106166666667"
"225","KR906789","7.01111111111111","15.3481555555556","6.60444444444444","11.2814888888889","7.01703703703704","15.1513574074074","6.63296296296296","11.3106166666667"
"226","KR906790","6.99777777777778","15.2724666666667","6.60222222222222","11.3169111111111","7.01703703703704","15.1631740740741","6.63296296296296","11.3224333333333"
"227","KR906792","7.00444444444444","15.3278","6.60222222222222","11.3055777777778","7.0162962962963","15.1745481481481","6.63111111111111","11.3226962962963"
"228","KT336432","7.01111111111111","15.3900888888889","6.6","11.2789777777778","7.01777777777778","15.1809814814815","6.63259259259259","11.3291296296296"
"229","KT336433","7.00666666666667","15.4171333333333","6.59111111111111","11.2615777777778","7.01777777777778","15.1809814814815","6.63259259259259","11.3291296296296"
"230","KT336434","7.00888888888889","15.4459555555556","6.59111111111111","11.2681777777778","7.01777777777778","15.1809814814815","6.63259259259259","11.3291296296296"
"231","KT336435","7.01111111111111","15.4794888888889","6.58666666666667","11.2350444444444","7.01777777777778","15.1809814814815","6.63259259259259","11.3291296296296"
"232","KT336436","7.00888888888889","15.3992444444444","6.59555555555556","11.2659111111111","7.01777777777778","15.1809814814815","6.63259259259259","11.3291296296296"
"233","KT336437","7.00666666666667","15.4611777777778","6.58222222222222","11.2167333333333","7.01333333333333","15.1650259259259","6.62814814814815","11.3131740740741"
"234","KX148203","7.00666666666667","15.4237555555556","6.59111111111111","11.2682","7.01777777777778","15.1809814814815","6.63259259259259","11.3291296296296"
"235","KX148204","7.00666666666667","15.3856666666667","6.59777777777778","11.2967777777778","7.01777777777778","15.1711259259259","6.63481481481481","11.3414962962963"
"236","KX148205","7.00666666666667","15.3346666666667","6.60444444444444","11.3124444444444","7.01185185185185","15.1665518518519","6.62814814814815","11.3295148148148"
"237","KX148206","7.00888888888889","15.3355777777778","6.60444444444444","11.2911333333333","7.01703703703704","15.1631740740741","6.63296296296296","11.3224333333333"
"238","KX148208","7.01555555555556","15.3724222222222","6.60666666666667","11.2835333333333","7.02296296296296","15.1739203703704","6.63777777777778","11.3220685185185"
"239","KY210222","7.01333333333333","15.3382666666667","6.61111111111111","11.3160444444444","7.01481481481482","15.1586555555556","6.63074074074074","11.3179148148148"
"240","KY210223","7.01111111111111","15.3555555555556","6.60444444444444","11.2888888888889","7.01703703703704","15.1602962962963","6.63296296296296","11.3195555555556"
"241","KY210224","7.00888888888889","15.3456","6.60444444444444","11.3011555555556","7.0162962962963","15.1745481481481","6.63111111111111","11.3226962962963"
"242","KY210226","7.00888888888889","15.3456","6.60444444444444","11.3011555555556","7.0162962962963","15.1745481481481","6.63111111111111","11.3226962962963"
"243","KY210227","7.01111111111111","15.3481555555556","6.60444444444444","11.2814888888889","7.01703703703704","15.1513574074074","6.63296296296296","11.3106166666667"
"244","KY210229","7.00888888888889","15.3456","6.60444444444444","11.3011555555556","7.0162962962963","15.1745481481481","6.63111111111111","11.3226962962963"
"245","KY210231","7.00888888888889","15.3456","6.60444444444444","11.3011555555556","7.0162962962963","15.1745481481481","6.63111111111111","11.3226962962963"
"246","KY210232","7.00888888888889","15.3456","6.60444444444444","11.3011555555556","7.0162962962963","15.1745481481481","6.63111111111111","11.3226962962963"
"247","KY210234","7.00888888888889","15.3456","6.60444444444444","11.3011555555556","7.0162962962963","15.1745481481481","6.63111111111111","11.3226962962963"
"248","KY210235","7.00888888888889","15.3456","6.60444444444444","11.3011555555556","7.0162962962963","15.1745481481481","6.63111111111111","11.3226962962963"
"249","KY210238","7.00888888888889","15.3456","6.60444444444444","11.3011555555556","7.0162962962963","15.1745481481481","6.63111111111111","11.3226962962963"
"250","KY210239","7.00888888888889","15.3456","6.60444444444444","11.3011555555556","7.0162962962963","15.1745481481481","6.63111111111111","11.3226962962963"
"251","KY210243","7.00888888888889","15.3278222222222","6.60666666666667","11.3056","7.0162962962963","15.1745481481481","6.63111111111111","11.3226962962963"
"252","KY210244","7.00888888888889","15.3456","6.60444444444444","11.3011555555556","7.0162962962963","15.1745481481481","6.63111111111111","11.3226962962963"
"253","KY210245","6.99777777777778","15.2724666666667","6.60222222222222","11.3169111111111","7.01703703703704","15.1631740740741","6.63296296296296","11.3224333333333"
"254","KY210247","7.00888888888889","15.3331111111111","6.60666666666667","11.3108888888889","7.0162962962963","15.1745481481481","6.63111111111111","11.3226962962963"
"255","KY210248","7.00888888888889","15.3456","6.60444444444444","11.3011555555556","7.0162962962963","15.1745481481481","6.63111111111111","11.3226962962963"
"256","KY210249","7.00888888888889","15.3456","6.60444444444444","11.3011555555556","7.0162962962963","15.1745481481481","6.63111111111111","11.3226962962963"
"257","KY210250","7.00888888888889","15.3456","6.60444444444444","11.3011555555556","7.0162962962963","15.1745481481481","6.63111111111111","11.3226962962963"
"258","KY210251","7.00888888888889","15.3456","6.60444444444444","11.3011555555556","7.0162962962963","15.1745481481481","6.63111111111111","11.3226962962963"
"259","KY210252","6.99777777777778","15.2724666666667","6.60222222222222","11.3169111111111","7.01703703703704","15.1631740740741","6.63296296296296","11.3224333333333"
"260","KY210253","7.01111111111111","15.3557333333333","6.60222222222222","11.2668444444444","7.01703703703704","15.1513574074074","6.63296296296296","11.3106166666667"
"261","KY210254","7.01111111111111","15.3557333333333","6.60222222222222","11.2668444444444","7.01703703703704","15.1513574074074","6.63296296296296","11.3106166666667"
"262","KY210255","7.01111111111111","15.3557333333333","6.60222222222222","11.2668444444444","7.01703703703704","15.1513574074074","6.63296296296296","11.3106166666667"
"263","KY210256","7.01111111111111","15.3557333333333","6.60222222222222","11.2668444444444","7.01703703703704","15.1513574074074","6.63296296296296","11.3106166666667"
"264","KY210257","7.01111111111111","15.3481555555556","6.60444444444444","11.2814888888889","7.01703703703704","15.1513574074074","6.63296296296296","11.3106166666667"
"265","KY210258","7.00888888888889","15.3456","6.60444444444444","11.3011555555556","7.0162962962963","15.1745481481481","6.63111111111111","11.3226962962963"
"266","KY210260","7.00888888888889","15.3456","6.60444444444444","11.3011555555556","7.0162962962963","15.1745481481481","6.63111111111111","11.3226962962963"
"267","KY210263","7.00222222222222","15.2902666666667","6.60444444444444","11.3124888888889","7.01703703703704","15.1631740740741","6.63296296296296","11.3224333333333"
"268","KY210264","7.01111111111111","15.3476444444444","6.60444444444444","11.2809777777778","7.01703703703704","15.1513574074074","6.63296296296296","11.3106166666667"
"269","KY210265","7.00888888888889","15.3456","6.60444444444444","11.3011555555556","7.0162962962963","15.1745481481481","6.63111111111111","11.3226962962963"
"270","KY210266","7.01111111111111","15.3557333333333","6.60222222222222","11.2668444444444","7.01703703703704","15.1513574074074","6.63296296296296","11.3106166666667"
"271","KY210267","7.00888888888889","15.3477111111111","6.60444444444444","11.3032666666667","7.0162962962963","15.1745481481481","6.63111111111111","11.3226962962963"
"272","KY210269","7.01111111111111","15.3481555555556","6.60444444444444","11.2814888888889","7.01703703703704","15.1513574074074","6.63296296296296","11.3106166666667"
"273","KY210270","7.01111111111111","15.3481555555556","6.60444444444444","11.2814888888889","7.01703703703704","15.1513574074074","6.63296296296296","11.3106166666667"
"274","KY210271","7.00888888888889","15.3456","6.60444444444444","11.3011555555556","7.0162962962963","15.1745481481481","6.63111111111111","11.3226962962963"
"275","KY210272","7.00888888888889","15.3456","6.60444444444444","11.3011555555556","7.0162962962963","15.1745481481481","6.63111111111111","11.3226962962963"
"276","KY210273","7.00888888888889","15.3456","6.60444444444444","11.3011555555556","7.0162962962963","15.1745481481481","6.63111111111111","11.3226962962963"
"277","KY210278","7.00888888888889","15.3456","6.60444444444444","11.3011555555556","7.0162962962963","15.1745481481481","6.63111111111111","11.3226962962963"
"278","KY210279","7.00888888888889","15.3473333333333","6.60222222222222","11.2806666666667","7.01703703703704","15.1500592592593","6.63314814814815","11.3111703703704"
"279","KY210280","7.01111111111111","15.3555555555556","6.60444444444444","11.2888888888889","7.01703703703704","15.1602962962963","6.63296296296296","11.3195555555556"
"280","KY210281","7.01111111111111","15.3555555555556","6.60444444444444","11.2888888888889","7.01703703703704","15.1602962962963","6.63296296296296","11.3195555555556"
"281","KY210282","7.01111111111111","15.3555555555556","6.60444444444444","11.2888888888889","7.01703703703704","15.1602962962963","6.63296296296296","11.3195555555556"
"282","KY210286","7.00888888888889","15.3456","6.60444444444444","11.3011555555556","7.0162962962963","15.1745481481481","6.63111111111111","11.3226962962963"
"283","KY210287","7.00888888888889","15.3456","6.60444444444444","11.3011555555556","7.0162962962963","15.1745481481481","6.63111111111111","11.3226962962963"
"284","KY210288","7.00888888888889","15.3456","6.60444444444444","11.3011555555556","7.0162962962963","15.1745481481481","6.63111111111111","11.3226962962963"
"285","KY210289","7.00888888888889","15.3456","6.60444444444444","11.3011555555556","7.0162962962963","15.1745481481481","6.63111111111111","11.3226962962963"
"286","KY210290","7.00888888888889","15.3456","6.60444444444444","11.3011555555556","7.0162962962963","15.1745481481481","6.63111111111111","11.3226962962963"
"287","KY210292","7.00888888888889","15.3456","6.60444444444444","11.3011555555556","7.0162962962963","15.1745481481481","6.63111111111111","11.3226962962963"
"288","KY210293","7.00888888888889","15.3456","6.60444444444444","11.3011555555556","7.0162962962963","15.1745481481481","6.63111111111111","11.3226962962963"
"289","KY210294","7.01111111111111","15.3481555555556","6.60444444444444","11.2814888888889","7.01703703703704","15.1513574074074","6.63296296296296","11.3106166666667"
"290","KY210295","7.00888888888889","15.3456","6.60444444444444","11.3011555555556","7.0162962962963","15.1745481481481","6.63111111111111","11.3226962962963"
"291","KY210296","7.00888888888889","15.3456","6.60444444444444","11.3011555555556","7.0162962962963","15.1745481481481","6.63111111111111","11.3226962962963"
"292","KY210299","7.00888888888889","15.3456","6.60444444444444","11.3011555555556","7.0162962962963","15.1745481481481","6.63111111111111","11.3226962962963"
"293","KY210300","7.00888888888889","15.3456","6.60444444444444","11.3011555555556","7.0162962962963","15.1745481481481","6.63111111111111","11.3226962962963"
"294","KY210303","7.00888888888889","15.3456","6.60444444444444","11.3011555555556","7.0162962962963","15.1745481481481","6.63111111111111","11.3226962962963"
"295","KY210304","7.01111111111111","15.3481555555556","6.60444444444444","11.2814888888889","7.01703703703704","15.1513574074074","6.63296296296296","11.3106166666667"
"296","KY210307","7.00888888888889","15.3456","6.60444444444444","11.3011555555556","7.0162962962963","15.1745481481481","6.63111111111111","11.3226962962963"
"297","KY210311","7.00222222222222","15.2902666666667","6.60444444444444","11.3124888888889","7.01703703703704","15.1631740740741","6.63296296296296","11.3224333333333"
"298","KY563717","7","15.3883111111111","6.58666666666667","11.2549777777778","7.01333333333333","15.1596148148148","6.62814814814815","11.307762962963"
"299","LC029890","7.01555555555556","15.4002666666667","6.60444444444444","11.2891555555556","7.02444444444444","15.1953240740741","6.63814814814815","11.3323611111111"
"300","MN726804","7.01111111111111","15.3419333333333","6.60666666666667","11.2974888888889","7.02074074074074","15.1825444444444","6.63407407407407","11.3158777777778"
"301","MN726826","7.01333333333333","15.3783111111111","6.60444444444444","11.2894222222222","7.0162962962963","15.1745481481481","6.63111111111111","11.3226962962963"
"302","MN726827","7.01333333333333","15.3742222222222","6.60444444444444","11.2853333333333","7.0162962962963","15.1745481481481","6.63111111111111","11.3226962962963"
"303","MT454631","7.01111111111111","15.3900888888889","6.6","11.2789777777778","7.01777777777778","15.1809814814815","6.63259259259259","11.3291296296296"
"304","MT454634","7.01111111111111","15.3900888888889","6.6","11.2789777777778","7.01777777777778","15.1809814814815","6.63259259259259","11.3291296296296"
"305","MT454635","7.01111111111111","15.3895777777778","6.6","11.2784666666667","7.01777777777778","15.1809814814815","6.63259259259259","11.3291296296296"
"306","MT454636","7.01111111111111","15.3900888888889","6.6","11.2789777777778","7.01777777777778","15.1809814814815","6.63259259259259","11.3291296296296"
"307","MT454637","7.01111111111111","15.3900888888889","6.6","11.2789777777778","7.01777777777778","15.1809814814815","6.63259259259259","11.3291296296296"
"308","MT454639","7.01111111111111","15.3900888888889","6.6","11.2789777777778","7.01777777777778","15.1809814814815","6.63259259259259","11.3291296296296"
"309","MT454641","7.01111111111111","15.3900888888889","6.6","11.2789777777778","7.01777777777778","15.1809814814815","6.63259259259259","11.3291296296296"
"310","MT454643","7.00666666666667","15.3494888888889","6.6","11.2828222222222","7.02","15.1656925925926","6.63555555555556","11.3212481481481"
"311","MT454644","7.00888888888889","15.4161333333333","6.59333333333333","11.2605777777778","7.01925925925926","15.1719777777778","6.63518518518519","11.331237037037"
"312","MT454645","7.00666666666667","15.3494888888889","6.6","11.2828222222222","7.02","15.1656925925926","6.63555555555556","11.3212481481481"
"313","AF351828","7.02888888888889","15.4099111111111","6.61333333333333","11.2543555555556","7.00444444444444","15.100637037037","6.62740740740741","11.3302666666667"
"314","AF351831","7.02222222222222","15.3764222222222","6.61333333333333","11.2875333333333","6.99777777777778","15.1239592592593","6.61851851851852","11.3313666666667"
"315","AF351832","7.03777777777778","15.4555777777778","6.61777777777778","11.2555777777778","7.00740740740741","15.1320759259259","6.62814814814815","11.3394833333333"
"316","AF351833","7.02888888888889","15.4458222222222","6.61111111111111","11.2680444444444","7","15.1297722222222","6.62074074074074","11.3371796296296"
"317","AF351855","7.02666666666667","15.3893333333333","6.61333333333333","11.256","6.99555555555556","15.0848203703704","6.62185185185185","11.3477833333333"
"318","AF351861","7.03333333333333","15.4255111111111","6.61555555555556","11.2477333333333","7.00666666666667","15.1142444444444","6.62740740740741","11.3216518518519"
"319","AF351862","7.03111111111111","15.4556666666667","6.61111111111111","11.2556666666667","7.00740740740741","15.1206722222222","6.62925925925926","11.3391907407407"
"320","AY039227","7.02888888888889","15.3822444444444","6.62","11.2933555555556","7.00148148148148","15.1209092592593","6.62333333333333","11.3394277777778"
"321","AY039228","7.02666666666667","15.4239555555556","6.61111111111111","11.2684","7.00296296296296","15.1116018518519","6.62703703703704","11.3523425925926"
"322","AY039229","7.03111111111111","15.4424222222222","6.61333333333333","11.2646444444444","7.00740740740741","15.1226166666667","6.62925925925926","11.3411351851852"
"323","GU644652","7.02666666666667","15.3842222222222","6.61555555555556","11.2731111111111","7.00740740740741","15.1009444444444","6.63148148148148","11.3416851851852"
"324","GU644654","7.02666666666667","15.4270444444444","6.61111111111111","11.2714888888889","7.00296296296296","15.1116018518519","6.62703703703704","11.3523425925926"
"325","GU644655","7.02666666666667","15.4239555555556","6.61111111111111","11.2684","7.00296296296296","15.1116018518519","6.62703703703704","11.3523425925926"
"326","GU644656","7.02666666666667","15.4239555555556","6.61111111111111","11.2684","7.00296296296296","15.1116018518519","6.62703703703704","11.3523425925926"
"327","GU644657","7.02666666666667","15.4310444444444","6.60888888888889","11.2532666666667","7.00074074074074","15.1032796296296","6.62333333333333","11.3292055555556"
"328","GU644658","7.02666666666667","15.4310444444444","6.60888888888889","11.2532666666667","7.00074074074074","15.1032796296296","6.62333333333333","11.3292055555556"
"329","GU644659","7.03555555555556","15.4643555555556","6.61555555555556","11.2643555555556","7.00740740740741","15.1098833333333","6.63148148148148","11.3506240740741"
"330","GU644660","7.03111111111111","15.4238888888889","6.61555555555556","11.2683333333333","7.00740740740741","15.1098833333333","6.63148148148148","11.3506240740741"
"331","GU644661","7.03555555555556","15.4594666666667","6.61555555555556","11.2594666666667","7.00740740740741","15.1098833333333","6.63148148148148","11.3506240740741"
"332","GU644662","7.03111111111111","15.4238888888889","6.61555555555556","11.2683333333333","7.00740740740741","15.1098833333333","6.63148148148148","11.3506240740741"
"333","GU644663","7.03111111111111","15.4451777777778","6.61555555555556","11.2896222222222","7.00740740740741","15.1365388888889","6.6287037037037","11.3495018518518"
"334","GU644664","7.03111111111111","15.3913333333333","6.62","11.2802222222222","7.00740740740741","15.1098833333333","6.63148148148148","11.3506240740741"
"335","GU644665","7.03333333333333","15.4231777777778","6.61777777777778","11.2676222222222","7.00962962962963","15.1141574074074","6.6337037037037","11.3548981481482"
"336","GU644666","7.03111111111111","15.4072666666667","6.61777777777778","11.2739333333333","7.00740740740741","15.1098833333333","6.63148148148148","11.3506240740741"
"337","GU644667","7.03111111111111","15.4379555555556","6.61333333333333","11.2601777777778","7.00740740740741","15.1098833333333","6.63148148148148","11.3506240740741"
"338","GU644668","7.03555555555556","15.4600666666667","6.61555555555556","11.2600666666667","7.00740740740741","15.1098833333333","6.63148148148148","11.3506240740741"
"339","GU644669","7.03111111111111","15.4347111111111","6.61333333333333","11.2569333333333","7.00740740740741","15.1098833333333","6.63148148148148","11.3506240740741"
"340","GU644670","7.03111111111111","15.4512222222222","6.61111111111111","11.2512222222222","7.00740740740741","15.1098833333333","6.63148148148148","11.3506240740741"
"341","GU644671","7.03111111111111","15.4547555555556","6.61111111111111","11.2547555555556","7.00740740740741","15.1098833333333","6.63148148148148","11.3506240740741"
"342","GU644676","7.03111111111111","15.4694222222222","6.60888888888889","11.2472","7.00740740740741","15.1226166666667","6.62925925925926","11.3411351851852"
"343","GU644677","7.03111111111111","15.4387111111111","6.61333333333333","11.2609333333333","7.00740740740741","15.1226166666667","6.62925925925926","11.3411351851852"
"344","GU644684","7.02888888888889","15.4245111111111","6.61333333333333","11.2689555555556","7.00296296296296","15.1116018518519","6.62703703703704","11.3523425925926"
"345","GU644689","7.02888888888889","15.4195333333333","6.61333333333333","11.2639777777778","7.00296296296296","15.1087240740741","6.62703703703704","11.3494648148148"
"346","GU644690","7.02888888888889","15.4195333333333","6.61333333333333","11.2639777777778","7.00296296296296","15.1087240740741","6.62703703703704","11.3494648148148"
"347","GU644695","7.02888888888889","15.4195333333333","6.61333333333333","11.2639777777778","7.00296296296296","15.1087240740741","6.62703703703704","11.3494648148148"
"348","JQ685925","7.02888888888889","15.4195333333333","6.61333333333333","11.2639777777778","7.00296296296296","15.1087240740741","6.62703703703704","11.3494648148148"
"349","AF351845","7.04","15.4180666666667","6.62444444444444","11.2625111111111","6.99407407407407","15.1130981481481","6.61277777777778","11.3001351851852"
"350","AF351846","7.03111111111111","15.3888444444444","6.62","11.2777333333333","6.98740740740741","15.1166037037037","6.60611111111111","11.3036407407407"
"351","AF351858","7.03111111111111","15.4057333333333","6.61777777777778","11.2724","6.98666666666667","15.1179185185185","6.60314814814815","11.2827333333333"
"352","AF394883","7.03555555555556","15.3799111111111","6.62444444444444","11.2688","6.99407407407407","15.1130981481481","6.61277777777778","11.3001351851852"
"353","AF394884","7.04","15.3878","6.62888888888889","11.2766888888889","6.99407407407407","15.1130981481481","6.61277777777778","11.3001351851852"
"354","GU644712","7.04","15.3873333333333","6.62888888888889","11.2762222222222","6.99407407407407","15.1130981481481","6.61277777777778","11.3001351851852"
"355","GU644713","7.04","15.3896888888889","6.62888888888889","11.2785777777778","6.99111111111111","15.1156685185185","6.6087037037037","11.2915944444444"
"356","GU644714","7.04","15.3878444444444","6.62888888888889","11.2767333333333","6.99407407407407","15.1130981481481","6.61277777777778","11.3001351851852"
"357","GU644715","7.04","15.3873333333333","6.62888888888889","11.2762222222222","6.99407407407407","15.1130981481481","6.61277777777778","11.3001351851852"
"358","GU644716","7.04","15.3862444444444","6.62888888888889","11.2751333333333","6.99407407407407","15.1102203703704","6.61277777777778","11.2972574074074"
"359","GU644717","7.04444444444444","15.4051333333333","6.63111111111111","11.2718","6.99407407407407","15.1130981481481","6.61277777777778","11.3001351851852"
"360","GU644718","7.04444444444444","15.4235111111111","6.62888888888889","11.2679555555556","6.99407407407407","15.1130981481481","6.61277777777778","11.3001351851852"
"361","GU644719","7.04","15.3878","6.62888888888889","11.2766888888889","6.99407407407407","15.1130981481481","6.61277777777778","11.3001351851852"
"362","GU644720","7.04","15.3878","6.62888888888889","11.2766888888889","6.99407407407407","15.1130981481481","6.61277777777778","11.3001351851852"
"363","GU644721","7.04","15.4037555555556","6.62666666666667","11.2704222222222","6.99407407407407","15.1130981481481","6.61277777777778","11.3001351851852"
"364","JQ685947","7.04","15.3873333333333","6.62888888888889","11.2762222222222","6.99407407407407","15.1130981481481","6.61277777777778","11.3001351851852"
"365","AY854505","7.01111111111111","15.4856","6.58666666666667","11.2411555555556","7.00962962962963","15.1715611111111","6.62592592592593","11.3345240740741"
"366","AY854525","7.01111111111111","15.4835555555556","6.58666666666667","11.2391111111111","7.00962962962963","15.1686833333333","6.62592592592593","11.3316462962963"
"367","AY854531","7.00444444444444","15.4939777777778","6.58","11.2495333333333","7.00296296296296","15.1557722222222","6.62185185185185","11.3446611111111"
"368","AY854544","7.00666666666667","15.4973111111111","6.58","11.2306444444444","7.00740740740741","15.1589","6.62518518518518","11.3366777777778"
"369","AY854546","7.00666666666667","15.4975111111111","6.58","11.2308444444444","7.00740740740741","15.1589","6.62518518518518","11.3366777777778"
"370","AY854558","7.00666666666667","15.4205555555556","6.59333333333333","11.2872222222222","7.00740740740741","15.1490444444444","6.62740740740741","11.3490444444444"
"371","AY854567","7.00444444444444","15.4489777777778","6.58444444444444","11.2489777777778","7.01185185185185","15.1681314814815","6.62833333333333","11.3329462962963"
"372","AY854573","7.00666666666667","15.4311333333333","6.58888888888889","11.2533555555555","7.01185185185185","15.1681314814815","6.62833333333333","11.3329462962963"
"373","AY854576","7.00888888888889","15.5490888888889","6.57555555555556","11.2157555555556","7.01185185185185","15.1694296296296","6.62814814814815","11.3323925925926"
"374","EU345002","7.01111111111111","15.2426","6.61777777777778","11.3092666666667","7.01185185185185","15.2154351851852","6.62481481481482","11.3450648148148"
"375","EU345003","7.02666666666667","15.2338888888889","6.63333333333333","11.3005555555556","7.01111111111111","15.103387037037","6.63314814814815","11.3237574074074"
"376","EU345004","7.02","15.2915777777778","6.62","11.2915777777778","7.01185185185185","15.2078407407407","6.62314814814815","11.3208037037037"
"377","JQ685938","7.03555555555556","15.2681111111111","6.63777777777778","11.2903333333333","7.01555555555556","15.2119537037037","6.62685185185185","11.3249166666667"
"378","JQ685968","7.03555555555556","15.2891333333333","6.63333333333333","11.2669111111111","7.01555555555556","15.2119537037037","6.62685185185185","11.3249166666667"
"379","MW055084","7.02222222222222","15.2872666666667","6.62222222222222","11.2872666666667","7.01703703703704","15.2095444444444","6.62944444444444","11.3336185185185"
"380","MW055085","7.01555555555556","15.2511777777778","6.62","11.2956222222222","7.01481481481482","15.2052703703704","6.62722222222222","11.3293444444444"
"381","MW055086","7.03333333333333","15.2891333333333","6.63333333333333","11.2891333333333","7.01111111111111","15.2039574074074","6.62388888888889","11.3317351851852"
"382","MW055087","7.04","15.2904888888889","6.64","11.2904888888889","7.01703703703704","15.2104962962963","6.62777777777778","11.3179037037037"
"383","AF351849","7.04222222222222","15.3974444444444","6.63333333333333","11.3085555555556","7.00518518518518","15.1128240740741","6.62796296296296","11.3406018518518"
"384","AF394876","7.03555555555556","15.3813333333333","6.62888888888889","11.3146666666667","7.00296296296296","15.1120777777778","6.62574074074074","11.3398555555556"
"385","GU644760","7.04222222222222","15.3772666666667","6.63333333333333","11.2883777777778","7.01185185185185","15.0915648148148","6.63537037037037","11.32675"
"386","GU644761","7.03777777777778","15.4084","6.62666666666667","11.2972888888889","7.00518518518518","15.1254240740741","6.62574074074074","11.3309796296296"
"387","GU644762","7.04222222222222","15.4372666666667","6.62666666666667","11.2817111111111","7.00518518518518","15.1230240740741","6.62574074074074","11.3285796296296"
"388","GU644763","7.04222222222222","15.4093111111111","6.62888888888889","11.2759777777778","7.01185185185185","15.0915648148148","6.63537037037037","11.32675"
"389","GU644764","7.04444444444444","15.4255111111111","6.63111111111111","11.2921777777778","7.00518518518518","15.1230240740741","6.62574074074074","11.3285796296296"
"390","GU644765","7.04222222222222","15.4120444444444","6.63111111111111","11.3009333333333","7.00518518518518","15.1102907407407","6.62796296296296","11.3380685185185"
"391","GU644766","7.04222222222222","15.4293111111111","6.62888888888889","11.2959777777778","7.00518518518518","15.1102907407407","6.62796296296296","11.3380685185185"
"392","GU644767","7.04666666666667","15.4073777777778","6.63333333333333","11.2740444444444","7.00888888888889","15.0941351851852","6.6312962962963","11.3182092592593"
"393","GU644768","7.04222222222222","15.4115333333333","6.63111111111111","11.3004222222222","7.00518518518518","15.1102907407407","6.62796296296296","11.3380685185185"
"394","GU644769","7.04","15.3771555555556","6.63111111111111","11.2882666666667","7.00740740740741","15.0835685185185","6.63240740740741","11.3335685185185"
"395","GU644770","7.03777777777778","15.3812444444444","6.63111111111111","11.3145777777778","7.00518518518518","15.1102907407407","6.62796296296296","11.3380685185185"
"396","GU644771","7.03777777777778","15.3939333333333","6.62888888888889","11.3050444444444","7.00518518518518","15.1102907407407","6.62796296296296","11.3380685185185"
"397","GU644772","7.04","15.3929777777778","6.63333333333333","11.3263111111111","7.00074074074074","15.0990518518519","6.62518518518518","11.3434962962963"
"398","GU644773","7.04666666666667","15.4058888888889","6.63333333333333","11.2725555555556","7.01185185185185","15.0915648148148","6.63537037037037","11.32675"
"399","GU644774","7.04222222222222","15.4115333333333","6.63111111111111","11.3004222222222","7.00518518518518","15.1102907407407","6.62796296296296","11.3380685185185"
"400","GU644775","7.04666666666667","15.3858222222222","6.63777777777778","11.2969333333333","7.00592592592593","15.0771351851852","6.63092592592593","11.3271351851852"
"401","GU644776","7.04222222222222","15.4120444444444","6.63111111111111","11.3009333333333","7.00518518518518","15.1102907407407","6.62796296296296","11.3380685185185"
"402","GU644777","7.04222222222222","15.4115333333333","6.63111111111111","11.3004222222222","7.00518518518518","15.1102907407407","6.62796296296296","11.3380685185185"
"403","GU644778","7.04222222222222","15.3949111111111","6.63333333333333","11.3060222222222","7.00518518518518","15.1102907407407","6.62796296296296","11.3380685185185"
"404","GU644779","7.04222222222222","15.4281555555556","6.62888888888889","11.2948222222222","7.00518518518518","15.1102907407407","6.62796296296296","11.3380685185185"
"405","GU644780","7.04222222222222","15.4117333333333","6.63111111111111","11.3006222222222","7.00518518518518","15.1102907407407","6.62796296296296","11.3380685185185"
"406","GU644781","7.04","15.4201333333333","6.62888888888889","11.3090222222222","7.00666666666667","15.1167240740741","6.62944444444444","11.3445018518518"
"407","GU644782","7.03777777777778","15.4088666666667","6.62666666666667","11.2977555555556","7.00518518518518","15.1254240740741","6.62574074074074","11.3309796296296"
"408","GU644783","7.03777777777778","15.4088666666667","6.62666666666667","11.2977555555556","7.00518518518518","15.1254240740741","6.62574074074074","11.3309796296296"
"409","GU644784","7.04666666666667","15.4341555555556","6.63333333333333","11.3008222222222","7.00666666666667","15.1239666666667","6.62666666666667","11.3239666666667"
"410","GU644785","7.04444444444444","15.4304666666667","6.63111111111111","11.2971333333333","7.00518518518518","15.1102907407407","6.62796296296296","11.3380685185185"
"411","GU644786","7.03777777777778","15.4077777777778","6.62666666666667","11.2966666666667","7.00518518518518","15.1254240740741","6.62574074074074","11.3309796296296"
"412","GU644787","7.03777777777778","15.3995555555556","6.62444444444444","11.2662222222222","7.00740740740741","15.0836981481481","6.63092592592593","11.3188833333333"
"413","GU644788","7.04222222222222","15.3924","6.63111111111111","11.2812888888889","7.01185185185185","15.1066981481481","6.63314814814815","11.3196611111111"
"414","JQ685905","7.03777777777778","15.3937333333333","6.62888888888889","11.3048444444444","7.00518518518518","15.1102907407407","6.62796296296296","11.3380685185185"
"415","AY352488","7.00444444444444","15.4023111111111","6.59555555555556","11.3134222222222","6.9962962962963","15.1348555555556","6.61314814814815","11.3033740740741"
"416","AY352501","7.00444444444444","15.3619777777778","6.6","11.3175333333333","6.9962962962963","15.1348555555556","6.61314814814815","11.3033740740741"
"417","KX954123","7.00444444444444","15.4011333333333","6.59555555555556","11.3122444444444","6.9962962962963","15.1348555555556","6.61314814814815","11.3033740740741"
"418","LT598537","7.00444444444444","15.3815333333333","6.59777777777778","11.3148666666667","6.9962962962963","15.1348555555556","6.61314814814815","11.3033740740741"
"419","LT598538","7.00222222222222","15.3484222222222","6.59777777777778","11.3039777777778","6.9962962962963","15.1348555555556","6.61314814814815","11.3033740740741"
"420","LT598539","7.00222222222222","15.3498888888889","6.59777777777778","11.3054444444444","6.99333333333333","15.1374259259259","6.60907407407407","11.2948333333333"
"421","LT598540","7.00222222222222","15.3481555555556","6.59777777777778","11.3037111111111","6.9962962962963","15.1348555555556","6.61314814814815","11.3033740740741"
"422","LT598541","7.00222222222222","15.3505333333333","6.59777777777778","11.3060888888889","6.9962962962963","15.1348555555556","6.61314814814815","11.3033740740741"
"423","LT598542","7.00222222222222","15.3481555555556","6.59777777777778","11.3037111111111","6.9962962962963","15.1348555555556","6.61314814814815","11.3033740740741"
"424","LT598543","7.00666666666667","15.4086444444444","6.59555555555556","11.2975333333333","7.00074074074074","15.1428518518518","6.61611111111111","11.2965555555556"
"425","LT909550","7.00444444444444","15.4023111111111","6.59555555555556","11.3134222222222","6.9962962962963","15.1348555555556","6.61314814814815","11.3033740740741"
"426","MN384717","7","15.3745777777778","6.59555555555556","11.3301333333333","6.9962962962963","15.1437944444444","6.61314814814815","11.312312962963"
"427","AY352487","7.00444444444444","15.3978","6.59555555555556","11.3089111111111","6.9962962962963","15.1319777777778","6.61314814814815","11.3004962962963"
"428","EF611828","7.00888888888889","15.4401333333333","6.59555555555556","11.3068","6.9962962962963","15.1348555555556","6.61314814814815","11.3033740740741"
"429","EF611830","7.00444444444444","15.3914888888889","6.59777777777778","11.3248222222222","6.9962962962963","15.1348555555556","6.61314814814815","11.3033740740741"
"430","EF611851","7.00222222222222","15.3589777777778","6.59555555555556","11.2923111111111","6.9962962962963","15.1348555555556","6.61314814814815","11.3033740740741"
"431","L20675","7.00444444444444","15.3665555555556","6.6","11.3221111111111","6.99481481481482","15.102762962963","6.615","11.3046148148148"
"432","gannoruwa_outgroup","7.04","15.2452888888889","6.64666666666667","11.3119555555556","7.01925925925926","15.0371018518519","6.64685185185185","11.3130277777778"
