acc	CpGpos1	CpGpos1_low95CI	CpGpos1_high95CI	CpGpos2	CpGpos2_low95CI	CpGpos2_high95CI	CpGbridge	CpGbridge_low95CI	CpGbridge_high95CI
DQ666289	0.3043478260869566	0.38503244208585374	0.7593153840011029	0.1044972095368306	0.1176469739132526	0.27284654224475313	0.125785565	0.1556501840030723	0.3161264413414416
DQ666290	0.30434782608695654	0.3494693707117342	0.7783567162447877	0.10183987103027928	0.11841377834259992	0.27570723756224264	0.1271112592863164	0.16201902349007324	0.32280826960178516
DQ866105	0.30434782608695654	0.36377277482284387	0.7762272251771567	0.1028746460352399	0.12364417474829165	0.2613214998893623	0.13542624024873728	0.14726606378510682	0.3249477393847832
DQ866106	0.3043478260869566	0.3688140950636043	0.771185905	0.10526315789473684	0.12365069865511144	0.25769192150999953	0.12317411047799498	0.162212805	0.3105870017820281
DQ866108	0.30434782608695654	0.3850483736315386	0.8001690176728098	0.10571703194622328	0.11368952075534991	0.27492774693103805	0.12582283258958477	0.1679060179293328	0.32181149261422093
DQ866109	0.3043478260869566	0.3554058716219973	0.7845941283780032	0.10571854033829106	0.1228214757277348	0.27184234629418647	0.12567445931406462	0.16495781512706614	0.31885588224689526
DQ866110	0.30434782608695654	0.3913361914175329	0.7625768520607286	0.095130137	0.12319005310793893	0.2705012342772929	0.13947056741275174	0.16458697142486683	0.30403156776342166
DQ866112	0.30434782608695654	0.36951069248748364	0.7670110466429516	0.10572243474014013	0.120750215	0.2660340100611768	0.11739652807584054	0.17287820944953314	0.3047545936762994
DQ866116	0.3043478260869566	0.3738785254481286	0.7722084310736114	0.095128833	0.11943492963190999	0.2757046363765581	0.13584153945000726	0.15851225312982847	0.30685466864961813
DQ866119	0.3043478260869566	0.3692671490866478	0.7994285030872658	0.10571952193803237	0.12295901164223666	0.27440374162700015	0.1332276574483571	0.15544165474978905	0.3117409303940333
EU086182	0.30434782608695654	0.3834898087737657	0.7765101912262351	0.095134721	0.11990351687902681	0.26188438474218934	0.1399505016076644	0.1566053221379901	0.31877965824638343
EU086183	0.3043478260869566	0.3783434780322623	0.7633956524025209	0.094024573	0.12619960865741975	0.2603717342266186	0.1369071153079244	0.16360241804537745	0.317640025
EU159386	0.30434782608695654	0.38886737056819276	0.7676543685622422	0.095134721	0.11395000758451046	0.2672506194546519	0.1399505016076644	0.1739483997956691	0.2967131668539503
EU828653	0.30434782608695654	0.3533640287382127	0.7683751016965703	0.10257756347318897	0.1188698192836343	0.25966460160842053	0.14303707311887942	0.1549021173150006	0.31170904891808954
FJ561726	0.3043478260869566	0.3893949439736042	0.7549528821133527	0.10139014659460586	0.12426425313517779	0.27022332318995945	0.14242572957691962	0.15824274297764218	0.3083033944724728
FJ561727	0.27272727272727265	0.3752875836430116	0.7919851436297158	0.1092325462631877	0.12609300147000782	0.27376181202028815	0.14312695293644764	0.1661985732534936	0.31612296505820703
FJ561728	0.3043478260869566	0.37434472431202426	0.7786987539488449	0.10257075560091448	0.1247956723949741	0.27010304362066706	0.15707362807172257	0.15404502249843655	0.3174414583596047
FJ866829	0.30434782608695654	0.40485537703754193	0.78470984	0.10922236654441311	0.11805826101901218	0.27119931385872287	0.15654053448535837	0.16236080792325797	0.31966018998537943
FJ866830	0.27272727272727276	0.39941908559967165	0.772399096	0.10795625369382386	0.13123321025589446	0.2808152915805859	0.1564217128367806	0.15376944725963396	0.3254112152108303
FJ866831	0.30434782608695654	0.3749200489123513	0.7633408206528663	0.10138995940535792	0.12864964854638286	0.26676521083256877	0.14360422343606755	0.1618000557486649	0.32026749222320966
GQ472468	0.2916666666666667	0.3705931511826785	0.7777401821506547	0.1057207551129631	0.12218957994146849	0.2619728223586941	0.12491601429650386	0.1548386077087069	0.31893533353854864
GQ472470	0.30434782608695654	0.3691892168131964	0.7760281744911522	0.10108398408477544	0.12726593183512436	0.269600895	0.12720870635324563	0.14790288096529014	0.3298658738141007
GQ472473	0.3043478260869565	0.3292948562502678	0.8237486220106023	0.098350445	0.11685958627508412	0.25892114618199896	0.12697325537935086	0.16481226678482452	0.3019661818150866
GQ472477	0.3181818181818182	0.36741495817745917	0.8125850418225405	0.10571757967009335	0.12043472177390009	0.2646833765059895	0.12703251777212138	0.1632707431522631	0.3184118227358512
GU358653	0.30434782608695654	0.39397022714114716	0.7999428163371132	0.095136785	0.12508897262974603	0.25754831533102873	0.1450104568509511	0.17626531351830965	0.3084485608409281
HM486355	0.30434782608695654	0.36439031050926574	0.7547401242733432	0.13506959623148163	0.11460005857924527	0.2774933783477147	0.12233933083285171	0.15317811329028452	0.30128839539388635
HM486356	0.30434782608695654	0.36213159999330513	0.7822162260936519	0.13604411244490958	0.13770029843954756	0.2590110682192524	0.1222556447068414	0.15027037634548907	0.29881722105526787
HM486357	0.30434782608695654	0.3887625957572637	0.7512374042427369	0.13506959623148163	0.12246787076915591	0.26566460635850264	0.12233933083285171	0.15479086134718972	0.3044537133332466
HM486358	0.30434782608695654	0.37298327795366226	0.7765819394376424	0.13506959623148163	0.12685578967864808	0.28503795987201813	0.12233933083285171	0.147571691	0.29281115356476456
HM486359	0.30434782608695654	0.3465952220450532	0.7829699953462519	0.13506959623148163	0.1169682794774832	0.26482044845375374	0.12233933083285171	0.15867785245787625	0.2990667353512977
HM486361	0.30434782608695654	0.4127904241375224	0.7246008802103043	0.13506959623148163	0.13019152911439869	0.26585768968058027	0.12233933083285171	0.15509865605457573	0.3012039577993969
HM486362	0.30434782608695654	0.36869049709298884	0.7800051550809249	0.13506959623148163	0.12573746201394326	0.2746624270288405	0.12233933083285171	0.15986638109784643	0.30609495192106495
HM486364	0.30434782608695654	0.38902986097784154	0.7492310085873763	0.13506959623148163	0.12290469838395675	0.27058983070118114	0.12233933083285171	0.15467142235067372	0.3032403033764391
HM486365	0.30434782608695654	0.3590402435491096	0.7844380173204559	0.13506959623148163	0.12577012713181832	0.2631740443292214	0.12233933083285171	0.14828780488673504	0.3048050250310352
HM486366	0.30434782608695654	0.3350000407184586	0.7528260462380636	0.13506959623148163	0.12108406760781121	0.2701873191232026	0.12233933083285171	0.1515250657780135	0.30969556718558944
HM486367	0.30434782608695654	0.35514841933008023	0.7361559284960075	0.13506959623148163	0.13168257550565493	0.26768522010232354	0.12233933083285171	0.15423719718719237	0.3103463041747894
HM486368	0.30434782608695654	0.4070344618137238	0.7607916251427984	0.10571948586167657	0.13946629356236317	0.25606975371876045	0.12240030469083679	0.1530578534358392	0.3168659568419566
HM486369	0.3043478260869566	0.3763374529960495	0.7627929817865595	0.13567301457093336	0.13766651142104952	0.2587660417257795	0.1220706391162971	0.1579322563679078	0.3077075954858414
HM486370	0.30434782608695654	0.3602705262472913	0.7571207781005346	0.13506959623148163	0.12522973076803293	0.2728733190339909	0.12233933083285171	0.1557654862682181	0.3124980094305503
HM486371	0.30434782608695654	0.3763831986455966	0.7592689752674473	0.13506959623148163	0.12513999022965258	0.26873907137270614	0.12233933083285171	0.15024828816782315	0.3082058494815941
HM486372	0.30434782608695654	0.4055498156036108	0.776189315	0.13506959623148163	0.12617082980371847	0.2592343657428971	0.12233933083285171	0.16170851572871112	0.31126936622393686
HM486373	0.30434782608695654	0.3842603809693111	0.7644352712046028	0.13506959623148163	0.1297548554581402	0.27231433207446776	0.12233933083285171	0.1527235136994703	0.31209634530235186
HM486374	0.30434782608695654	0.35134734247677096	0.7634352662188804	0.13505027442223705	0.12429010952812729	0.2731346915899502	0.12232561375701453	0.15418971156210648	0.3125833255866314
HM486375	0.30434782608695654	0.3860186961367583	0.7652856516893288	0.13505027442223705	0.14284978286745148	0.27183329687010666	0.12232561375701453	0.15388218591872205	0.3090125129219315
HM486379	0.30434782608695654	0.36581692938246335	0.7872265488784067	0.13506696938936238	0.12244004942430668	0.2722536871094012	0.12234809248209277	0.16095436862955328	0.31324269435977803
HM486380	0.30434782608695654	0.36411452222001184	0.762842	0.13506696938936238	0.13172245799013765	0.2736994610790963	0.12234809248209277	0.15121669556334494	0.2994413783785692
HM486381	0.2916666666666667	0.38069701296236164	0.7634696537043051	0.10181433177603554	0.127084006	0.2506772212298359	0.1393129193721823	0.1661465827153057	0.29842600474432746
JF819605	0.30434782608695654	0.39657030174566776	0.7842992634717242	0.13410073446643192	0.12952970007142375	0.2729995890514253	0.12250417620506826	0.1563632786851244	0.29341160072795647
JF819615	0.3043478260869566	0.37232465159369443	0.7755014353628276	0.13408908185701532	0.14020239163504628	0.27420266476036464	0.12240885465991916	0.1537942578140455	0.3078148657728676
JF819622	0.30434782608695654	0.38386020777102814	0.760487618	0.13506959623148163	0.11606345507099246	0.26828514050136776	0.12233933083285171	0.14297744405718554	0.31064581857813484
JN974823	0.3043478260869565	0.377413785	0.7878036059532283	0.10332804978006406	0.13566817720134478	0.252958403	0.12171652976516864	0.1674366696403609	0.3098549958612615
JN974824	0.3043478260869565	0.3908090217251491	0.7778866304487645	0.095121699	0.11689495330636708	0.2748561003516141	0.14951669743457344	0.1668565351180591	0.2926056419446985
JN974828	0.30434782608695654	0.41155328937019353	0.7745336671515463	0.10571881408825957	0.10742501243895643	0.2670031344631345	0.12706235848834108	0.1622160448974969	0.32437384
JN974829	0.30434782608695654	0.3581009397431032	0.7992903646047229	0.098351824	0.12207341871634228	0.25727607816343356	0.12706235848834108	0.1671191871117175	0.3133095658644287
JN974838	0.30434782608695654	0.36736091953076455	0.7726390804692358	0.10256492841156736	0.11756766275637011	0.26945027833590945	0.14337469459413968	0.15616840308901525	0.32110914713450384
JN974842	0.30434782608695654	0.34344231929107405	0.8035142024480564	0.10333598156687841	0.1239837099308082	0.26863381343350984	0.12297397729198935	0.16443427178118647	0.3291830163034182
JN974845	0.30434782608695654	0.3846677185223337	0.7796801075646234	0.10333004838272848	0.12987195060361345	0.26615043414594486	0.12170803379126785	0.1657484621913238	0.29983259761377656
JN974854	0.30434782608695654	0.3545546792007702	0.7454453207992299	0.13506959623148163	0.12698230380423106	0.2689176238103175	0.12233933083285171	0.16395333332634676	0.3001421488321229
JN974870	0.27272727272727276	0.3826454969509113	0.7609908666854518	0.13350517505642776	0.12616522158374166	0.2729692939736464	0.12423964587406758	0.1506538277609571	0.31023650186738516
JN974871	0.3043478260869565	0.37658300359614233	0.7747213442299443	0.13508411267477136	0.1248666908682114	0.2562587457210624	0.13377447192101022	0.1662901891483914	0.3015947680285672
JN974872	0.30434782608695654	0.3644950458700485	0.782461476	0.13508621784169883	0.12227364229955871	0.2822139247886128	0.12236186471522541	0.16247181550056566	0.2991868710273663
JN974873	0.36363636363636365	0.380033315	0.7926939573355346	0.13512783844975393	0.12439310048332149	0.27011857565136166	0.12358045407712648	0.16240490637327476	0.306184286
JQ970480	0.3043478260869565	0.3643083916907762	0.7696046517874836	0.10332804978006406	0.12310025928142754	0.27755999813300225	0.12171652976516864	0.15516525582879373	0.3051603316874425
KT221107	0.30434782608695654	0.3412844921149758	0.794367682	0.10456627902472533	0.11903600741790303	0.2626173179301741	0.1308660025607231	0.16408521026772588	0.31301999539621195
KT894558	0.30434782608695654	0.34997811184005834	0.7908914533773327	0.1069786675430926	0.13116330183682048	0.27247786386631745	0.12180742235966559	0.16085176712950106	0.32744069190256336
KT894572	0.30434782608695654	0.37003917454849555	0.7951782167558533	0.10777562976265503	0.12662644192468098	0.2754319381898919	0.13487815067154152	0.1696045509301301	0.31209207932977834
KT894573	0.3043478260869566	0.3468003393125809	0.7575474867743761	0.10030272517797341	0.12334466877815008	0.27201471366265767	0.11701118350690036	0.15700591237337086	0.31728731615895234
KT894577	0.3043478260869566	0.3562380211332308	0.7941967614754655	0.11744908542158185	0.12356737467455747	0.26906330004405343	0.11800686673092467	0.1666179060108336	0.3425805507485009
KT894578	0.30434782608695654	0.3907544152446306	0.7675064543205873	0.11744759957663597	0.11578579453456272	0.2700216864324717	0.11807076445929429	0.16535661894932607	0.3138713246138183
KX148264	0.30434782608695654	0.34742917880462076	0.8273534298910311	0.095136785	0.11859554581727061	0.2780518709110516	0.14939213712260216	0.16119195323333013	0.3191174656956996
KY451767	0.3043478260869565	0.3697316952428725	0.7885291743223449	0.10998254903003256	0.12932795295479232	0.2745553257009201	0.12174982030451417	0.1524932679642922	0.3219731238243532
MG201879	0.30434782608695654	0.36808619997819136	0.7719138000218085	0.11225581560653904	0.1316233611815663	0.26417670044010366	0.1270338405747967	0.16359120267245708	0.3215796177444091
MG201880	0.3043478260869565	0.37381512127880345	0.7957500961125012	0.09792686	0.1158146163111043	0.265959184	0.12697325537935086	0.16155292673506266	0.32651994058369405
MG201884	0.30434782608695654	0.3770645967288249	0.7716310554450883	0.10571881408825957	0.13078372015305717	0.2667552260505601	0.11759930068932498	0.1576442928379465	0.3092352896133055
MG201919	0.30434782608695654	0.34828641729630894	0.769974452	0.10571887325468333	0.12689089274443055	0.26519420056464876	0.12714079751221424	0.1661992466231036	0.31371285672590254
MG201921	0.30434782608695654	0.3631303104563153	0.8177392547610767	0.086657392	0.12166362313563218	0.25843862122951883	0.13462393711933823	0.17220276341176313	0.3162588842246181
FJ598135	0.3043478260869565	0.3259144723869303	0.7949550928304614	0.09400171	0.1267497695928338	0.2699383347125755	0.13231498147238566	0.15933483865118825	0.3137258270889219
FJ712195	0.30434782608695654	0.34553056736944854	0.7683824761088122	0.071096477	0.12696259004107896	0.2722546369394752	0.14244227552984418	0.15592594859851616	0.3127268933657978
FJ712196	0.30434782608695654	0.3842501400759425	0.7600976860110137	0.079290163	0.12797859862920752	0.26721122332431213	0.13388138770270247	0.15550755153607326	0.3047645851034057
GU647092	0.30434782608695654	0.3934076718124413	0.781374937	0.094684767	0.12311445754024533	0.2553589818572227	0.1316149087537935	0.16110539774384636	0.3133469089146177
KF726852	0.30434782608695654	0.38688256411283634	0.7757261315393378	0.086021825	0.12214523572732494	0.26898359197553007	0.13697722375700522	0.16004013416276933	0.3139813385748085
KP319184	0.30434782608695654	0.3393440797760865	0.7823950506586961	0.086021825	0.1358955428635048	0.2718105617763484	0.13697722375700522	0.160996832	0.30952319119425714
KP319185	0.30434782608695654	0.37796554050755415	0.7602953290576626	0.094686106	0.12514909536910784	0.26128614756118096	0.13177989398101206	0.16629499923293495	0.2947503883487133
KP319186	0.3043478260869566	0.38589152506701396	0.7949780401503773	0.093593331	0.11756528892490549	0.2795280550451121	0.13642362043832143	0.15821617096210958	0.31727438007089626
KP319187	0.3043478260869566	0.3764906207272183	0.7800311184032174	0.087294835	0.12381796352156596	0.2646610988710081	0.13177009546158738	0.1731931477791035	0.31113095392241763
KP319188	0.3043478260869565	0.3663032037493527	0.7693489701636909	0.093594922	0.12524909428758968	0.26749224097866237	0.13649549193416685	0.16526564975200236	0.32442541972012884
KP319189	0.3043478260869566	0.37358087273368107	0.8038104316141454	0.087294835	0.11560455089439754	0.2722520148545654	0.13177009546158738	0.15942915894520493	0.3148877605683227
KP319190	0.30434782608695654	0.3827230224218392	0.7659726297520741	0.094683248	0.11955721951080188	0.26328680055730164	0.13153934647656723	0.16450719092525806	0.3048738089545392
KP319191	0.30434782608695654	0.35900764734613905	0.7522967004799481	0.094686363	0.11189699608749779	0.27455633458634254	0.13159967314820356	0.1608836973549237	0.30986135625690225
KP319192	0.30434782608695654	0.36098126892245874	0.7885839484688455	0.094684767	0.12180859186706408	0.27294519943956974	0.1316149087537935	0.1566471308470497	0.30859249051493887
KP319193	0.3043478260869565	0.369815283	0.7910542821805377	0.086649437	0.11460872443810209	0.26374731564971177	0.13113786934690352	0.15411139902193824	0.30533394369139555
KP319194	0.3043478260869566	0.38174652722720503	0.7939056466858391	0.086653838	0.12456516975369215	0.27406206291953883	0.13558693481824616	0.16596112478782404	0.3175295239225186
KP319195	0.3043478260869565	0.39451625589153394	0.7846141788910749	0.086654361	0.12150024263477477	0.26531268552696347	0.13691740518863835	0.16455610486446304	0.30800797746083697
KP319196	0.30434782608695654	0.37104639543184814	0.7619970828290219	0.086650599	0.12732224518961843	0.2625384784684421	0.13659626034969166	0.15553444896227236	0.3143567878015616
KP319197	0.30434782608695654	0.41504188084038923	0.78669725	0.086650599	0.11109587381875997	0.2642055440939846	0.13659626034969166	0.172201247	0.3073945803121576
KP319198	0.30434782608695654	0.3411753772519375	0.8031724488350194	0.086650599	0.11762432564022074	0.2721836675407725	0.13659626034969166	0.16631007509566936	0.30247432270258556
KP319199	0.2916666666666667	0.3772812634068405	0.7810520699264931	0.093600803	0.12369115035278117	0.27542862057623546	0.1298715376801514	0.16326411394462645	0.30739505810122236
KP319200	0.30434782608695654	0.34802484813247375	0.7719751518675264	0.086650599	0.13890712815580816	0.25972605908952295	0.13659626034969166	0.16390564886435643	0.3089845987875026
KP319201	0.2916666666666667	0.35128264855880376	0.7570506847745287	0.093599097	0.13416358494164948	0.25943967982829413	0.12057498428148906	0.15281255624554096	0.3002845335702607
KP319202	0.30434782608695654	0.35354960685135617	0.7934069148877749	0.086650599	0.12219806375167955	0.2706612211118423	0.13659626034969166	0.16517985239327698	0.29438154469340944
KP319203	0.3043478260869565	0.4195459113986011	0.7474106103405298	0.085654636	0.11914601982067322	0.26011565218362065	0.12761548430883843	0.15823725630539637	0.3083514394652752
KP319204	0.30434782608695654	0.34728949588310115	0.797927895	0.085649058	0.12204360101353476	0.2622293826377481	0.13134320255935172	0.1578234210540449	0.3111848886147797
KP319205	0.3043478260869566	0.3856194974195778	0.7839457199717269	0.097229701	0.11591962936704234	0.2685762207852308	0.13192332204071075	0.16699572365639287	0.30703134251351627
KP319206	0.3043478260869566	0.3658457444328175	0.7898064294802266	0.087283798	0.1245598150540133	0.263252577	0.12227109219762897	0.15856490308413115	0.3032289580747226
KP319207	0.30434782608695654	0.37078302836045174	0.7544343629438967	0.094685603	0.11728363399908363	0.2738859507368257	0.12228518262183326	0.15634404523676945	0.308508157
KP319208	0.30434782608695654	0.3864279843299282	0.7596589721918111	0.086650599	0.11690310473304856	0.2613218201273724	0.13659626034969166	0.15816364302244457	0.3115017683237386
KP319209	0.30434782608695654	0.35869770981794347	0.770867508	0.086650599	0.1213134583326777	0.25153191538248687	0.13659626034969166	0.16537584561994434	0.3149281450198554
KP319210	0.30434782608695654	0.3259612109810733	0.8070822672797973	0.086650599	0.12256905306425371	0.2520093326286897	0.13659626034969166	0.14704383309327274	0.30071450106052505
KP319211	0.30434782608695654	0.3687503966534027	0.7782061250857284	0.086650599	0.12353948126589558	0.2567878986285042	0.13659626034969166	0.1563540192140768	0.31600964473217497
KP319212	0.30434782608695654	0.3400964022113898	0.7877296847451326	0.085649058	0.12071925196170563	0.27276033039252445	0.13134320255935172	0.16887731170860043	0.3179848472378196
KP319213	0.30434782608695654	0.4044695495735868	0.7850956678177179	0.086650599	0.11953068399559683	0.2700560319005244	0.13659626034969166	0.1579516110198696	0.3171882173578725
AB519642	0.25	0.347481418	0.7900185819395409	0.084385392	0.11842935398791146	0.2631627741513307	0.11602199347053069	0.14602771156476924	0.3185614405603397
AF070449	0.25	0.34335767370834025	0.7733089929583264	0.10453544188638927	0.1289812405296656	0.27098551721269276	0.097586392	0.13866885218987404	0.2988951340492553
AF351847	0.26086956521739124	0.32411957920713785	0.7454456381841668	0.10157337720405786	0.13084105465909576	0.25677891553981835	0.13533793947378672	0.15275961596595794	0.3030021763039136
AF351852	0.25	0.3426766803804121	0.7689899862862543	0.11013475425403114	0.12812295019167766	0.2831102732701338	0.099204844	0.1420141187375144	0.2843095522686748
AY854587	0.19999999999999998	0.3868367133280244	0.7235632866719759	0.096840854	0.1274096348784417	0.2705158754278382	0.13416404494340187	0.1422345114246415	0.29435699707212154
AY854592	0.21739130434782608	0.34359621816256813	0.7737950861852579	0.1120458013430941	0.1210325366719766	0.27815331749104005	0.087672502	0.168080662	0.2919183533341801
AY854594	0.21739130434782603	0.36287681153298623	0.7527753623800567	0.1006467495705183	0.12737122970504788	0.26034315186059037	0.092139376	0.15453192355485185	0.3062827930827627
AY877433	0.24	0.35446644441278713	0.7783335555872133	0.11260875045892667	0.13624449833408783	0.26177942134612064	0.10989089816892353	0.15884126036798185	0.290041207
AY877434	0.25	0.3671262424256644	0.762040424	0.10301318883732387	0.12017637156199665	0.28250978927931325	0.099392983	0.13622581992384747	0.29988476553601584
AY877435	0.25	0.3706138605260427	0.7502194728072904	0.091926672	0.1217927129971616	0.27523271898754165	0.096999306	0.15025342761170024	0.3063028932256954
GU592648	0.25	0.320909592	0.7924237417009735	0.07290955	0.1170561327280162	0.2745351085769286	0.1075812669619168	0.14568588912633346	0.2992701573718206
KF656696	0.21739130434782608	0.3496985228200738	0.7198666945712315	0.079428855	0.12734788641728212	0.2706959959310191	0.087720491	0.14352979466432386	0.2927230874718195
KF656697	0.21739130434782608	0.3635487521237883	0.7190599435283853	0.079428855	0.12811478155462525	0.265969059	0.087720491	0.1524394781024843	0.30423924
KF864234	0.25	0.37549173458804425	0.7536749320786225	0.11155321344523933	0.12981073280534977	0.27329142600201645	0.097563189	0.1437689281875545	0.30642291562142554
KF864322	0.29166666666666674	0.34384904289677215	0.7444842904365614	0.11157823248631177	0.12158859435827037	0.2748720447685016	0.10203988411652416	0.14093521	0.2965829108073854
KF864397	0.2608695652173913	0.34973574957545933	0.7641772939028018	0.11235417194375862	0.12248631173705425	0.2734703586158432	0.08116125	0.14739807055224458	0.2994891440406399
KM594040	0.25	0.37210403099123174	0.766229302	0.1133222451252064	0.12546913897380413	0.27460277537927336	0.11941076535300321	0.1478634351694212	0.2961893437410648
KM594041	0.29166666666666674	0.37636910383717814	0.7669642294961552	0.070116563	0.13195304982919015	0.26993250127143487	0.080770464	0.14526473830722264	0.2960698763543763
KM594042	0.25	0.37406418422099463	0.737602482	0.11333342250928005	0.13614457446147993	0.26705970739233426	0.11223211429953496	0.1551065679243605	0.28768576663164397
KP202393	0.2608695652173913	0.3419174530733642	0.7537347208396796	0.091940667	0.1379790872918124	0.26957021263854064	0.096789405	0.14574942387162576	0.2862567499498924
KT023101	0.30434782608695654	0.361448538	0.7594210270140949	0.070112762	0.12167888337615282	0.2780732562063988	0.097209289	0.14335173126085532	0.29049855605080543
KU523255	0.30434782608695654	0.3444264422222409	0.7512257316908031	0.070112762	0.11764970224951043	0.2802302308884153	0.097209289	0.138932106	0.2943878456097217
MN968374	0.21739130434782605	0.3595246209611478	0.7543884225171134	0.093660372	0.13392065391690816	0.26268189897983096	0.110649034	0.15701092387574148	0.3107462901866369
MN968375	0.21739130434782608	0.3769006097596014	0.7761428685012691	0.093665069	0.13526049830582246	0.26101214960728836	0.11066985099567742	0.1489954264674694	0.3089606939807066
MN968376	0.21739130434782608	0.36066464983625657	0.8089005675550481	0.093665069	0.12606453846290777	0.2624083993824687	0.11066985099567742	0.1671659737605215	0.3143119050043746
MN968377	0.21739130434782605	0.3576211032680089	0.7954223749928598	0.0936309	0.13142415345191027	0.27174905052245385	0.11059998320041062	0.1630315197253917	0.309481017
MN968378	0.21739130434782605	0.3489505068928811	0.7997451452810318	0.0936309	0.12313256927512002	0.2757347124739949	0.11059998320041062	0.14998830962553378	0.3170870993295424
MN968379	0.21739130434782605	0.38185227799596744	0.7511912002649022	0.0936309	0.1193341072401673	0.2732394123953742	0.11059998320041062	0.16485569079100704	0.30858769980696504
MN968380	0.21739130434782605	0.369415532	0.8071062069651838	0.0936309	0.12719099114638865	0.27850609929381315	0.11059998320041062	0.14997370888883083	0.3189127536801096
MN968381	0.21739130434782605	0.3719200111938598	0.7602539018496179	0.0936309	0.12331572378191707	0.26591548102460877	0.11059998320041062	0.16925442442020672	0.2943007580535593
MN968382	0.21739130434782605	0.37604636009158193	0.7709101616475478	0.0936309	0.12384346328349678	0.2603592907032557	0.11059998320041062	0.17112037266654923	0.3051914176012206
MN968383	0.21739130434782605	0.3619744982315589	0.7701994148119191	0.0936309	0.1351220579442819	0.2784836704637973	0.11059998320041062	0.16739804864726943	0.3088016634307651
MN968384	0.21739130434782605	0.35622102168828373	0.773344196	0.0936309	0.1278955731007214	0.26379003054195505	0.11059998320041062	0.16030098537471432	0.31000123592166906
MN968385	0.21739130434782605	0.38578507570039317	0.7785627503865629	0.0936309	0.11508190429264704	0.2818594028226863	0.11059998320041062	0.1554296469898368	0.30273497111994596
MN968386	0.21739130434782605	0.3678442118976256	0.7756340489719394	0.093635557	0.1283691559194945	0.2775445764970921	0.11062079009117963	0.15664056156247924	0.32070445119589636
MN968387	0.21739130434782608	0.34631331624874684	0.79803451	0.093665069	0.1229138298779778	0.27036445997321146	0.11066985099567742	0.15716492141362884	0.31434737753428177
MT891038	0.2608695652173913	0.32834248815461653	0.7377444683671223	0.10692312753875187	0.11729989433216452	0.2829000843410355	0.099742944	0.14982690816694944	0.2866515800676913
MW249020	0.25	0.34110909974790393	0.7780575669187623	0.10301244224698775	0.12205213874100755	0.26795290151347945	0.1041947735065734	0.1531062802058705	0.2982685009520837
MW249021	0.2608695652173913	0.34836605288899336	0.767286121	0.10692312753875187	0.1377812254036938	0.2688865253747889	0.099742944	0.1390788334901458	0.29156172592734997
AB284509	0.2727272727272727	0.3690556904540662	0.7991261277277519	0.095476451	0.13144966344607156	0.2735434348825975	0.15828763265252274	0.16461179384121455	0.3057794287004583
AB284510	0.2727272727272727	0.3602484114258303	0.7915697703923511	0.095476451	0.12317990106849616	0.2796665229108166	0.15828763265252274	0.156053619	0.31277589482720214
AB284511	0.2727272727272727	0.37354909967571764	0.790996355	0.095477368	0.13090210552333242	0.2662312092646414	0.1503453953959028	0.15763196645688177	0.32912425168549636
AB284512	0.2727272727272727	0.34958875349733415	0.8276839737753932	0.10289898678260591	0.13132415174060202	0.2812820579312659	0.15810501880383573	0.16084280335731543	0.3081191444199341
AB284513	0.22727272727272727	0.3803496601923095	0.7760139761713265	0.09546349	0.1340357159120792	0.273484686	0.15817745968026037	0.1518749380840207	0.31346862178937823
AB284514	0.2727272727272727	0.36640102004885516	0.7417807981329625	0.10289898678260591	0.13913553902167844	0.26376707336786775	0.15810501880383573	0.14949621228326432	0.3143847323208353
AB285215	0.2727272727272727	0.3317286450824585	0.7937259003720866	0.095476451	0.13527851929782447	0.277719932	0.15828763265252274	0.16603950531309558	0.3138982059974984
EU853582	0.26086956521739124	0.3649055569898788	0.759442269	0.085214838	0.1207688666933809	0.27813732973346694	0.14156848177049766	0.14947428646431582	0.30658259875780963
EU853584	0.2727272727272727	0.3273363139305153	0.7799364133422121	0.093030151	0.13280528428029248	0.269977189	0.17879989823338666	0.169422038	0.30858033439040966
EU853585	0.2727272727272727	0.37255682229278264	0.7847159049799444	0.093030151	0.12872329821698353	0.270515042	0.17879989823338666	0.15144752145807233	0.3089144058853289
EU853586	0.2727272727272727	0.3406273948943478	0.7857362414692882	0.08098132	0.12889954115459953	0.2604411100739825	0.17880035913113343	0.17562090610343128	0.3081052503631908
EU853587	0.27272727272727265	0.38606693281910587	0.7575694308172572	0.092648566	0.14018132426986676	0.27294929229917786	0.15950407	0.15415235919984416	0.32263317753242854
EU853588	0.27272727272727265	0.34300607488620966	0.7524484705683354	0.092648566	0.12459620952090741	0.28122915457455755	0.15950407	0.15252690180228795	0.3075681803651839
EU853589	0.27272727272727265	0.33057470622760476	0.7857889301360319	0.092648566	0.12602396401573768	0.2741504688435402	0.15950407	0.15324970456773052	0.3010125999141404
EU853590	0.2857142857142857	0.34306315996847087	0.7655082686029573	0.092646178	0.12647427644810272	0.27859075068316047	0.1595066049748486	0.16075419481231173	0.3053515477490486
HM179504	0.2727272727272727	0.36587683605768595	0.7559413457604959	0.10350064891131121	0.11702945117939985	0.2899393511912624	0.15088559879840566	0.15782366245199983	0.30612899727618026
HM179505	0.27272727272727265	0.3216461892264389	0.8010810835008342	0.10342556331648368	0.12926896129207707	0.2693221873572189	0.16645224629486702	0.16370270553253646	0.32920149804708154
HM179506	0.23809523809523808	0.3517169139253724	0.7539973717889132	0.095339419	0.12152446718375332	0.277558027	0.14694035904370698	0.17033598711438602	0.3183079381261501
KF155002	0.2857142857142857	0.338257744	0.7512660659176431	0.085205793	0.12982202611970822	0.2689218791891344	0.1634009381807455	0.16005009481937518	0.304743443
KR534217	0.2272727272727272	0.38336495849801056	0.7639077687747167	0.078142895	0.13195655974082254	0.272439528	0.17279814717584582	0.15972503681158776	0.31045944477933873
KR534218	0.22727272727272724	0.35755455732480296	0.8033545335842882	0.078170137	0.13128050458901264	0.27922855758646975	0.1655572841571628	0.16271952204425408	0.3126847006136254
KR534219	0.2727272727272727	0.3544603670466777	0.7591759965896863	0.098394167	0.11597283321228988	0.28074595977266525	0.15044566649809776	0.14459940638383356	0.2981445718885095
KR534220	0.22727272727272724	0.3352878067625371	0.7910758296010991	0.078170137	0.12491725372808345	0.2727812861217775	0.1655572841571628	0.1625300923030622	0.31563150700317827
KR534228	0.2727272727272727	0.32559254816954075	0.7716801791031866	0.1058954284553266	0.12933671311841693	0.27270780908743586	0.15046007832444763	0.14202757593562315	0.3036931316882702
KR534229	0.2727272727272727	0.3713044865733679	0.7968773316084508	0.077765789	0.1223677461647697	0.2723037240627527	0.1727895919567723	0.1625744495732514	0.3165476419442649
KR534230	0.2727272727272727	0.3489139971258166	0.7710860028741835	0.11257592811492123	0.12133483713003237	0.2631783448708487	0.16019469003209694	0.15956956918132234	0.30268855803759853
KR534231	0.2727272727272727	0.3540703695324289	0.7804750850130259	0.1058954284553266	0.11727154170413026	0.2712882469692518	0.15046007832444763	0.1448975339326279	0.3017507829862932
KR534233	0.2727272727272727	0.3713316632081931	0.7432137913372616	0.077813837	0.12209688261788461	0.2747663363795647	0.16555532026625727	0.14803341389918662	0.3080072410089134
KR534238	0.2727272727272727	0.3639450548289364	0.7278731269892458	0.10590080308775207	0.12862005056653003	0.26760009768864673	0.14604604383838402	0.15528047184872235	0.2978836854899029
KR534244	0.2727272727272727	0.3406407436399761	0.8002683472691148	0.077787997	0.12624149870386225	0.27561803409217717	0.1750118029674033	0.1557107165653645	0.31746735728977216
KR534247	0.2727272727272727	0.35551927433578234	0.7617534529369451	0.077787997	0.12190121080721569	0.2761411173873205	0.1750118029674033	0.1560165871078944	0.30812374005573995
KR534249	0.2727272727272727	0.37470463990363145	0.7898408146418231	0.077787997	0.11270317942094625	0.2796750640473336	0.1750118029674033	0.17365428171129452	0.3079865752157235
KR534250	0.2727272727272727	0.353948961	0.7705964934442381	0.077781137	0.1166550664034376	0.27091015853816736	0.1766698026132154	0.1574909891434288	0.3108802814642179
KR534251	0.2727272727272727	0.36226491301812147	0.7668259960727872	0.10591943901148508	0.13027288871871867	0.2618566723977076	0.15044305737079622	0.14864912131991104	0.31290258393796444
KR534252	0.22727272727272727	0.3579308831359209	0.777523662	0.11808573651884471	0.12251720581574402	0.26364562567900895	0.15501134622644325	0.15295414649335415	0.3100155796644119
KR534253	0.2727272727272727	0.3695376402908491	0.7740987233455147	0.070360868	0.12825905299008356	0.26977799146830095	0.16555956139149972	0.15657670360515868	0.3126516224343875
KR906734	0.2727272727272727	0.3464489450834402	0.7399146912801955	0.098394167	0.12836111490999674	0.2669111752006066	0.15044566649809776	0.15563914401092252	0.3042691306280846
KR906735	0.2727272727272727	0.35369788189710694	0.8163021181028934	0.093064139	0.12945067156959403	0.2719713910019307	0.16488281530245288	0.14787988232900412	0.31646690927979126
KR906736	0.2727272727272727	0.3754246476695395	0.7709389886940969	0.093061825	0.13761359304720405	0.27720443370954806	0.1648849549554055	0.16257802052690826	0.31126111657690536
KR906739	0.2727272727272727	0.36868186415798776	0.7694999540238309	0.093742968	0.12472787515749459	0.27137126447322346	0.16943173898066977	0.15627177864589958	0.31586059493826724
KR906741	0.2727272727272727	0.3743630902016456	0.7638187279801724	0.077773333	0.12572543518298257	0.263815628	0.16538105724771368	0.15897821689272362	0.30803901330362243
KR906742	0.27272727272727265	0.3558690108476295	0.7677673527887339	0.08518804	0.12912903962886024	0.2685388475237522	0.16340409982124918	0.1708148723605285	0.3055629786559885
KR906743	0.2727272727272727	0.35268884683815216	0.7782202440709385	0.1058954284553266	0.12172857888317701	0.2826382308154872	0.15046007832444763	0.15222420764489675	0.30219799624299826
KR906744	0.27272727272727276	0.3419608775336775	0.7598573042845045	0.09374574	0.12664252065185783	0.2732247109946609	0.16002074933962945	0.14192144182085104	0.3051645644774707
KR906745	0.2727272727272727	0.3316283790860167	0.7756443481867111	0.070338809	0.12311783668383547	0.2731319443551616	0.16555992368532435	0.1569243995133147	0.30953618794226556
KR906746	0.2727272727272727	0.32716993406052874	0.7610118841212896	0.11205920069379441	0.12970186474759543	0.2645379352094341	0.1446671593561379	0.15039258180059994	0.3100970634688002
KR906747	0.2727272727272727	0.35352207547382364	0.7664779245261767	0.11205950207116024	0.12135887652682255	0.2685022519785873	0.1491509930410141	0.15143775282328126	0.3184744059253672
KR906748	0.3181818181818182	0.32440113778563506	0.7937806803961829	0.077353511	0.12557614614027307	0.2621429042044424	0.15955099254455563	0.1561264211939974	0.295567491
KR906749	0.2727272727272727	0.3510449254208148	0.7598641654882758	0.085220736	0.1368280966291757	0.2552028674449924	0.1653785433827482	0.1565264044152869	0.3076810332170189
KR906750	0.27272727272727265	0.3512470356226521	0.7805711461955291	0.08518804	0.12736766468405714	0.2722090155460581	0.16340409982124918	0.17430136741708158	0.3101318792732025
KR906751	0.2857142857142857	0.37465341022040655	0.7786799231129268	0.11205274076886483	0.12573158164997306	0.25907025881858925	0.1492379003111307	0.157195487	0.3037693696378268
KR906752	0.3181818181818182	0.3276792886110744	0.7805025295707431	0.077353511	0.12328289151786928	0.265813103	0.15955099254455563	0.15351820226369084	0.3146529042318386
KR906754	0.27272727272727265	0.37049706866284227	0.7640483858826123	0.08518804	0.1412018765883723	0.2717332998731068	0.16340409982124918	0.1571021331939012	0.31098034109715145
KR906755	0.2727272727272727	0.383240403	0.7703959602179103	0.077787997	0.12220785153555176	0.2723769724393894	0.1750118029674033	0.1616371431135655	0.31844977713605016
KR906756	0.2727272727272727	0.379182367	0.7862721787275481	0.077762256	0.1275523505553922	0.27838397749001603	0.16573867390056227	0.15814056474500052	0.3118037723093897
KR906757	0.2857142857142857	0.3309716509535662	0.7680759680940524	0.093741381	0.12099354765154262	0.26267575632687684	0.1492379003111307	0.15723024026564292	0.31202151637996084
KR906759	0.2727272727272727	0.34252220066399885	0.7620232538814552	0.10590502423771773	0.12625115722312075	0.27697295273468725	0.15037113048807313	0.14201426533060899	0.29861796140229613
KR906760	0.2727272727272727	0.3692785312857123	0.7652669232597429	0.077813837	0.13003449023039076	0.2810286690879913	0.16555532026625727	0.16506175736736906	0.2966786816708363
KR906762	0.27272727272727276	0.3827963553438559	0.7735672810197803	0.085185274	0.1280355558650631	0.2833212187205712	0.16714757047073692	0.15666539530345816	0.32419194923856187
KR906763	0.2727272727272727	0.361972644	0.7698455376190544	0.093057049	0.14051153661832516	0.27289434261398693	0.1665354338804467	0.17814626513461934	0.3182610405830094
KR906765	0.2727272727272727	0.3531476563931946	0.7695796163340778	0.093066392	0.12375918288722157	0.28907118330800863	0.1648806561565448	0.16618065472800453	0.3050428792800344
KR906766	0.2727272727272727	0.3679891720733006	0.764738101	0.093059421	0.12693115231884156	0.27386328388726944	0.16497418402709216	0.15635809469184916	0.31607928707494637
KR906767	0.2727272727272727	0.35780283155462644	0.7758335320817376	0.077769445	0.12813718071424843	0.2591835661705649	0.15620402581170176	0.15538623209718275	0.3136080999178309
KR906768	0.27272727272727265	0.3717110715194869	0.7737434739350584	0.08518804	0.12157575789894241	0.28230227557360127	0.16340409982124918	0.16332388963562816	0.3142181287102681
KR906770	0.2727272727272727	0.39185660422505286	0.7590524866840376	0.1200529037979083	0.12119883461585516	0.26961531	0.15992620562480578	0.14845382897541964	0.3111180312046638
KR906771	0.2727272727272727	0.3037853134282179	0.7889419592990544	0.077787997	0.13003255847600687	0.2724718406309749	0.1750118029674033	0.14701499588489836	0.3098912157050766
KR906772	0.2727272727272727	0.3779712193766091	0.772937872	0.077813837	0.12075142388980115	0.276401789	0.16555532026625727	0.15215076729854643	0.30351744714430995
KR906773	0.2727272727272727	0.37936806872473827	0.7588137494570792	0.070356518	0.11427844585966415	0.2736895627752902	0.16998843153109866	0.15603572321737463	0.3110120377964459
KR906774	0.2727272727272727	0.36637909401082064	0.7663481787164519	0.10591943901148508	0.12245704520166129	0.2660914825917998	0.15044305737079622	0.1620698263994696	0.3077686561287638
KR906776	0.2727272727272727	0.3506061089097755	0.7930302547265883	0.1200529037979083	0.12172967797640585	0.2759704609327678	0.15992620562480578	0.15384346399004625	0.30294748312656194
KR906780	0.2727272727272727	0.3579328571828482	0.7584307791807883	0.070356518	0.12174550398057739	0.27162197049987324	0.16564928939007284	0.15592321521149202	0.30608949277907815
KR906782	0.2727272727272727	0.37969596611016754	0.7557585793443782	0.077787997	0.11668492180729113	0.27158318934866177	0.1750118029674033	0.1604645323424261	0.31648424064794833
KR906784	0.27272727272727265	0.37321235538658226	0.7749694627952357	0.1275199173293427	0.13291995803430656	0.27303003948319443	0.15992468949401306	0.14896114453956172	0.3003538680023934
KR906789	0.2727272727272727	0.37665378076324896	0.7551644010549329	0.1200529037979083	0.1328980865638233	0.25505879240740015	0.15992620562480578	0.15588680003920094	0.30411881475491376
KR906790	0.27272727272727265	0.3402412025167542	0.7906678883923364	0.1302540419788409	0.12860612506325134	0.27951140065518454	0.1551779848459819	0.15472131536048583	0.3025212874592138
KR906792	0.27272727272727265	0.33736877690346057	0.7789948594601757	0.07777477	0.11649079627655945	0.272834532	0.17685841438471003	0.15609399477816469	0.3229164422831572
KT336432	0.2727272727272727	0.367169427	0.7828305729209599	0.10341495989164894	0.13515361059361386	0.2702590260196522	0.16274960748083875	0.16052268460941665	0.30093396683523094
KT336433	0.27272727272727265	0.3652225012288981	0.7684138624074655	0.096044094	0.13153334410956524	0.2748421354037658	0.1468607097528808	0.1593281667597939	0.30682441165704916
KT336434	0.2727272727272727	0.3628727507002111	0.8098545220270618	0.11073322390239088	0.13477132504756656	0.26679217421707074	0.17488490402505363	0.16641958175823912	0.3173868840991324
KT336435	0.2727272727272727	0.3596560355225842	0.7821621462955972	0.098900927	0.12356270269068653	0.2586547865766286	0.1596101485707398	0.17052802598873895	0.30770453588627683
KT336436	0.2727272727272727	0.363911224	0.7897251397496233	0.10346974731414132	0.1346713247895095	0.27370807718411544	0.1695916661223284	0.15016391749137675	0.3201883179142398
KT336437	0.2727272727272727	0.33275757575757614	0.7663333333333336	0.098175241	0.1319237434545909	0.27158738869106913	0.1567218927045115	0.15928906568899082	0.30902606492865875
KX148203	0.2727272727272727	0.34979180169713164	0.7429354710301409	0.11535933380878706	0.12216790559418422	0.26269870077166485	0.15615541562396285	0.16075551093117843	0.31453691505079806
KX148204	0.2727272727272727	0.3850510747512515	0.755858016	0.10058511295524467	0.12178982296536549	0.27052119365097577	0.12778388111750477	0.1533948727645322	0.31760285724739046
KX148205	0.26086956521739124	0.3884156724865122	0.7707147622960968	0.085214838	0.11649841614073995	0.27900695179551466	0.14156848177049766	0.16006071041407763	0.3097384067492489
KX148206	0.2727272727272727	0.3613941735684005	0.7631512809770542	0.096653803	0.12170260253298651	0.27731243320085863	0.15995775248703673	0.1532109352528287	0.309484956
KX148208	0.3181818181818182	0.40318697624374866	0.7604493873926147	0.10454095339800176	0.12604258721514155	0.2727527164044453	0.14968792820442717	0.15323730228334542	0.30437076175836075
KY210222	0.2272727272727272	0.3646527467216381	0.7726199805510889	0.078142895	0.12352888623353162	0.26772906386357975	0.17279814717584582	0.1567141626539697	0.3088416156569448
KY210223	0.2727272727272727	0.31736895067738563	0.7826310493226145	0.10591943901148508	0.12459028319282617	0.2660190245739482	0.15044305737079622	0.15408559394320706	0.30855298034951584
KY210224	0.27272727272727276	0.38324470500436314	0.7558462040865467	0.077777892	0.1185917488325349	0.26567536270733505	0.17676438622549617	0.16030538153990342	0.321459956
KY210226	0.2727272727272727	0.3662423726476881	0.7610303546250389	0.077781137	0.12406688970983298	0.2771059708582994	0.1766698026132154	0.1653628099155394	0.30661551546425736
KY210227	0.2727272727272727	0.34701539676250504	0.7720755123284041	0.1200529037979083	0.12667448329598702	0.2757337744250506	0.15992620562480578	0.15752622100178149	0.3040690904437446
KY210229	0.2727272727272727	0.3665137417487735	0.7689408037057718	0.077787997	0.1263645098788561	0.25881355922120036	0.1750118029674033	0.1615645157961752	0.30937744882328344
KY210231	0.2727272727272727	0.3466546829583542	0.7969816806780091	0.077787997	0.12522658007641518	0.2792106104389232	0.1750118029674033	0.1670057337050488	0.3108970271463526
KY210232	0.2727272727272727	0.37331456819995806	0.7675945227091328	0.077787997	0.12696976768632906	0.2695400859151789	0.1750118029674033	0.15148860632649414	0.30574911260713084
KY210234	0.2727272727272727	0.3631972135097601	0.7695300592175123	0.077787997	0.13014744423387548	0.27516544604890764	0.1750118029674033	0.16116382041435018	0.30891865329199275
KY210235	0.2727272727272727	0.37672342256516117	0.7769129410712021	0.077787997	0.1285610597420973	0.26956717973604294	0.1750118029674033	0.16805424605682712	0.3121422755511491
KY210238	0.2727272727272727	0.3638552935350658	0.7488719791922072	0.077787997	0.11398797404789063	0.27111194555035206	0.1750118029674033	0.15209811139308427	0.3165903195679963
KY210239	0.2727272727272727	0.34442242758875563	0.7764866633203348	0.077787997	0.1303613376818533	0.26923675045108153	0.1750118029674033	0.16108456818711595	0.3181672004425614
KY210243	0.2727272727272727	0.3741363494408776	0.7931363778318496	0.077791743	0.11726175759820175	0.29255201542324366	0.1750108828711789	0.1569988470884316	0.3190374483074302
KY210244	0.27272727272727276	0.3893551673410095	0.7660993781135356	0.077777892	0.12669698191499495	0.26371355703951255	0.17676438622549617	0.16446733038490968	0.30735511845914554
KY210245	0.27272727272727265	0.394593791	0.7835880272590388	0.1302540419788409	0.12066572770277136	0.27691189545960215	0.1551779848459819	0.14617896475185227	0.3129988085413596
KY210247	0.2727272727272727	0.3410896185269985	0.7698194723820921	0.089813579	0.1156348081552828	0.2865124292400312	0.1750108828711789	0.16083232801761213	0.31381439636963604
KY210248	0.27272727272727276	0.34513752131254405	0.7739533877783649	0.077777892	0.13583646511535294	0.2709874662601076	0.17676438622549617	0.16812706250110027	0.3091471304733829
KY210249	0.27272727272727265	0.37628634561215446	0.7582591089333001	0.077784505	0.1275536274074897	0.2640786744246128	0.17944796853418463	0.16119150818745764	0.3238932783758957
KY210250	0.2727272727272727	0.3415775281977451	0.7602406536204371	0.077787997	0.13898806359598664	0.2574084466436957	0.1750118029674033	0.15572001261518148	0.32042893977248305
KY210251	0.2727272727272727	0.34512774934959634	0.7721449779231311	0.077787997	0.11829868562725412	0.27431219882199764	0.1750118029674033	0.15579067688128995	0.3059603792965781
KY210252	0.27272727272727265	0.3865446666403475	0.781637152	0.1302540419788409	0.1314803202298445	0.2712992533004406	0.1551779848459819	0.14642755122440754	0.3118449978890607
KY210253	0.27272727272727265	0.3457292728224633	0.7806343635411734	0.11260916840288927	0.1339813687474225	0.26630828587561073	0.15042869741694342	0.15093271212179044	0.29237318861970374
KY210254	0.27272727272727265	0.3242099132664062	0.7803355412790483	0.11260916840288927	0.121387791	0.2739150691682151	0.15042869741694342	0.15498992846904108	0.3016481283071296
KY210255	0.27272727272727265	0.3376198312192772	0.7614710778716319	0.11260916840288927	0.12603986271586085	0.27421499027164553	0.15042869741694342	0.15238234201102405	0.29786271492084304
KY210256	0.27272727272727265	0.3115765629931814	0.7593325279159095	0.11260916840288927	0.12313270229922238	0.2649653203968262	0.15042869741694342	0.15561663328791583	0.3181722605128803
KY210257	0.2727272727272727	0.3159905891556935	0.7767366835715794	0.1200529037979083	0.11203416031837453	0.292484858	0.15992620562480578	0.15097217769065258	0.29986737806094543
KY210258	0.2727272727272727	0.35116140278302255	0.784293143	0.077787997	0.13976806879616746	0.276188784	0.1750118029674033	0.15575152519156218	0.3009734900185529
KY210260	0.2727272727272727	0.34440438802665274	0.7755956119733471	0.077787997	0.12312436428304258	0.27692114303987414	0.1750118029674033	0.16629074273568173	0.31417777838113614
KY210263	0.2727272727272727	0.3320431	0.8006841725933339	0.13026250416088023	0.12212268661767033	0.28187393901243474	0.15509172667228088	0.14949687082214586	0.3111126861679303
KY210264	0.27272727272727265	0.33376730897493534	0.7825963273887013	0.11259552302845241	0.1234313352059049	0.2740295286087056	0.15052363254034162	0.15769078480203536	0.29284686764024825
KY210265	0.27272727272727276	0.3612336001738471	0.7714936725534259	0.077777892	0.12789572683515846	0.2840832987724611	0.17676438622549617	0.14521085906921216	0.33103159805489246
KY210266	0.27272727272727265	0.32080825915155375	0.7801008317575371	0.11260916840288927	0.12508956857073814	0.26190712034634356	0.15042869741694342	0.15128426708751003	0.30145120091817723
KY210267	0.2727272727272727	0.34597517248629484	0.7658430093318874	0.077762256	0.13710832853300026	0.2729672729645322	0.16573867390056227	0.16763516943621168	0.31009424106567585
KY210269	0.2727272727272727	0.3874235930102182	0.7571218615352365	0.1200529037979083	0.12186817626463743	0.2687046388673352	0.15992620562480578	0.16247160090587381	0.3013506313789438
KY210270	0.2727272727272727	0.3599691307497628	0.7845763237956918	0.1200529037979083	0.12439176132835747	0.275547893	0.15992620562480578	0.15386461011796676	0.30698739810521347
KY210271	0.2727272727272727	0.3637878787878788	0.749848485	0.077787997	0.13652714835183294	0.2625567479200352	0.1750118029674033	0.15405963385196186	0.3076147986577891
KY210272	0.2727272727272727	0.32665355980860766	0.7524373492823019	0.077787997	0.12396381201695404	0.2683655215522031	0.1750118029674033	0.1611624922392184	0.32212583619198126
KY210273	0.27272727272727276	0.35852054311678405	0.7832976387013976	0.077777892	0.12656117342338732	0.2746426384316569	0.17676438622549617	0.1699583862304737	0.3054538851217507
KY210278	0.2727272727272727	0.3308561917784125	0.7691438082215873	0.070356518	0.1254387265212931	0.2603391361702032	0.16564928939007284	0.16711737980798202	0.3019287416498477
KY210279	0.28571428571428564	0.3568438986361133	0.7850608632686487	0.12005561608437251	0.13774433818418952	0.27433733113655634	0.16767837709932806	0.14970716720970778	0.31069825125644973
KY210280	0.2727272727272727	0.34991123179682243	0.7446342227486318	0.10591943901148508	0.11792438750205188	0.2743683357325697	0.15044305737079622	0.15758110918712565	0.3040817086406529
KY210281	0.2727272727272727	0.3328706044594093	0.7498566682678635	0.10591943901148508	0.1382043556321801	0.27621951644993986	0.15044305737079622	0.15238369754339942	0.30298971151632537
KY210282	0.2727272727272727	0.37657986074864747	0.7379655937968066	0.10591943901148508	0.13240447245706588	0.2726210078287572	0.15044305737079622	0.13926096280950065	0.3000258618512033
KY210286	0.2727272727272727	0.3355138981602825	0.758122465	0.070356518	0.13265900663887997	0.27533373146768403	0.16564928939007284	0.1648223434443018	0.31311096924235127
KY210287	0.27272727272727265	0.3423015243596992	0.7813348392766644	0.070351791	0.11542998271710232	0.2800211173162557	0.16565127389780418	0.1699249332526453	0.3020475229457417
KY210288	0.27272727272727265	0.36240949954843527	0.7703177731788373	0.070351791	0.12693091969812587	0.28134516835096696	0.16565127389780418	0.15767820015782508	0.31627085667669963
KY210289	0.2727272727272727	0.38490714503242357	0.7605474	0.077787997	0.1233767044742618	0.2791861738381021	0.1750118029674033	0.16500653583184757	0.30613035925281173
KY210290	0.2727272727272727	0.38977685003963447	0.7738595135967287	0.077787997	0.11517569575279307	0.28169205070615394	0.1750118029674033	0.16851579509256787	0.3065829699170978
KY210292	0.2727272727272727	0.3547313697918427	0.7625413574808845	0.077787997	0.13564806944687224	0.26473566043705177	0.1750118029674033	0.15059458231830802	0.3171547865793636
KY210293	0.2727272727272727	0.3697674791665891	0.7793234299243197	0.077787997	0.1200617797263877	0.2853411685728506	0.1750118029674033	0.1532820815124624	0.30258568664624863
KY210294	0.2727272727272727	0.33613071484169954	0.7865965578855733	0.1200529037979083	0.11213153537820705	0.26662201567811894	0.15992620562480578	0.1507311413188458	0.30111160572292617
KY210295	0.27272727272727265	0.3397841907700505	0.7938521728663133	0.070351791	0.11880261190910933	0.2826655182282955	0.16565127389780418	0.16984215799123392	0.3078083678762803
KY210296	0.27272727272727265	0.3428656125274675	0.7989525692907146	0.070351791	0.12065843170730818	0.276994964	0.16565127389780418	0.1601030213993782	0.3122588407296364
KY210299	0.2727272727272727	0.3902800870653164	0.7869926402074108	0.077787997	0.12601651007831616	0.26605870468896814	0.1750118029674033	0.16526139535189777	0.30967041455662736
KY210300	0.2727272727272727	0.342943017	0.7779660739930713	0.077787997	0.1260032395651149	0.269982853	0.1750118029674033	0.16677729870691263	0.3074463927663301
KY210303	0.27272727272727276	0.35654114651873775	0.7752770352994436	0.077777892	0.12372865944137092	0.2658911717818385	0.17676438622549617	0.16128654310409415	0.315911032
KY210304	0.2727272727272727	0.3429044061257212	0.7707319575106422	0.12004969927216291	0.12752877172299426	0.2825677745744216	0.16001623032766524	0.15546458409710734	0.3037110092345919
KY210307	0.2727272727272727	0.3451483421774827	0.8003062032770624	0.077787997	0.12716593907434567	0.27664605542648213	0.1750118029674033	0.15963367118590577	0.30872157
KY210311	0.2727272727272727	0.3493182243874794	0.7861363210670663	0.13026250416088023	0.12818292214415733	0.2716338217809575	0.15509172667228088	0.1536430032130751	0.2990135224163431
KY563717	0.27272727272727276	0.3903008921535265	0.7715172896646556	0.10990572817790042	0.11844179628354093	0.2658830789187715	0.1655959765120661	0.1660172684989873	0.31725293052919146
LC029890	0.3181818181818181	0.3630142944992921	0.7451675236825258	0.10405154609293825	0.12657570390193945	0.25609960718165503	0.14955547707855787	0.15038971599299322	0.310174912
MN726804	0.28571428571428575	0.3373955465592964	0.7816520724883227	0.085185274	0.12915925552600338	0.2828231405130286	0.1634133811999826	0.15892666754144172	0.32200334004221054
MN726826	0.2727272727272727	0.36693306139328113	0.7930669386067188	0.085182436	0.1242579650468607	0.28509602701173065	0.1727810708896149	0.16015033973634712	0.3210524194715742
MN726827	0.27272727272727265	0.3708250109332316	0.7446295345213134	0.08516192	0.13483079070086268	0.26466277338176036	0.18223333442871922	0.14619952798496302	0.3177954052846105
MT454631	0.27272727272727265	0.37806392094194585	0.7592088063307809	0.10341151237107718	0.12648676597326503	0.2846560466992633	0.1628372725407967	0.1578502406064215	0.3254780926787556
MT454634	0.2727272727272727	0.342542959	0.7901843133956461	0.10341495989164894	0.12171210184509675	0.26857618905207914	0.16274960748083875	0.16185234854536168	0.3189132470590857
MT454635	0.2727272727272727	0.3691433236545869	0.7544930399817764	0.1034223211750605	0.1262128903801339	0.2664829732518499	0.16265219382735654	0.16412498659043373	0.30177894812693856
MT454636	0.2727272727272727	0.3484153597902119	0.7797664583916063	0.10341495989164894	0.11809924595526151	0.256508046	0.16274960748083875	0.14749221202957385	0.3173168253966399
MT454637	0.27272727272727265	0.3145271015775484	0.815472898	0.10340818698665444	0.12455935303657314	0.2751329191777483	0.16292443686817915	0.15867797238502845	0.3184507069254125
MT454639	0.2727272727272727	0.33778498168984056	0.7813059274010676	0.10341495989164894	0.1351665083415436	0.27180474	0.16274960748083875	0.1708859497575496	0.30571024748468434
MT454641	0.2727272727272727	0.34356108177453565	0.7409843727709193	0.10341852990876099	0.12280268735168177	0.2664395600229492	0.16266143690368784	0.16622583108211575	0.3142414394661553
MT454643	0.23809523809523805	0.3736612619965478	0.7415768332415476	0.10709790793601588	0.12681504579595776	0.27302806719964023	0.12745986028607617	0.16282829477809457	0.30770501448432214
MT454644	0.2727272727272727	0.363546997	0.774634821	0.093760343	0.111430874	0.27530062008044964	0.15854055760734753	0.15790308198964573	0.30598232722192065
MT454645	0.2380952380952381	0.3416709857558078	0.7440432999584783	0.10710458817437962	0.13729137389011514	0.2749775732567247	0.1273893386134107	0.1622304724756499	0.30198040288444716
AF351828	0.3043478260869566	0.36881331808892215	0.759012769	0.099454277	0.135517803	0.2771695438404116	0.1359552907808399	0.16023292520022717	0.29248714599101167
AF351831	0.2608695652173913	0.38784706526559987	0.7434572825604873	0.11642766843126863	0.13396891638863023	0.2790381296339572	0.12816947479056798	0.14544691491204764	0.30415682837892194
AF351832	0.30434782608695654	0.34816242856054735	0.7353158323090183	0.1067282840623819	0.13853648865405674	0.2738333424104703	0.12444702727435338	0.15867015607489815	0.2941559837834117
AF351833	0.26086956521739135	0.32841546409835043	0.7559323619886061	0.074020844	0.12921611049479423	0.2708080475242125	0.12766311238729441	0.1479660824164074	0.30307918606463646
AF351855	0.26086956521739124	0.3465258839742659	0.7891262899387779	0.082477282	0.13048995052165016	0.2820693157694695	0.1455965631858568	0.15120234165017643	0.2837852510200604
AF351861	0.2608695652173913	0.3319886964733122	0.7740982600484273	0.081232895	0.12524744669732246	0.27297121063888485	0.14607557588484274	0.1552863475549338	0.3125924289524942
AF351862	0.26086956521739135	0.33966203162549413	0.7768597075049415	0.082144697	0.13435525587283223	0.2723704069311983	0.1276837808755161	0.1447677720580116	0.28720736543750514
AY039227	0.2608695652173913	0.367922515	0.7868600933123095	0.089865141	0.12845331529043133	0.27883910256647815	0.11873077410006283	0.14743143027582162	0.296017401
AY039228	0.2608695652173913	0.3433909471429736	0.749652531	0.074878671	0.13279363518505843	0.2840716455777545	0.13609351742084175	0.15550911726097963	0.2967115376102225
AY039229	0.2608695652173913	0.33685643710533164	0.770100085	0.094051906	0.12681792288781485	0.2778654285192408	0.12940456878630222	0.13687020006621045	0.30450123534355444
GU644652	0.2608695652173913	0.35150246168481947	0.7606714513586583	0.074361712	0.12340854486907618	0.26843032862226324	0.15387845053164628	0.16055977468467647	0.3002510485116856
GU644654	0.2608695652173913	0.3627283548431555	0.785097732	0.074889967	0.1295679527415798	0.26873997685274864	0.1266538807136904	0.14280903441992693	0.29919089652517344
GU644655	0.2608695652173913	0.3493445068940216	0.7445685365842396	0.074878671	0.11916619401607885	0.26598288283895394	0.13609351742084175	0.14705115846292427	0.30197802990197786
GU644656	0.26086956521739135	0.33635102454562454	0.7679968015413323	0.074872458	0.1372894692276543	0.27099794619426576	0.12660525058598607	0.14634907692586502	0.2952788566928121
GU644657	0.22727272727272727	0.3740061763522905	0.7650847327386182	0.081626788	0.1291459405634353	0.280048255	0.13184012926500194	0.15129974636544835	0.2887857479022379
GU644658	0.22727272727272727	0.354924401	0.7478028720574678	0.074358309	0.12193935783093807	0.2750593431359716	0.11952797299193987	0.14904157128926565	0.29649544456096966
GU644659	0.2608695652173913	0.3409822174259496	0.7459743043131808	0.067559144	0.1277725620939409	0.27066707171383186	0.10043196966333061	0.14052115829481943	0.287874337
GU644660	0.2608695652173913	0.35697238042628954	0.8038971847911015	0.067578212	0.13367493540613606	0.2720041942015387	0.12673034615312712	0.15190529929772306	0.2886127934171203
GU644661	0.26086956521739124	0.3621480563510863	0.771764987	0.074875178	0.12153262473503479	0.28954520499151054	0.136087968	0.15447806511950452	0.29095627395176976
GU644662	0.2608695652173913	0.33946766037458187	0.7631410352775927	0.082179459	0.11982689861365046	0.29034241101669805	0.1317697130125283	0.14870477165685647	0.2989960296078881
GU644663	0.2608695652173913	0.38223410473502545	0.7560267648301919	0.067562356	0.1256981579051872	0.285756469	0.12718292004382684	0.15336034430919998	0.29944316669151705
GU644664	0.2608695652173913	0.33967545690317663	0.782063674	0.074892673	0.14346849173463433	0.2782692737855762	0.13625730041363426	0.1577746984073724	0.30566509267084296
GU644665	0.2608695652173913	0.3686666240158367	0.7626377238102504	0.075422459	0.12568288337574435	0.2882606819159429	0.11945267766342478	0.1391854172189574	0.29582397201351973
GU644666	0.2608695652173913	0.34588410009037635	0.7593332912139719	0.067575736	0.11678872480779749	0.2881916623795731	0.12669519147209124	0.16192051502874283	0.29471827838596976
GU644667	0.2608695652173913	0.3497346493376467	0.7589610028362663	0.082189127	0.1352195624952265	0.27216583308161996	0.136114264	0.14660175989436697	0.3042736566558993
GU644668	0.2608695652173913	0.3651981649202171	0.7921931394276092	0.074874521	0.12439864625331112	0.2750990893227856	0.140502825	0.15045817911546636	0.3077681992015865
GU644669	0.2608695652173913	0.359564124	0.75956631	0.067576211	0.13400861628079808	0.26812424878330826	0.11947418987938334	0.14463632753968825	0.29839034331557174
GU644670	0.3043478260869565	0.36343516362908296	0.7400430972404821	0.07487965	0.13765138689278422	0.27694112359197653	0.14058094518577297	0.15357184645258992	0.3037506632180965
GU644671	0.2608695652173913	0.34741550882709304	0.7204105781294293	0.062994497	0.12700202657085446	0.27414225138715875	0.13605630446028613	0.15325904897137435	0.2992204810772141
GU644676	0.2608695652173913	0.38429666821398967	0.7800511578729672	0.094054803	0.12339292187992355	0.28072999191862197	0.12943134635174328	0.15133349310151967	0.2935786934850479
GU644677	0.26086956521739135	0.3558435512084873	0.7580694922697743	0.094046672	0.1305300163334055	0.27093852307374855	0.12941213797869539	0.1627495550400393	0.2911476861888503
GU644684	0.2608695652173913	0.31592218851117937	0.753643029	0.074890863	0.12269055923541158	0.2717889765477627	0.1370570843247266	0.1552440866057453	0.28848901767872387
GU644689	0.2608695652173913	0.3372031752279859	0.7514924769459272	0.074890863	0.1278373235473956	0.2766373602539808	0.13485187486172995	0.14979490646408733	0.29911546564052155
GU644690	0.2608695652173913	0.3544525831479315	0.7377213298955472	0.074889073	0.12243449851940745	0.27219583281192733	0.13484895022649432	0.14491098623362644	0.2985325493903287
GU644695	0.2608695652173913	0.3447461536958147	0.747427759	0.074889073	0.13162987309441754	0.26227056335211274	0.14420584934459582	0.1602268464770395	0.28915524669080167
JQ685925	0.2608695652173913	0.30402989615866766	0.8116222777543758	0.074890863	0.12706178512877436	0.2730119282762428	0.13485187486172995	0.1466669072085915	0.296675707
AF351845	0.28	0.37909181366474815	0.779308186	0.061381542	0.12662936205119066	0.2816234155643905	0.094141761	0.14657470605914355	0.31001186792112323
AF351846	0.28	0.407126361	0.7640736390121027	0.072856918	0.1227899841351503	0.2847207211884262	0.1020693486403739	0.16000267645516264	0.30849466204769294
AF351858	0.28	0.3894826018139842	0.7673173981860165	0.072036718	0.14917711741068457	0.26352126162481215	0.1032574031321839	0.16713539592922128	0.3063049020849084
AF394883	0.32	0.3729956048523148	0.7750043951476857	0.065764863	0.1344615317827667	0.2646617896161669	0.10386371068801926	0.14693958509991695	0.31340035129307053
AF394884	0.28	0.39584907658936097	0.724150923	0.065755044	0.1225688335885704	0.28546628600378204	0.10829028792680999	0.16233884460606574	0.3123443925923622
GU644712	0.2800000000000001	0.3736002775979218	0.7999997224020784	0.079999407	0.13204078261267643	0.2646583208289886	0.10385771055583248	0.1541014880346434	0.30742260938227906
GU644713	0.28	0.3713908638707344	0.7534091361292663	0.079107229	0.12424948149958469	0.26940190966489613	0.11357517410610962	0.14793547345772795	0.31094211650936243
GU644714	0.28	0.37400916516320376	0.7507908348367962	0.065768078	0.1250133560462692	0.2743800979528843	0.11827387623740522	0.15873632382065692	0.3018013454041406
GU644715	0.2800000000000001	0.39207960745636916	0.7407203925436313	0.072875617	0.12834661438386574	0.2704530377964824	0.10379311877280213	0.15233164397664117	0.315579226
GU644716	0.2800000000000001	0.38055955952890763	0.7922404404710924	0.072876274	0.11950483050982647	0.2860821849501513	0.1124627506138329	0.16438851398705873	0.3049642605433852
GU644717	0.28	0.3784976701279341	0.7647023298720663	0.072873172	0.1242779910016655	0.2688861473615153	0.1037346473400843	0.1601726457620672	0.30600218233608967
GU644718	0.2800000000000001	0.3700656383032478	0.7747343616967531	0.072875617	0.13950296823748848	0.2793854889603431	0.11281588992234591	0.1488147056767371	0.3102319095787892
GU644719	0.2800000000000001	0.3940106034562574	0.7603893965437429	0.072880293	0.12123205547373678	0.2632150218841283	0.12330779379741723	0.1623269586481344	0.3113413397586515
GU644720	0.28	0.38034210737259877	0.7700578926274015	0.072882062	0.13547787387100735	0.2825233988496121	0.11811633897515107	0.16759495276577427	0.30487405198604167
GU644721	0.28	0.36257606711180834	0.7326239328881923	0.072892564	0.12665517578084712	0.28201544873292317	0.10387017055469927	0.15806381	0.3075668691872748
JQ685947	0.28	0.3850519896320892	0.7789480103679114	0.072873172	0.1385285269755494	0.2804359993945596	0.099225763	0.1591157503333714	0.30858744529957427
AY854505	0.34782608695652173	0.31049653114317577	0.7929817297263901	0.070175375	0.11784828939624381	0.25990761173519217	0.1528417065496721	0.15338325471451889	0.3114988937743943
AY854525	0.34782608695652173	0.3605587948434362	0.7611803355913463	0.065672176	0.12186007257844457	0.2661369857709297	0.15151987912172818	0.16074945778547195	0.31051265367000647
AY854531	0.33333333333333337	0.35509458655998505	0.7732387467733481	0.070214653	0.10537316102770275	0.27901687485515947	0.12461557994947751	0.164358474	0.31128143658314106
AY854544	0.375	0.3930646441485418	0.7511020225181252	0.073173258	0.12214383726960105	0.2670891415883347	0.14262296013500766	0.15907283490142393	0.3153826203980956
AY854546	0.375	0.3646729017782169	0.7561604315551171	0.073183434	0.12942133300006922	0.27257968762454643	0.12649610062582972	0.15711032827674853	0.2949078533552026
AY854558	0.3333333333333333	0.3659635345579717	0.7648697987753619	0.10177918631376344	0.12115252778936327	0.2747662342654756	0.11774874708029225	0.16605844642684076	0.3160281841932504
AY854567	0.36363636363636365	0.39187572542863797	0.7717606382077253	0.10748921933921396	0.12769651073476113	0.2808341708323443	0.11490022027430151	0.1653907758543836	0.3112916662079764
AY854573	0.36363636363636365	0.3566424385225735	0.7660848342046991	0.092593998	0.11967234038193904	0.2769036290889437	0.1148321859060465	0.15573662343239067	0.3011259748073529
AY854576	0.391304348	0.33765760721335414	0.7814728275692546	0.070328818	0.11996275883490541	0.2684233021662165	0.12050433364284974	0.1622880510575426	0.30107187257943424
EU345002	0.3478260869565217	0.35712036852262036	0.77766224	0.0811954	0.12176153137313449	0.2654722430777805	0.12735688841634202	0.1473234729108408	0.312057032
EU345003	0.3181818181818182	0.40714269242475776	0.7555845803025146	0.1092489855444086	0.13000874826724795	0.2636600385516084	0.1082345018946373	0.16564779946223263	0.30213464146517544
EU345004	0.34782608695652173	0.38700117355892305	0.7677814351367304	0.073119303	0.12633659586714563	0.27097898134135867	0.13050985351789873	0.15221411288635028	0.309459053
JQ685938	0.30434782608695654	0.37903855327999103	0.7896570988939225	0.099563187	0.1256810895026005	0.2656975610548761	0.13789116601259488	0.15566909968164983	0.3009438316722424
JQ685968	0.30434782608695654	0.3412695296720847	0.7735130790235678	0.099553875	0.12248538206425771	0.26479818463761906	0.14763351748993436	0.15450015830878283	0.2916892978205962
MW055084	0.3478260869565217	0.36307598419592957	0.7847501027605922	0.08980456	0.12362075864832645	0.28024894523641375	0.12944359561704671	0.15171332780557784	0.30462948339683793
MW055085	0.34782608695652173	0.3495847450374405	0.7947630810495161	0.089125421	0.11473994866545414	0.2801977958943278	0.12951677395561287	0.1611590156214917	0.3011211601341475
MW055086	0.29166666666666663	0.3638329326688483	0.7595004006644852	0.10698725234407853	0.12842852471504163	0.26356597623045847	0.1264468272429575	0.1470518821149981	0.30432470134305184
MW055087	0.3043478260869566	0.34859829014403115	0.7957495359429254	0.10572816867564545	0.12375361050612166	0.2655965451617933	0.12299119179625456	0.14289768125689023	0.29750190735966303
AF351849	0.20833333333333337	0.36485717107940874	0.7584761622539246	0.087264237	0.13815235932488729	0.273998221	0.093917899	0.1437978990045257	0.2954863723285508
AF394876	0.20833333333333334	0.35320813388369876	0.7426251994496345	0.080145964	0.12571148318468145	0.25092296880181114	0.11437463511342812	0.15113911132129837	0.30852245673760426
GU644760	0.21739130434782608	0.36312777247661665	0.7299157057842534	0.080136843	0.1244446294066758	0.261214365	0.094368571	0.1544791031884606	0.29442644979942406
GU644761	0.20833333333333334	0.37548420688532447	0.7570157931146756	0.087252913	0.12224805643838264	0.25982350852061076	0.094777895	0.1586104477656432	0.2850512576292129
GU644762	0.20833333333333337	0.3946266471572656	0.721206686	0.075804293	0.12685674440875572	0.2633266224273463	0.10105061860191569	0.1514524080990908	0.2982333744791704
GU644763	0.21739130434782608	0.35692170358512826	0.7891652529366113	0.080125138	0.10992114433611265	0.2828116077480181	0.094374002	0.1375122159107809	0.29542519887056296
GU644764	0.20833333333333334	0.3667132192303826	0.7582867807696172	0.075862943	0.11580967477866785	0.26793673686192765	0.10633676953843502	0.1393115890033323	0.2969744374035738
GU644765	0.20833333333333337	0.3746459787826033	0.7070206878840639	0.087259626	0.12131548586574664	0.27491351040004774	0.08985125	0.15625765653969947	0.2767715289381316
GU644766	0.20833333333333334	0.3686662961346977	0.7671670371986351	0.080118984	0.13034551291097432	0.2598563025922459	0.089876455	0.1427676130897524	0.29430928741572354
GU644767	0.2173913043478261	0.3536856446066199	0.7767491380020761	0.086312897	0.11735648843905558	0.2560285966829524	0.094376414	0.15236844553124745	0.2896237333731603
GU644768	0.20833333333333337	0.36794931522547086	0.7737173514411959	0.08726562	0.12824838880521489	0.2541494994909597	0.089859574	0.1546837476550011	0.2827413443672222
GU644769	0.25	0.3446707100116056	0.7461626233217282	0.08014066	0.11203361410208841	0.27026248991990814	0.075020687	0.1405730274353364	0.2737355843862067
GU644770	0.20833333333333337	0.3702211032393841	0.7589455634272821	0.098715894	0.11576548920900896	0.275122395	0.094358219	0.15036436103312378	0.3005011303866131
GU644771	0.20833333333333334	0.3383926876448846	0.7524406456884485	0.087262221	0.12477595962742041	0.2589573327064675	0.094371582	0.1336482965278701	0.3043224453551998
GU644772	0.20833333333333331	0.3614870069892676	0.7326796596773993	0.098722342	0.12590807092902273	0.2651966163482506	0.089850752	0.149270764	0.3054200592710221
GU644773	0.2173913043478261	0.35793675100962397	0.7516284663816802	0.087299555	0.12340445815484452	0.2720106512561293	0.094376414	0.15567993799165156	0.28861164159960806
GU644774	0.20833333333333337	0.3294985124562762	0.7605014875437242	0.08726562	0.13155265084327653	0.2675267691167129	0.082570149	0.14274417560307984	0.29444101045234194
GU644775	0.20833333333333337	0.34510081998037223	0.764065847	0.081059104	0.1278072375304024	0.2607648890572139	0.10835343882959304	0.14570212816905503	0.2965173740317978
GU644776	0.20833333333333334	0.32512166095106376	0.7690450057156032	0.087263393	0.12506026545403115	0.26745887530783186	0.089859672	0.14166785096436518	0.28942898089681296
GU644777	0.20833333333333334	0.3798888888888889	0.7501111111111112	0.094420955	0.12065958046290846	0.25771030228821584	0.094347359	0.1445596129900173	0.3023031330178205
GU644778	0.20833333333333334	0.36096516731303596	0.754868166	0.087267818	0.1284268369328352	0.2782120581255865	0.094347359	0.14995098527266165	0.2936810862789301
GU644779	0.20833333333333337	0.3261364711601825	0.7521968621731508	0.08726562	0.12266181415633765	0.27412845796578084	0.084833597	0.14164480180716907	0.2867538633065324
GU644780	0.20833333333333334	0.34461108180072797	0.7753889181992724	0.094402971	0.12786783304356464	0.2602454862577555	0.094352806	0.1621494332424593	0.28438539209965624
GU644781	0.20833333333333331	0.3582383839244337	0.7850949494088995	0.09758541	0.11778900210300654	0.27391887991535535	0.094349756	0.13805941140645173	0.28817066763714716
GU644782	0.20833333333333334	0.3908637245247387	0.7633029421419281	0.087262221	0.1308580240900296	0.270872311	0.094796945	0.13670074585487174	0.2909018312900671
GU644783	0.20833333333333334	0.36574426289081796	0.74258907	0.087262221	0.12620881198939185	0.26127308523739756	0.094796945	0.15330167482384247	0.2944416731709666
GU644784	0.20833333333333337	0.3672215157781593	0.7486118175551739	0.086266922	0.12600043042257525	0.25412631873621366	0.095697295	0.14498261662672926	0.2802534939133826
GU644785	0.20833333333333337	0.32504249591665857	0.7416241707500081	0.087286133	0.12101313172539759	0.2728884705652063	0.094349815	0.15227115794952323	0.287138647
GU644786	0.20833333333333334	0.3762872530065272	0.7412127469934727	0.094394336	0.12424564727684628	0.27812367371843144	0.094762097	0.14874249740340365	0.2941480640148517
GU644787	0.21739130434782608	0.34619312	0.7659807933392022	0.079551416	0.12648731272600888	0.2665454694271431	0.084848101	0.14307145424602308	0.2895570520524385
GU644788	0.21739130434782608	0.3497346493376469	0.7589610028362666	0.087280995	0.13269032604854242	0.2687222850749492	0.094799593	0.14635066792956367	0.29307632739189604
JQ685905	0.20833333333333334	0.3473959728262348	0.7626040271737653	0.087277236	0.1275331642461372	0.2661700760882213	0.094366122	0.14215959850518506	0.29750340154713933
gannoruwa_outgroup	0.2727272727272727	0.3516097356149689	0.7656629916577585	0.12942433216733004	0.13712197597849943	0.2783338220202376	0.09501401	0.14466713961381739	0.30131750072011887